track_id,track_name,artist_name,artist_id,album_name,album_id,release_date,duration_ms,popularity,added_at,explicit
6vvgZ1kNlBg10FHDo27fxk,Mehr Blau als Sonnenlicht,ALIVEMAEX,0aiBlkcHQ2Nqta7K7JBS3d,Mehr Blau als Sonnenlicht,75NZLMXHMgBq0fCuAAjPCK,2024-03-29,295756,21,2025-09-22T23:23:25Z,False
1HJYelMqIP4xckJTBMv5BE,Until Next Moon,ROÜGE,0TcG5lNGilB4tBNdhcOaAU,LEGACY,0iBzOQ0XTuJKD8dc0h8oOm,2024-04-23,291428,11,2025-09-22T23:15:52Z,False
4AiARWw7SPRbjBpaSLBgGK,Purple Reflexe,Pavel K. Novalis,2JPXWORFInQyYv76heaFJv,5 Years of Rave,0OpMtbdzpY6PXJqir2Nfno,2021-04-30,370000,6,2025-09-22T22:26:34Z,False
7oncLeIzUPgJf4a6jm1c3e,THIS FEELING,"DJ Anemia, crier, sixnite",6vvNcm1On2wFwZNXB63a7B,THIS FEELING,4QbF9gd2zeyd3Vxg29NbWS,2025-02-21,122482,66,2025-09-20T03:28:01Z,False
4oodd2Z1U6Xg5tWMiUb3DN,Unendlichkeit (Remix),"MilleniumKid, JBS, The Boy The G",6nJEMDVNcq7fduXgk7EdGG,Unendlichkeit (Remix),0YbUsjOo1ElaU4MmKpzN9o,2023-09-22,172764,70,2025-09-20T03:21:49Z,False
2nWw7VrUn8Ijo45K6WIIna,Vielleicht Vielleicht - Holy Priest & elMefti Remix,"MilleniumKid, JBS, Holy Priest, elMefti",6nJEMDVNcq7fduXgk7EdGG,Vielleicht Vielleicht (Holy Priest & elMefti Remix),7JOCzybuSFKj4TyMHBY9My,2025-04-12,169818,76,2025-09-20T03:17:17Z,False
5ybhzc1JrHibxZCqh67DMu,3.5 Mins Of Acid,KI/KI,0UMs6dTf23FC2fHc40fXNS,slash 010 - 5 Mins Of Acid,7kPaOFIJ0jqmVtMJBKJpRY,2024-06-28,211862,44,2025-09-18T22:14:45Z,False
6i7EW5BMY2KYC4IG1t8MVV,Sleep,EFESIAN,1fZOavLEMJtVzDcFGVPHWC,Sleep,3ZujLQErXSVxHHdztPQCvM,2025-03-20,218630,38,2025-09-18T22:11:10Z,False
6RzYZKKMXP0GkKBsPqBXHY,Mazda Fever,Dica,3HXEmYGjG0L8O9Pt0wRlnQ,SNRVA007,3AmYqkEpj1V8duk40kMl7R,2025-01-07,364612,15,2025-09-18T22:03:09Z,False
2TYJ9tNQ2qlpo0Bm7qhaNi,Робот,t.A.T.u.,2Q3eZMfDQgT8MhPowKFXYO,200 По встречной,1Sh5wXsKdvWxovnLp57jXw,2002-01-01,231186,42,2025-09-18T20:35:21Z,False
7pDI2bx4HABLftXYtjlFGS,Нас не догонят,t.A.T.u.,2Q3eZMfDQgT8MhPowKFXYO,200 По встречной,1Sh5wXsKdvWxovnLp57jXw,2002-01-01,276000,50,2025-09-18T18:05:21Z,False
5jmqf0BMOKEcC8pMC2OiGo,Клоуны,t.A.T.u.,2Q3eZMfDQgT8MhPowKFXYO,200 По встречной,1Sh5wXsKdvWxovnLp57jXw,2002-01-01,210232,35,2025-09-18T17:51:34Z,False
52ikpG7wqDrqAkocLVJjrx,Echoes,"Hard Target, Clouds, Tommy Holohan",5LLlED82Hj5MynXM2fqpe0,Echoes,0ljVI00UXLSt2VNOH9B9rk,2023-10-27,361306,32,2025-09-16T17:49:23Z,False
11XXS0DhIQJp2wlgoFiBIM,Show Me The Sky,"Tommy Holohan, Megra",19KYorPPDJewrAXMeoZccy,Show Me The Sky,2EnEIl36mvSSz0iMNtPawb,2024-06-27,304000,44,2025-09-16T17:48:29Z,False
2PSjplBcb9xHYgZdTurg88,Queen Of Swords,Desirée Falessi,3YPJmqPLtlrRR4oiJquoNF,Queen Of Swords,7eHRGdkgXkVP8nVkxLrCa0,2025-02-28,401773,10,2025-09-10T23:45:50Z,False
2N82rmvgNW6ApPIeR3uJ0C,Gatekeeper,TINKERHELL,0Y1HdImRNp7q0Qfw8dhmWF,Gatekeeper,7Ibyl4ZQcPOvJBlxtM3f5Q,2024-05-24,393334,12,2025-09-10T20:24:26Z,False
1q3dCy2aJnhcq3Goqy5oV5,Together,DEFLEE,6NYk37VVNCBzIv5R12b7A6,Muffle,6ZUlm8fPX6FgOzdPc5IYRK,2025-09-05,320122,18,2025-09-05T17:52:09Z,False
3SHqcu0jDd1ou4StcHeU4p,Muffle,DEFLEE,6NYk37VVNCBzIv5R12b7A6,Muffle,6ZUlm8fPX6FgOzdPc5IYRK,2025-09-05,307566,23,2025-09-05T17:47:10Z,False
6p2sh70Zowkw47cG0TkXg0,Phonky Tribu - FUNK TRIBU SPECIAL MIX,Funk Tribu,1vK8NnrPlBlF34LaiFX1SK,Phonky Tribu (FUNK TRIBU SPECIAL MIX),3BFyHCejP6f2NLXQK4Xzfb,2025-08-29,186095,51,2025-08-29T19:33:39Z,False
1HLn3hITdl2Zo33y0v6mf3,Drop It - Charlotte de Witte Rework,"Scoop, Charlotte de Witte",0Zur4QJ1dnchOrcH8HNxGS,Drop It (Charlotte de Witte Rework),3iGB5kHsek3qr6z8ydgFfB,2025-08-07,343536,51,2025-08-27T06:49:58Z,False
2uqvqso78vtVNyf8yn535h,Sex Appeal,"Sexy Sushi, Rebeka Warrior, Mitch Silver",6yNXUzxIakMVY5LoVgZGHG,Marre marre marre,1UWUn2N5ni5VuC14rNHqhK,2008-03-03,209880,53,2025-08-23T20:09:49Z,True
42GfEoU1pBpvmPJRbyL81U,Someone To Hold,"Reinier Zonneveld, The Subs",21A7bhIL1m6CNZn8y57PIZ,Someone To Hold,6XW9jNWhZuRxc8WgPlwGs6,2025-08-15,243200,46,2025-08-18T16:37:04Z,False
6dvYV32NHPUM2fSMbwK8O8,One Thousand Cigarettes - Radio-Edit,Tham,609hP92W6p3l5agWsi1pnb,World of Rave,5UNVhrwYYBqh8Xk89Irqsn,2025-05-30,202298,33,2025-08-12T03:33:41Z,False
3gJ16QEGGhLFPNLvbXgB1u,Losing Control,"KI/KI, Marlon Hoffstadt",0UMs6dTf23FC2fHc40fXNS,Losing Control,4x4LKLSlnUfLVCHKDmD9LV,2025-08-08,170270,71,2025-08-08T17:59:32Z,False
1MDyUzZgyrdeQVmV1FU3WQ,Als du gingst - edit,"Contec, Lina Maly",2BFFFDU8cOaMWt7i2BHLtX,Als du gingst (edit),24CMRdb9SWlm08gBNhWD3F,2025-04-29,239019,72,2025-07-31T16:45:03Z,False
0Fe3WxeO6lZZxj7ytvbDUh,Dashboard,Modest Mouse,1yAwtBaoHLEDWAnWR87hBT,We Were Dead Before The Ship Even Sank,2lXBCL76UL5PCPbfAqKBkz,2007-03-20,246173,62,2025-07-30T20:10:18Z,False
2qxaiv9ZSeRhVBe0zGZaAa,Nothing,"Jeff The Fool, Fleur De Mur, Georges",6ecEpamJKkgb4604pUpCTp,French Lessons,0QSL0gAwL1MKg3k4VHs1n4,2025-05-02,209548,10,2025-07-29T18:08:09Z,False
7nSWCkjufj2nFjVPdAyNRh,French Lesson,Jeff The Fool,6ecEpamJKkgb4604pUpCTp,French Lessons,0QSL0gAwL1MKg3k4VHs1n4,2025-05-02,148384,9,2025-07-29T12:40:10Z,False
4Gd5Cxw7V4JCM9Uj6VpiwL,Prayer - Edit,Prospa,6HabM2PUM519iIxervGWSb,Prayer (Edit),4fW8eARlhtdJkC2b3IeolF,2019-01-25,226341,51,2025-07-18T06:29:10Z,False
1ssOMVb1Z1Ymk3xhNT9WFx,CHROMA 001 HELIUM,BICEP,73A3bLnfnz5BoQjb4gNCga,CHROMA 010,3Ny8QJii9zz7d3Qs4I8WmB,2025-06-04,287447,28,2025-07-17T20:09:01Z,False
4pBufwWdo0Cfiq5gLvatT2,CHROMA 005 A.L.O.E,"B.D.B, BICEP, Benjamin Damage",6sXF3naVGIqO5axr7EVgPi,CHROMA 010,3Ny8QJii9zz7d3Qs4I8WmB,2025-06-04,310066,29,2025-07-17T19:42:46Z,False
4eadlIq69U6dVpnGWwvzRe,CHROMA 008 TANGZ,"BICEP, ELIZA",73A3bLnfnz5BoQjb4gNCga,CHROMA 010,3Ny8QJii9zz7d3Qs4I8WmB,2025-06-04,312307,32,2025-07-17T19:36:11Z,False
0GUhOjgRbZnsqmaz9rxhVr,Dance Without You,"BOABOA, Eros for you",4mKUe5fXczBct2trum2q1o,Dance Without You,5OpKlmpZ98jUQMeoVuNYAF,2025-06-20,165000,46,2025-07-17T19:18:47Z,False
6IDywtwTrAkEsmJkPSNs27,Toter Schmetterling - Single Edit,"Klangkuenstler, Sant",6H77vD9YyhyxHBTkRpbMBk,Toter Schmetterling,4TIt20JTmC6Vr99zuoSQlf,2025-02-21,164615,55,2025-07-12T17:36:24Z,False
1KOTY2OVnEgua9eY76WxvT,Azul,Funk Tribu,1vK8NnrPlBlF34LaiFX1SK,Azul,78gBvcyXKwElhWgNWECcD4,2025-06-06,226831,62,2025-07-09T15:24:05Z,False
21kPwrdkfoolgxjiRQeGiH,Forbidden Voices,"Odymel, Funk Tribu",7c4fOBUstnjfbvSwtOJSiA,Forbidden Voices,7o06LXJpKCaA1zUcw4hDF5,2025-01-24,200166,56,2025-07-09T15:20:41Z,False
4zVW72cpTOZZ8v7c0caayk,Pyro,"Mike Williams, Blinders",3IpvVrP3VLhruTmnququq7,Pyro,5ZAMzigUE1zZDhcPtnuECJ,2025-07-04,147272,40,2025-07-08T17:49:11Z,False
6PhwcqXdFyeEmH5Z4I3zy1,Don't Stop,"MaRLo, Lockdown, .EXA",2kd1zg9ZyGG6WjZO2dAsFd,Don't Stop,2EtJ07bjPqLWJlgGhlkGaV,2025-07-04,169014,36,2025-07-08T17:42:58Z,False
0ZY1TYRRPpEAu1KUuxnaKM,LEGACY,KAS:ST,7orlzf5LTqSnCzURkZFebN,LEGACY,5o4rfjlvkETwHpsMpaAaF3,2025-05-16,205589,36,2025-07-08T17:25:34Z,False
4UTDJfQJr7my95FERZXg9Q,The Tribe,KAS:ST,7orlzf5LTqSnCzURkZFebN,The Tribe,6cUXNKnj5dLPYhOQ2MSfYb,2025-07-04,257142,43,2025-07-08T17:18:47Z,False
5sHSOdyd964XLnvaHeQWZF,Urartu,Anahit Vardanyan,3B0Z2WunAUciyiCc3DsnAa,Urartu,1XoZDk409qgEEnLUXlwi6y,2025-06-27,407986,19,2025-07-02T00:59:03Z,False
2dQ1P3FfppljdHuSTYp2QX,Ember,Einmusik,1LXTXZjheh25pXMEUT9iC1,Ember,23LmtyjQPhdhVo8KqaxWmj,2025-06-20,415558,27,2025-06-26T14:14:15Z,False
0F3DdOECeVoVaELgPcYiSf,Tanya (maybe life),Fred again..,4oLeXFyACqeem2VImYeBFe,Actual Life 2 (February 2 - October 15 2021),0SFtIrRytNI4kcf93Tbhdf,2021-11-19,316129,46,2025-06-24T16:43:45Z,False
0qMZXgcLfkl5RI3q50KHMH,Dumbest Girl Alive,100 gecs,6PfSUFtkMVoDkx4MQkzOi3,"10,000 gecs",2XS5McKf3zdJWpcZ4OkZPZ,2023-03-17,137440,58,2025-06-24T03:37:42Z,True
6jlG8gBPNAgBgoivw2Ig09,DEVIL IS A LIE,Tommy Richman,1WaFQSHVGZQJTbf0BdxdNo,DEVIL IS A LIE,4WvcBQIZXspq4MYyEPNem2,2024-06-14,130944,73,2025-06-22T03:32:44Z,True
0oFOSTUaQ0t22nnQBHufUZ,stayinit,"Fred again.., Lil Yachty, Overmono",4oLeXFyACqeem2VImYeBFe,USB,6CNWkUVb8kLkM3B464RMTx,2024-06-14,274925,22,2025-06-18T06:27:06Z,False
7ypsggTPfNl8KahWWD6XUw,save me,skaviński,5Oj63iJRdqjYznBuOGct8Z,dance love cry,46iaKNu2sajiPELfCCa6ac,2025-04-25,262000,35,2025-05-29T23:34:04Z,False
0RBOx7k5d3y2pSmtHB1Asg,Don't You Feel My Heart - Edit,Butschi,5w2AnakbHiabcr3RZPLqr5,Don't You Feel My Heart,27lLnw0Tu3x5aRWOC4AHAd,2024-05-17,178064,44,2025-05-27T13:51:53Z,False
7G596GJow5bloojRLVf2hw,Knife,MØ,0bdfiayQAKewqEvaU6rXCv,Plæygirl,7gT1PWuFHJMn0gFxHKZROu,2025-05-16,184617,35,2025-05-20T02:50:33Z,False
0xwRtdUUVTfOkseJIzC8T2,Who Said,MØ,0bdfiayQAKewqEvaU6rXCv,Plæygirl,7gT1PWuFHJMn0gFxHKZROu,2025-05-16,187348,35,2025-05-20T00:39:54Z,False
0l4TR1ypNNjgPqWE45Lgtw,Au Revoir (feat. Sido),"Mark Forster, Sido",7qXzy6c5RWT0XlVQcOBIDG,Au Revoir,5BGgVKFLQpXsM6m3P5PISH,2014-05-19,202400,25,2025-05-09T04:03:28Z,False
40xiBK3bcoeDqFsp7iMfz8,LEFTLOVERS - Original Mix,Krl Mx,49e9A9elFAUS9sCDMTyiWC,Manifesto 666,473CClzykdS93ZpRZI5pWO,2022-08-09,424091,13,2025-05-04T16:49:38Z,False
7uTLJJ0mb3LCsICzSlKrlR,El Medano,Thomas Lizzara,6WqAx7kpPz11g54zvpcOuU,El Medano,39n9hXab7m4eYvS64UN0Vz,2023-03-10,509346,33,2025-05-04T15:24:12Z,False
0gNdnznYbvnHLNzP3zmNQ4,The Point Of Living - Omnya Remix,"Giolì & Assia, Omnya",6mM9a86Nrw0y7f9MaJGbpU,Resurrection (The Remixes),6KuVm6hGrlDqtZ3mzwSqdQ,2025-02-21,232380,39,2025-04-20T19:51:56Z,False
3FtoFV2jACKn22Ym5OGiX1,Sound Of The Soul,KAS:ST,7orlzf5LTqSnCzURkZFebN,Sound Of The Soul,15zaowOyWZnfHICcC7VT2C,2025-04-11,236692,37,2025-04-17T01:41:01Z,False
5RXXZrbsPprpVXpSPRRiWU,oxytocin,LEEPA,066IQRKXdi1o3b9yGxA2SD,oxytocin,6ck0UhSMZpebRzXeiBYoQU,2024-06-21,158816,29,2025-04-15T20:37:09Z,False
0zsE0og8kz0nddQFeNrgPG,Traum,"David Löhlein, VELA",2RibmjRGf8SiwxdCQZ9N1C,Traum,2nbJe0AgTzQsQYvd3ZXECP,2025-01-17,214800,55,2025-04-15T17:00:48Z,False
68nR0VexSNqdGLzSclaZtG,Fliegen davon,"MARA, VELA",67zxtspF6QzJlc2a99yKwB,ich und meine freunde,331CItXpggBo2R66m3DHnY,2025-04-11,122360,11,2025-04-15T16:51:48Z,False
6yX8Irbef6TNTgX3joPSsL,Foolish Heart,"The Polish Ambassador, Dead Polish",2dI9IuajQnLR5dLxHjTTqU,Foolish Heart,6GugxZasEqWSdW5X4rwVXh,2025-03-26,297368,19,2025-04-07T14:45:18Z,False
2LqVToqMz0bSic6o359KbT,Love Me Or Hate Me,Miguel Campbell,4uZJDUKi3NXQsuMKP3rOeC,Love Me Or Hate Me,31gLF4trenpgZUihHUyy4N,2021-10-01,264406,14,2025-04-07T14:40:52Z,False
4CMMYnsYsM7gY3Gf7j10yf,Be My Lover,"MALUGI, Paul Sirrell",50udUOTR7dQUgyPwPuCLM6,Be My Lover,5ej6OUxhJ6XNey2Il4svaW,2025-02-28,155586,51,2025-04-06T18:21:58Z,False
0SyWhkrm6yBPgqliVB7MP9,Knees Break,"MALUGI, MCYL",50udUOTR7dQUgyPwPuCLM6,Knees Break,77FcRYFTPoemKvDGLZ4s0Q,2024-10-25,148965,50,2025-04-06T18:21:51Z,False
71VdDpjM7OR2pnX9PZhf3q,Get On Up,"MALUGI, Narciss",50udUOTR7dQUgyPwPuCLM6,Do It For You,3DP6iVxhvU8EQURr1sZ2cP,2024-04-19,173208,37,2025-04-06T18:21:24Z,False
2RiY2yq596cGLXBiHasCcp,Summer Of Love,Andrew Meller,0kDJVZD3Kwg7YbFXqDI1Gm,Summer Of Love,3P0xhVSqvfJEWqwcwpqPOO,2024-05-03,372000,18,2025-03-20T14:46:46Z,False
7tSi005y4AZaL8SNpOMhqk,Blink,Amirali,5HbNxuQxsJRdjqfJ6wNh17,Blink EP,3ruFdmG6BZBxGSDOm2y8aM,2025-03-14,379903,9,2025-03-18T13:50:08Z,False
0yKN9B3jYONUyvqrGkNUPX,One Night Of Love,Marlon Hoffstadt,0HHa7ZJZxUQlg5l2mB0N0f,One Night Of Love,1zez4j3KxpibZsH4ztNerl,2025-03-07,211893,59,2025-03-09T16:08:17Z,False
5su8Hl3YmYuiirnAptsYOI,No Lover,AIROD,3oPI0nOC7MHooFy5qDsFrv,No Lover,3qSZoTiOsJFTgtpQXrYoOU,2025-02-14,142124,25,2025-02-26T14:43:02Z,False
5MMkSuKlwpQrZrIcS4g7dK,Antarctica,Men Without Hats,34PLzyi7CdXUekiLHYyqXq,Greatest,0qj6LhMLgU1ferLbZ8Rbnw,2013-02-11,206026,28,2025-02-19T05:07:50Z,False
6TXHjBe9qtaT2FbMfddcME,ラヴァーズ,7!!,3rJbSZv98yyWLNOvD6MsAV,ラヴァーズ,4tG3LqrNEgobkOqBxZOfmd,2011-06-29,222013,37,2025-02-15T22:49:26Z,False
2xkn18PZVf7DGtpOOADAPI,Number One,"Tommy Genesis, Marlon Hoffstadt, DJ Daddy Trance",2qDdxfKUpYg8wc49KIuT3b,Number One,0iA5ZIMgD6y29Oqh3MY2sq,2024-12-06,174250,37,2025-02-15T18:25:32Z,True
4rtPrDImV3Zvz0033ePqdK,Sunglasses at Night,"Reinier Zonneveld, Tiga, Zyntherius",21A7bhIL1m6CNZn8y57PIZ,Sunglasses at Night,2pvbQAohhuoYeO2sJpdVGe,2024-08-16,225222,36,2025-02-06T16:25:09Z,False
7zPzJEtROP1tnEc7aMDUdL,Bending The End (4AM Mix),"Reinier Zonneveld, Cari Golden",21A7bhIL1m6CNZn8y57PIZ,Bending the End,4dLvSLroLhdwi93b0fpDQX,2017-05-29,492480,8,2025-02-06T16:15:24Z,False
4jbmgIyjGoXjY01XxatOx6,Dark Horse,"Katy Perry, Juicy J",6jJ0s89eD6GaHleKKya26X,PRISM,3jB9yFDwRe3KhtGnHXJntk,2013-01-01,215672,80,2025-02-03T00:21:24Z,False
12zVdigZKf0DIyOZPmlRxE,Love,DJ Traytex,6mrd6VB8APeUr5ATWunRZX,Love,5wwsk6BtnVSGI6s3YcSNSH,2024-11-08,221266,32,2025-02-01T01:15:21Z,False
0Bc7D2OpXdj5cvu5YKod8z,fucking highschool people,MRD,4bpzygoBaq9IUDs3XAxqpR,fucking highschool people,2JY2jO4bnETjAmxqY0Jd2H,2024-07-10,225375,36,2025-02-01T00:58:40Z,True
0QF02YFlAgQcduyidbwuxg,Make Me Feel,"Funk Tribu, Upper90",1vK8NnrPlBlF34LaiFX1SK,Against All Odds,7zN9akvqHX67uHiFTNE3Td,2024-10-04,245124,46,2025-01-30T14:45:24Z,False
5jufho0iIiwJweoZq5bBPr,Bella,"MARA, VELA",67zxtspF6QzJlc2a99yKwB,Bella,4HLk9ZLxcZJEGgcH5z3Wnp,2023-11-03,172680,22,2025-01-30T14:35:13Z,False
0xPKx6lhxkSZpRfoIzkGIQ,Digital Mess,"Funk Tribu, DJ Traytex",1vK8NnrPlBlF34LaiFX1SK,Against All Odds,7zN9akvqHX67uHiFTNE3Td,2024-10-04,204139,39,2025-01-30T14:25:41Z,False
4N28QlYB0XW6H5gaXBHt6T,1992,No_4mat,0KWgRtUbQXSiICkWp7g213,1992,3gNtt70QYQyMMROaaylzSB,2018-11-16,404998,46,2025-01-22T17:55:43Z,False
2X485T9Z5Ly0xyaghN73ed,Let It Happen,Tame Impala,5INjqkS1o8h1imAzPqGZBb,Currents,79dL7FLiJFOO0EoehUHQBv,2015-07-17,467586,81,2025-01-21T13:57:02Z,False
1mCvM05OlYWQd77RDxCTLD,Life Worth Living,LAUREL,6y6iXD929Jqq0xc6lgwhl1,DOGVIOLET,6CIanwE77USA9tyvHJ5TZF,2018-08-24,244561,62,2025-01-20T16:27:16Z,False
2MNZoKTpk2jYMIjTKihdaH,Want My Love,"MALUGI, WOLTERS",50udUOTR7dQUgyPwPuCLM6,Want My Love,65K88KCZBgjznXdSfCUxeE,2025-01-17,198750,52,2025-01-17T13:46:02Z,False
7379uubtjZDDT6Phsj4nhj,Estallando Desde el Océano,Sumo,10AzTrYMPVVmpKoBP5bX9W,Llegando Los Monos,2kn0EF90FuahMHtPpwVsX4,1986-04-29,214146,50,2025-01-14T19:04:48Z,False
66grIvFLGrI4tNhggO2DAd,Cerca De La Revolucion,Charly García,3jO7X5KupvwmWTHGtHgcgo,Piano Bar,17utekM9a95MchXbkbh47k,1984-01-01,280546,54,2025-01-14T18:48:45Z,False
3obYcaXHdTB1EvZE3PVQhd,Tu Amor,"Charly García, Pedro Aznar",3jO7X5KupvwmWTHGtHgcgo,Tango 4,0JTWqpFlJobaZW5V0Y0R5T,1991-04-29,186466,57,2025-01-14T17:29:07Z,False
6P6rudfmKr7FyArdyEs0Mk,No Me Dejan Salir,Charly García,3jO7X5KupvwmWTHGtHgcgo,Clics Modernos,3OyBf97NOuJjhEpQHY920H,1983-11-05,263200,59,2025-01-14T17:26:16Z,False
3k9dGCm2R2Y70e87aMHYC3,Hablando a Tu Corazón,"Charly García, Pedro Aznar",3jO7X5KupvwmWTHGtHgcgo,García 87/93,7yNFDuCsXe2P0DSenIMKxk,1993-10-26,255266,60,2025-01-14T17:22:12Z,False
4VikOud5ZmdmHH6h7uQeDB,Nos Siguen Pegando Abajo,Charly García,3jO7X5KupvwmWTHGtHgcgo,Clics Modernos,3OyBf97NOuJjhEpQHY920H,1983-11-05,206720,64,2025-01-14T17:06:52Z,False
29iIRrSuANyjnwag69PHOJ,Demoliendo Hoteles,Charly García,3jO7X5KupvwmWTHGtHgcgo,Piano Bar,17utekM9a95MchXbkbh47k,1984-01-01,135973,63,2025-01-14T02:25:29Z,False
35sdZvYe8buYBWM7nQj6pI,God Music - Radio Edit,"DuMonde, Santoshi",4YmbYhAP7GdWZ5ehBTtDW4,God Music,2XFuBJwi7POquHvFrZcKag,2002-09-02,199000,18,2025-01-08T00:55:51Z,False
6Np3PMHwuXTASxY6zUfnx9,This Is My Sound - CJ Stone Radio Edit,DJ Shog,36g2U19HPpLeY5FyrPhrfp,This Is My Sound,20koZfrS5bGO2GIocrLcXc,2006-01-16,210106,33,2025-01-08T00:34:44Z,False
1V0izoesruT4tuE1DKC61C,Open Our Eyes,Insigma,48u6pSselErHWD4GdhNJlm,Open Our Eyes (The Thrillseekers 2020 Vision Mix),1jZTyMSGizaEtLn17DuGSg,2020-04-24,241816,36,2025-01-08T00:29:39Z,False
5pwrdaGMwQQvUAZHxuREw3,Light a rainbow - CJ Stone Radio Edit,"Tukan, CJ Stone",4LxjGA7TrtadbDobsIumCE,Light a rainbow,5soklAatQqGk0XzuXZ7EjO,2001-04-30,214466,40,2025-01-08T00:21:37Z,False
1rYrmHEVj9JFmo8C9hFTkj,Silent Heart - Voodoo & Serano Radio Edit,"Green Court, Lina Rafn, Voodoo & Serano",74jsi7l0vNMMxyZYhOCgVN,Silent Heart,4ReTDREgHaJbyerrJtaICU,2002-06-20,211346,16,2025-01-08T00:17:57Z,False
7EhmKFtVbCSCp551aRXxPB,Silent Heart - Flutlicht Remix,"Green Court, Lina Rafn",74jsi7l0vNMMxyZYhOCgVN,Drizzly Presents For Dj's Only Volume 3,5MvbwB3dqDv4YwpYswVmGt,2009-11-13,482246,0,2025-01-08T00:11:19Z,False
3GDlHwuzNQGR1QZthgepoQ,Inside Your Gates - Cosmic Gate Remix,Green Court,74jsi7l0vNMMxyZYhOCgVN,Drizzly Presents For Dj's Only Volume 3,5MvbwB3dqDv4YwpYswVmGt,2009-11-13,471066,9,2025-01-07T23:59:33Z,False
6R2TSs7XaceEyovdPOr5Rt,I Wanna,"Jim Jonathan, Centre Court",72w1EkEE1vlElW5FnbVAiY,I Wanna,4qE3DiAGExwNVDXsd8uUuv,2024-07-12,178838,45,2025-01-06T13:08:19Z,False
2IkhVn22dipV80PXKhy8JY,Sacrifice,Full Intention,1tayOcNuoYWnrXeuh1HhXB,Perspective,5yq4mAx1CA9Km8MfNrwt2M,2013-11-18,362528,0,2024-12-29T04:16:50Z,False
6yASqy19mcoL7cP4Y57U9s,As The Rush Comes,"Motorcycle, Gabriel & Dresden, JES",7DZ9xBelM79Mlk3Weia4oD,"As The Rush Comes (Collected, Pt.1)",10H6u8TyzONLGsizozQuFU,2018-06-07,212000,57,2024-12-28T19:18:03Z,False
1txpRK0vc1KrQZB11uuQ2U,Shining - Tiesto Remix,"Green Court, De/Vision",74jsi7l0vNMMxyZYhOCgVN,Drizzly Presents For Dj's Only Volume 3,5MvbwB3dqDv4YwpYswVmGt,2009-11-13,565002,5,2024-12-28T18:57:23Z,False
6Sut2jMsmtx3ZFeJQP6jV4,Roll the Dice - Konstantin Sibold Remix,"Bart Skils, Konstantin Sibold",6iWBjg4b4ll4jLiParnWXT,Roll the Dice (Konstantin Sibold Remix),3WOPS1tdtkUaZ9fU9Rm1J0,2024-12-20,285235,49,2024-12-26T19:46:17Z,False
0YIk4KxYWhGKLnsqgMyf8u,Mira,"Deborah de Luca, Frankyeffe, Njira",144HzhpLjcR9k37w5Ico9B,Mira,6PpW0mcOGBhcomxpJbfkEZ,2024-06-14,357482,38,2024-12-19T13:51:02Z,False
4EMEqHr2OoobVApJlz4sV2,ENERGY,Victor Ruiz,0xgdNNa5mIbnJKp8AG8S4z,THIS IS NOT AN ALBUM,6MdQHR6deZ4QIzEdnWOCJt,2024-08-08,377370,44,2024-12-19T13:37:52Z,False
3if5OebGvCHYFUrgWbcNq2,I Need It More,Hannah Laing,1QEd635szhierW6gzRiS1o,I Need It More,1xy1SNciNQEj4B9Aqd299d,2024-06-07,158167,47,2024-12-19T13:20:59Z,False
74s4hPfeEUVYLxa7i68ygP,DEINE LIEBE IST FÜR MICH,"ATZENPUNK, Kalte Liebe",472NR5RtUcH7A17M1GThHE,DEINE LIEBE IST FÜR MICH,6ttUWjGJvML5hFG6Eqno7q,2024-12-15,264000,22,2024-12-17T16:04:45Z,False
6Fme0qXTmXtkjYKZ7ZrtVH,cul de sac club,sunflwr,1vXY7FiXJPu6j456ZcrtIF,lp trading sessions,1ickZqtGIXO8Ynq8HML2xO,2022-04-27,196923,46,2024-12-15T02:40:50Z,False
4A8tKYA7gwZzQ4jVwIv1sv,peace u need,"Fred again.., Joy Anonymous",4oLeXFyACqeem2VImYeBFe,ten days,3DQueEd1Ft9PHWgovDzPKh,2024-09-06,344068,58,2024-12-09T17:23:32Z,False
6slWUMiyoNNWcQGu6tkTlH,Leni (Crystal Castles vs GoodBooks),"GoodBooks, Crystal Castles",0pwItbAKmeSTovWzxzkkbg,Control Freaks (The Remixes),4lPBSP3DIiXn2ktREAsoHw,2021-11-18,256398,67,2024-12-07T23:00:38Z,False
6iE0VNpMQKcIdpst3Gg07J,Fliegen davon,"MARA, VELA",67zxtspF6QzJlc2a99yKwB,Fliegen davon,5qfDg7C3rvQGmIXa1HO659,2024-05-03,122360,30,2024-12-03T22:32:40Z,False
2WkQHb5B2D2iuA8N6yuDPS,Be The Only,"MALUGI, Interplanetary Criminal, Coach Harrison",50udUOTR7dQUgyPwPuCLM6,Be The Only,5gIaxf4PYVDsJovHklrbtu,2024-11-29,210346,48,2024-11-29T15:11:02Z,False
6v2t8IeVm3UMt9eqXe0y3O,Tut nicht weh,"MARA, VELA",67zxtspF6QzJlc2a99yKwB,Tut nicht weh,5HKWxDe8DirqCnUUv4yija,2024-09-06,140250,28,2024-11-27T22:37:52Z,False
1clsf1YjKNHVUonDva4fnk,To Ashes and Blood (from the series Arcane League of Legends),"Woodkid, Arcane, League of Legends",44TGR1CzjKBxSHsSEy7bi9,To Ashes and Blood (from the series Arcane League of Legends),3tm2lX4PPpYX1aRAJrgl2R,2024-11-09,245626,64,2024-11-25T00:15:52Z,False
540k1IRl5UPMhVhpu1LRQ3,Sucker (from the series Arcane League of Legends),"Marcus King, Arcane, League of Legends",0FeWKiZSwBRdGzqeCdlH1a,Sucker (from the series Arcane League of Legends),7hQaRZQoy3R7ni0PzKajXT,2024-11-08,224293,60,2024-11-24T23:37:30Z,True
0i77506epd8NgmHxZwMOwS,Heavy Is The Crown (Original Score) (from the series Arcane League of Legends),"Mike Shinoda, Emily Armstrong, Arcane",6xBZgSMsnKVmaAxzWEwMSD,Heavy Is The Crown (Original Score) (from the series Arcane League of Legends),2Iu5auPZp12ftZiNv0eZP5,2024-11-09,101533,53,2024-11-24T23:28:28Z,False
4lriIG2vNqwDWzOj2I9rtj,Ma Meilleure Ennemie (from the series Arcane League of Legends),"Stromae, Pomme, Arcane",5j4HeCoUlzhfWtjAfM1acR,Ma Meilleure Ennemie (from the series Arcane League of Legends),3ZZlKPrWKSVI28zT3AGLQB,2024-11-23,147973,75,2024-11-24T23:27:04Z,False
62AdLIvL8qZYX0FhxVJLND,Snakes (from the series Arcane League of Legends),"MIYAVI, PVRIS, Arcane, League of Legends",7sBtBCNVRujQhaHDODkfTN,Snakes (from the series Arcane League of Legends),2OpCTw15JLMqUTeBAA2yd7,2021-11-20,161376,64,2024-11-24T03:31:18Z,False
5NoIDaacAEA4UEWn9qXIhA,Duality,Montee,2rgFqpsqtoEJGOr0JzFxtG,Duality,5t4AQmpVHpPk8vEoLRTlGJ,2023-02-17,206116,59,2024-11-21T02:12:08Z,False
7dsO7sKTEdix1pe1t7SmP0,Sucker (from the series Arcane League of Legends),Marcus King,0FeWKiZSwBRdGzqeCdlH1a,Arcane League of Legends: Season 2 (from the series Arcane League of Legends),6Db8Sq5w6Brg7lkpg7Y9ls,2024-11-09,224293,0,2024-11-20T21:13:48Z,True
06cX1gmzT8uBgPD5eYY3fJ,Tränen stillen keinen Durst,Kalte Liebe,4V8AR3bBMhrLaWirYLKBEe,Tränen stillen keinen Durst,4izpDFkufU4Y6OW89a0sbu,2024-10-11,176250,37,2024-11-19T20:56:22Z,False
3On3JXvDl80XnpOaxDpjpr,Your Old Friend,MATRAKK,5YJQDXCY8nFTf6BuHcYvJn,CONTRE-SENS 2,0xO3AlKIcTEdzaOJTnJVnc,2024-01-25,351000,12,2024-11-19T20:28:05Z,False
0eCJ7PjUWfepLhjNezfn1W,Souvenir De Toi,"MATRAKK, Morgane Rey",5YJQDXCY8nFTf6BuHcYvJn,CONTRE-SENS 2,0xO3AlKIcTEdzaOJTnJVnc,2024-01-25,384000,9,2024-11-19T20:05:29Z,False
1vLVaxrLNu7YbBTbIo7eu0,London Sound,MATRAKK,5YJQDXCY8nFTf6BuHcYvJn,CONTRE-SENS 2,0xO3AlKIcTEdzaOJTnJVnc,2024-01-25,282000,15,2024-11-19T19:42:59Z,False
6aijZgla80tg8ieNRuwMm3,Fossil,Arca,4SQdUpG4f7UbkJG3cJ2Iyj,&&&&&,0KcW8BN4ogk6Rx8QjiCQk6,2013-07-23,94937,27,2024-11-17T14:48:59Z,False
0SbcVQyMO5M68AzhX8gYaS,SIDEWAYS (with Travis Barker),"Jack Kays, Travis Barker",24qqDoA4BBXVnPOdHBjT54,MY FAVORITE NIGHTMARES,5YwWOzaV6HGAUylT1MvoJZ,2021-12-10,124191,50,2024-11-13T16:29:54Z,True
3FPx4V7u7OEp64Y1HVtSgi,Nirvana Affair - Renato Cohen Remix,"Amirali, Renato Cohen",5HbNxuQxsJRdjqfJ6wNh17,Nirvana Affair,6pEc1bspMbrqNIXKB73Fn7,2024-11-08,388427,1,2024-11-08T14:38:01Z,False
6lZjx4NHqQOclDAzwtkl8i,Nirvana Affair,Amirali,5HbNxuQxsJRdjqfJ6wNh17,Nirvana Affair,6pEc1bspMbrqNIXKB73Fn7,2024-11-08,382000,2,2024-11-08T14:35:33Z,False
1ok8sVrOcxSFpuVzygkQLx,Who Said,MØ,0bdfiayQAKewqEvaU6rXCv,Who Said,5WYNrBJOl1Sm41YS1SPEAM,2024-10-16,187348,34,2024-11-06T03:37:02Z,False
12082VdNEhMbjRNbw2snKo,Sometimes,Olivier Verhaeghe,5ByRyadFsiEijaFBYlNxLs,Sometimes,3ehH1C2IDOXJxPkZUPjVQX,2019,322014,46,2024-11-05T20:01:15Z,False
0urwezEloZZmgir2LYqwZP,motions (feat. FLOOR CRY) - Shaolin Cowboy's 4am Remix,"dj poolboi, FLOOR CRY, Shaolin Cowboy",3uL9a8QRwQ6J8Sc7NYK7oJ,motions (feat. FLOOR CRY) [Remixes],7M18XtseNHt8wJl8M4x7Xu,2021-01-15,265871,7,2024-11-05T04:05:56Z,False
6nuqo0u5Ex03YMRL0SdyLs,Oblivion,"CamelPhat, Massano, Nu-La",240wlM8vDrf6S4zCyzGj2W,Oblivion,2K5l5X07mVNjRbJ0myFG9X,2024-10-25,219768,45,2024-10-31T18:53:41Z,False
2ieWEolVlmDArvTcW4hjJ3,Fallen Leaf - Massano Remix,"Vintage Culture, Fideles, Be No Rain, Massano",28uJnu5EsrGml2tBd7y8ts,Fallen Leaf (Massano Remix),2zTkmAbVGPwkQt64YgbGfb,2024-10-17,222412,45,2024-10-31T18:23:39Z,False
4Rzjq1BbE2ZDaiUDLFE8Tl,Emptiness,Giolì & Assia,6mM9a86Nrw0y7f9MaJGbpU,Emptiness,2QqhqgwhRZ79Q93gXwq6i3,2019-12-06,208000,44,2024-10-31T18:14:15Z,False
1Bkckgr1RGncOvWDn5Ar3h,Are We Truly Free?,KAS:ST,7orlzf5LTqSnCzURkZFebN,Are We Truly Free?,1L0FGABuXR9XRQiducXXps,2024-10-25,216850,52,2024-10-28T13:58:43Z,False
2xYpGZUwW8qlABYqlQbwdQ,Heute Tanzen (Tinlicker Version),"Reinier Zonneveld, Tinlicker, Kiki Solvej",21A7bhIL1m6CNZn8y57PIZ,Heute Tanzen (Tinlicker Version),7yWhOQ7qxsAIxc3VSRDGIE,2024-10-18,250560,31,2024-10-19T03:50:36Z,False
5edW1zAmH1bt042sIebo3T,Slow Match,"Moderat, Paul St. Hilaire",2exkZbmNqMKnT8LRWuxWgy,Moderat,2HEh23ogCT3wiYfag2iMxD,2009-05-11,308280,30,2024-10-18T03:58:40Z,False
6KmjD9CaophLMXTCzKoLLZ,Falling For You,Amelie Lens,5Ho1vKl1Uz8bJlk4vbmvmf,Falling For You,06IxEeX95EI0GlyfuuPqjS,2024-10-11,234997,60,2024-10-12T01:27:25Z,False
6iGMRy5RDMiAdTpuMB5gAm,Pretty Green Eyes (Sunset Ibiza Mix),KETTAMA,3an9rnsXKPCAMlZgH4A0n4,Pretty Green Eyes (Sunset Ibiza Mix),5jAnfBukpgxAPJPtrAgLgN,2024-06-14,258682,25,2024-10-08T04:47:41Z,False
7kBYPyaxF3oE9EgjOMpGKs,Reach Out,MALUGI,50udUOTR7dQUgyPwPuCLM6,Reach Out,4PQub1Epc03quRvoxeT4OQ,2023-06-16,138000,48,2024-09-30T16:48:55Z,False
4txjksJDPwGWFx7wO6M1tH,"Camarades - Bande Originale De La Pièce De Théâtre ""Karim""",Doctor Flake,5DZr9dQj9KPd62WuMeIPqK,"Camarades (Bande Originale De La Pièce De Théâtre ""Karim"")",3cjCF4S0FFzYCEeFoFlsPa,2023-06-16,132930,13,2024-09-29T23:53:54Z,False
6zYdY4vb0VIFrXZScpgW4M,Insert (The Fall),Mononome,23Xbt1RdcMA2glA3aeHtZ3,The Boy That Fell From The Sky,5bymTSiBrDwEnPss583Cmx,2022-05-13,84239,15,2024-09-29T23:53:26Z,False
1Ug5wxoHthwxctyWTUMGta,1901,Phoenix,1xU878Z1QtBldR7ru9owdU,Wolfgang Amadeus Phoenix,0xG5b9nkWxKc5VTpo6Fq5I,2009-05-25,193106,5,2024-09-29T22:11:29Z,False
50LmpNbi13PKVKIGHBOLNV,Under Control,Good Shoes,1SBU4DvQapOFCnxMzENUkp,"No Hope, No Future (Bonus Tracks Version)",4AfPxOaRgi9b7pl5pbMPIt,2010,148773,39,2024-09-29T21:56:31Z,False
147fFC2gtiRMw9KMmhxVgP,Skeleton,Bloc Party,3MM8mtgFzaEJsqbjZBSsHJ,Little Thoughts - EP,4rdldUL6CaQB4mXVqyA32i,2004-12-15,196653,37,2024-09-29T20:53:41Z,False
1SJ2LRCUfmu1ewk2ikLaJB,Young Again,Attic Ocean,6kgMLW45schh2GIceE54JJ,Young Again,2lbdb0ljB0OZzdiZww1m0Q,2024-09-27,169250,16,2024-09-29T03:16:01Z,False
3m04gMIUG6HgYHn65fy5Xt,I Felt Love,Blue Hawaii,41y1iPh0WqB7tyGdzyeinZ,Under 1 House,1PkQpn0KN9pJhKfzJQejjv,2020-09-25,192001,45,2024-09-28T16:19:00Z,False
3IC5oKi7Fo7OLJlYj3fSOp,Do It For You,"MALUGI, Narciss",50udUOTR7dQUgyPwPuCLM6,Do It For You,3DP6iVxhvU8EQURr1sZ2cP,2024-04-19,158958,39,2024-09-27T16:11:14Z,False
4LnyoXiaAI0MC8S62wxh8m,Take It Back (Right Now),"Janis Zielinski, MALUGI",0qqVoFZdP1OB0N9FkGfJ4D,Take It Back (Right Now),77SBVZwHejk6cepHB5cTdp,2023-09-08,160541,45,2024-09-27T16:09:25Z,False
7oHdGobTs66dcu7lA4TEWd,Drop It Down,MALUGI,50udUOTR7dQUgyPwPuCLM6,Drop It Down,6B8cJuwQEZFN0jmxs7X5EF,2024-02-16,132500,44,2024-09-27T16:09:08Z,False
18jcuenWg8hfYdZee2lQfc,Kisses (feat. bbyclose) - Malugi Remix,"BL3SS, CamrinWatsin, bbyclose, MALUGI",6kbR2eL4hecj3rFwGOsYsI,Kisses (feat. bbyclose) [Malugi Remix],0ahPH3o9zxwGdxwEjDgxz5,2024-09-06,150735,42,2024-09-27T16:08:54Z,False
5NNOhlMKhGFODsPv2O4Nuq,Baby,MALUGI,50udUOTR7dQUgyPwPuCLM6,Baby,4JYfU6NeDueGC1ZXKQO6Vs,2024-05-24,163180,49,2024-09-27T16:08:29Z,False
1lWiQ34sGK1i862zAFiRNW,Forever 2 (Crush Mix) - Malugi Remix,"Confidence Man, DJ BORING, MALUGI",0RwXnFrEoI8tltFvYpJgP6,Forever 2 (Crush Mix) [Malugi Remix],4GVMrNM51OLbs6tR5gnCUU,2024-03-29,177580,50,2024-09-27T16:08:17Z,False
26xw61UppTKPySjw3RLvx6,Move My Body (feat. Lucy Dye),"MALUGI, Lucy Dye",50udUOTR7dQUgyPwPuCLM6,Move My Body (feat. Lucy Dye),4BAyc37k3eWHs93aMT21XA,2024-07-26,167820,49,2024-09-27T16:03:52Z,False
2lKOI1nwP5qZtZC7TGQVY8,I Think I Need A DJ,"Marlon Hoffstadt, Crybaby, DJ Daddy Trance",0HHa7ZJZxUQlg5l2mB0N0f,I Think I Need A DJ,1ElP3WFqq5sgMcc3ScIR4l,2024-09-20,155000,46,2024-09-27T00:41:33Z,False
7nfCb5stHePZ6OoE7HDTe2,We Want More,"Marlon Hoffstadt, DJ Daddy Trance, Luciana",0HHa7ZJZxUQlg5l2mB0N0f,We Want More,7nKp2UoahBhOLo5KiYHqpd,2024-07-19,173083,52,2024-09-27T00:40:26Z,False
2AljG7lFywSjjLBVMOhm7s,i like the way you kiss me - Marlon Hoffstadt aka DJ Daddy Trance remix,"Artemas, Marlon Hoffstadt, DJ Daddy Trance",0PCCGZ0wGLizHt2KZ7hhA2,i like the way you kiss me (remixes),7jYsvUIbj8OktGfdnCU4LB,2024-04-05,199083,46,2024-09-27T00:39:58Z,False
0iUwIi7QYV7ecwiwx5pCgd,Touch My Body,"Marlon Hoffstadt, BIIANCO, DJ Daddy Trance",0HHa7ZJZxUQlg5l2mB0N0f,Touch My Body,2sFc58O2JuDvjGT11Gzgli,2024-08-30,165041,41,2024-09-27T00:39:43Z,False
0MeGiBDDodJwa1iHnCgG3q,My Mama Dropped LSD in the 90's,"Marlon Hoffstadt, DJ Daddy Trance, blazey",0HHa7ZJZxUQlg5l2mB0N0f,My Mama Dropped LSD in the 90's,0X12iWSZ0DQrn35GgTEjrT,2024-05-24,176817,53,2024-09-27T00:39:11Z,True
2NlkqmHOipjBVUap6I7KuG,"Give Me Some Love - Feat. Lulu Hughes, Klaas Extended Remix","Antoine Clamaran, Mario Ochoa",2LTa2TleomBhi05k8khxCF,Give Me Some Love (Part 1),1QKPCfrj2Wuj5fNvVZ05d5,2007-08-20,427086,4,2024-09-25T03:00:42Z,False
3CWuU5kIw8zsWJTcgreUwl,Strangers,Sigrid,4TrraAsitQKl821DQY42cZ,Sucker Punch,4OaTrPkuAYkelxCnm92njS,2019-03-08,233725,55,2024-09-24T00:54:39Z,False
1EbC2T5p3Gn5KDpbXcvK92,Wave - KaaCee Remix,"TAKTSTÖRER, REDCHINAWAVE, KaaCee",1ij6PT5l1KwrXPUY2nKLIa,Wave (KaaCee Remix),0QjfCA8ISoBRCERhosiZaY,2024-01-26,198000,49,2024-09-20T18:36:19Z,False
5u7sqxq2luE6j9tOKFTxew,Violin Sonata No13,Majes,3QfhQkPft6Jj41lkVU2OvM,Violin Sonata No13,7dxBO3SmRSJ71KlcZTdE9x,2024-02-27,124864,44,2024-09-18T22:06:41Z,False
3aq24LaCBsnIjJawjdRrI9,The Towers,Nick Schwenderling,2mOiGq7ipaUIYqUJSLj3X6,The Towers,5tOv0p1MtgLS2pxf7NeOxm,2024-07-05,263555,25,2024-09-18T22:03:34Z,False
5mgLOhX1IXSCZXUFWWkf0c,Wanna Feel,"DJ IP, Pegassi",7fv38XqMnjKou11W8jG4aK,Wanna Feel,3rwbNNkKvKWnlgvwI5hGP2,2024-07-12,198648,56,2024-09-18T21:33:06Z,False
3T1r39jgsJwCNGp3aRDKle,Touch My Body,Odymel,7c4fOBUstnjfbvSwtOJSiA,Hot Stuff / Touch My Body EP,1SGPnz59hUSnFknOA3oNNk,2024-05-24,295600,45,2024-09-18T21:28:39Z,False
5GIxi8CV2yHUsF7vQdJtrB,Would You Say Yes,Simon Ochmann,4p4Tx23wx4YIP3OdR4D8AZ,Would You Say Yes,2nWdD65JlD7ZYDzHaBnMX2,2024-01-26,210580,51,2024-09-18T21:19:57Z,False
2wDVY2QChCVkCG0HEmMgZl,Part III,Bad Religion,2yJwXpWAQOOl5XFzbCxLs9,How Could Hell Be Any Worse? (2005 Remaster),7G9tRlpSNYGMzAjcjpgIJP,1982,108773,31,2024-09-17T18:26:06Z,False
5YciOakY5dB5dULkiLdCaf,Stop Crying Your Heart Out,Oasis,2DaxqgrOhkeH0fpeiQq2f4,Heathen Chemistry,4mMan8IGNJUhZ6du15ki5T,2002-02-03,303133,77,2024-09-16T23:06:20Z,False
3NgwkdI4LED11P61QdrpjT,Dachlatte - Kalte Liebe Remix,"nand, Kalte Liebe",5wqj5DHpNUW5TySzEtzdFg,cosmos,0Dlc6KEShE2aJ2UrW8J5KQ,2023-05-12,224086,40,2024-09-15T21:48:52Z,False
0cXGsyW3Ws1QvGbnVvtbsQ,All The Way - DXPE Remix,"SIKOTI, DXPE",7qWvKoQVe3UdZhG9clKb1y,Forever In Motion EP,60WPt8HP8LO0nCQHD6rziG,2024-04-19,276500,12,2024-09-14T12:08:13Z,False
1pLRmnVMAz4br5qJThj1vO,Immer wenn du fehlst,Kalte Liebe,4V8AR3bBMhrLaWirYLKBEe,Immer wenn du fehlst,3kIdRvGhX0NpFmsmdGThcw,2024-09-13,164295,50,2024-09-13T14:42:19Z,False
4o2OMKVDHBdugZz01xJb4W,Blue Neon,"Grand V, ADB",4bfsj3FOrfPAvZNbV27WHl,Blue Neon,71zBBIdEol1oOkuOlwa09s,2024-08-08,324166,23,2024-09-10T23:21:42Z,False
373gDROnujxNTFa1FojYIl,Lost,Linkin Park,6XyY86QOPPrYVGvF9ch6wz,Lost,7bN4OM5mtWq0UrAxdN6qMC,2023-02-10,199342,69,2024-09-09T19:35:56Z,False
7j8IuM0nkPSCcunpMeTXBu,Feral - letherette Remix,"Elder Island, letherette",3EnbnmqrrvApHJs6FMvYik,Feral (letherette Remix),7xYi0MGloOywBv9KphZVlk,2020-12-11,239555,23,2024-09-05T18:17:07Z,False
3IAxJkFW0AeEHhmSFHjX0G,Haze - Marlon Hoffstadt AKA DJ Daddy Trance Remix,"Anfisa Letyago, Marlon Hoffstadt",7icoOm5fKKPo49jVxoj1Cq,Haze Remixes,7g1Rj26ma74ZKBPmnAA09M,2023-01-20,416318,32,2024-09-03T01:43:27Z,False
6jLo02XocJ0uwKvWYyIw83,In My Mind,Alex Di Stefano,6xFAz0ZOb2UOkMJCCUHkcv,In My Mind,6wqTmZjg6zBcAkcm64WOBB,2024-01-19,222352,5,2024-09-03T01:39:47Z,False
301oJIHAvyWrm7G6iVQdgM,I Got It For You,Funk Tribu,1vK8NnrPlBlF34LaiFX1SK,I Got It For You,48OqGn9GnSmXUTcg5EXzi5,2024-08-30,214504,42,2024-09-03T01:31:40Z,False
16koq0SV3LIAXl5V2FfGKM,Convivium,"Gabry Ponte, T78",5ENS85nZShljwNgg4wFD7D,Convivium,0zZaUF6x1OKbeEY1QbJ4Sv,2024-04-26,133200,54,2024-09-03T01:31:15Z,False
3ZN2Vg5DvvBhb1PQTEMSVQ,We Are,Sven Väth,5TQaBSTOSypp7S4jfSnN3F,Catharsis,6FJwU5sRNThNol3w2NDARx,2022-02-25,449615,31,2024-09-01T22:24:12Z,False
0vs4k1mRSs01iOR5S5sd07,Voodoo In My Blood,"Massive Attack, Young Fathers",6FXMGgJwohJLUSr5nVlf9X,Ritual Spirit,7lqu3l4C1PAZx4SBUXcoJd,2016-01-28,241132,46,2024-09-01T06:14:00Z,False
5a2Mb0OPY17zkS8FnciQhg,Finally,"Swedish House Mafia, Alicia Keys",1h6Cn3P4NGzXbaXidqURXs,Finally,5UdlVNeKvUDoaNmy9fhhft,2024-08-29,215583,72,2024-08-31T20:52:15Z,False
5yQp0RrQ7wdMZoiQ6fnAme,Destiny,"John Talabot, Pional",1YvN5uOGQkHVUUlZUcnotD,Fin,4MeSw9nbALgbtx13UrwBXm,2012-01-27,293626,41,2024-08-31T00:20:23Z,False
3czqJBP1wx21EZaPheMXrs,Three Eyes - Original Mix,REES,4DsD95lJoAXFmrh7vhL6MU,Three Eyes,4pWnySe1IQE4w79tIYzLsc,2022-04-04,374237,3,2024-08-27T15:13:16Z,False
2BBSKgfN3dt6bVm8wIs7wx,Патрики,Vintage,1I8yEn0RSxacRvLxd8N56a,Патрики,4XaTcgVq39mGnhlPVLUwuG,2024-08-21,199115,16,2024-08-25T21:31:00Z,False
6wVViUl2xSRoDK2T7dMZbR,Bizarre Love Triangle,New Order,0yNLKJebCb8Aueb54LYya3,Brotherhood (Collector's Edition),0PSWY4XyjTWppfBb0tBtqu,1986-09-29,263213,65,2024-08-20T03:32:09Z,False
2ZWEJmCklMmKdytwexl2Ew,Himmel & Hoelle,Thomas P. Heckmann,4QLCqJ3RSF3y6DdvboPk9m,Electronic Body Music,0XJ6C268pcL4F5QjxFt0Ec,2010,444631,27,2024-08-20T03:29:38Z,False
0DfG1ltJnZyq4Tx3ZLL7ZU,Rock Me Amadeus,Falco,0hLd40hVpRDGENe4KGZLnW,Falco 3,4shdkbv0jIstZhSrpMR9wh,1985-02-19,202236,64,2024-08-20T03:27:59Z,False
75SedaGZfay5uZffxEzk7M,2084 - Space 92 Remix,"KAS:ST, Space 92",7orlzf5LTqSnCzURkZFebN,2084 (Space 92 Remix),38Ws4sERTEy1ACzu4CnLFA,2024-08-09,226285,30,2024-08-12T13:21:14Z,False
4g8AJPa2u5xcZsDZY6dxo3,Роман,Vintage,1I8yEn0RSxacRvLxd8N56a,Анечка,4NKikFsesIUzJARdtC4VMY,2011-09-28,219013,0,2024-08-08T16:35:29Z,False
1blkAgvEC7y33jvBWxlVql,Vergiftete Jugend,Kalte Liebe,4V8AR3bBMhrLaWirYLKBEe,Schall & Schweiss EP,19jbP9k2zUCzOJUZIlogl0,2023-09-22,303676,0,2024-08-07T03:35:16Z,False
27c8cMslxtKNlC9WPVJtgF,Hypnotized,"Funk Tribu, Part Time Killer, RED",1vK8NnrPlBlF34LaiFX1SK,Night Shades - EP,3QmhqCq5JU2MPfYexROuBT,2023-07-28,225876,52,2024-08-03T16:53:47Z,False
5DfmnhUS1s3m87fsDSedoe,badthiings (rip avicii),Brutalismus 3000,6LtXxYMIiKSy2EGHnz1f5j,GOODBYE SALÒ,4kiB2fjPSRxYhqfFA1dSV1,2024-07-19,211179,49,2024-08-03T16:48:23Z,False
6kKoiRER3E74UgJDAI4C6N,Wegen Dir,Kalte Liebe,4V8AR3bBMhrLaWirYLKBEe,Wegen Dir,2HAmriTy0RaIhyHTF5Kz4b,2024-08-02,188907,45,2024-08-02T16:16:15Z,False
4LOZluaGCD0yueMvqDfZn8,Something Real,Nu Aspect,4NhRml5ZOfNaYJAHUE0XwT,Something Real,4kcRMJL88rqNqFx0cad34F,2021-12-31,148893,63,2024-08-01T21:43:26Z,False
6eHm8kpxPwQfYhaZ6FbVvY,Tell Me One More Time - Mona Yim Remix,"DJ Seinfeld, Mona Yim",37YzpfBeFju8QRZ3g0Ha1Q,MIRRORS (REMIXED),3vd7dqateXRTskHSU2CT0v,2023-02-03,208190,50,2024-08-01T21:43:20Z,False
2RaMogqMge302hL3paUaVP,Komm in Mich,Kalte Liebe,4V8AR3bBMhrLaWirYLKBEe,Komm in Mich,2vlI8lFfdAEMK9IRNY4MkK,2021-04-30,266957,29,2024-07-26T18:41:36Z,False
19OJLSiZod7YFmahNngVta,Rosen Sind Rot,Kalte Liebe,4V8AR3bBMhrLaWirYLKBEe,Schall & Schweiss EP,19jbP9k2zUCzOJUZIlogl0,2023-09-22,361853,0,2024-07-26T18:31:19Z,False
02enBniH37a39UjF95xNU1,Collussion - NeuroBeatz Remix,"Dutch Hour, NeuroBeatz",3OFo18LHyXeX0u7Y2fonXb,Sturmfrei,3YlVEpElZrKltVQC8ZSf3n,2024-02-02,120004,30,2024-07-26T01:03:19Z,False
1Vzg6E51Zm2CuWaTTJwIiM,Fall Into Pieces,In Verruf,5EnbpUtGIk2qPzGgNE75m0,SEKTION 4,4l2Jz96DR1AldgAYtJVnra,2024-07-08,315053,37,2024-07-26T00:15:16Z,False
4e1A2fSLtEzbn0EDWfHzzb,Wie Du Bist,Kalte Liebe,4V8AR3bBMhrLaWirYLKBEe,EGO,08U6PJynjusMW6LbtGOmb9,2020-09-01,268531,24,2024-07-24T18:29:26Z,False
24guolMUr6kSXVDaCfhHDW,Raum und Zeit,Kalte Liebe,4V8AR3bBMhrLaWirYLKBEe,Raum und Zeit,6iMSOqF7SqZYzBonClDzDC,2023-08-11,235135,44,2024-07-24T18:06:28Z,False
61iUPDjDM2zgGm9zuK37h6,Meander,Luzkan,3Ap6T22pdtSlivZiRCuVXd,Meander,5ieRjRgLw3DC4UOgm7WsH1,2022-11-21,205068,48,2024-07-24T18:01:12Z,False
47OuyoZZO7YkVkBoNm3Jjs,NO FEEL - WITHOUT YOU VERSION,Kalte Liebe,4V8AR3bBMhrLaWirYLKBEe,NO FEEL (WITHOUT YOU VERSION),6tExn3jZgLuKitkzBkn2Uq,2023-11-23,284106,27,2024-07-24T17:31:23Z,False
4Pw8qZytrMXdnUf6wpZZKQ,Kauf Mich,Kalte Liebe,4V8AR3bBMhrLaWirYLKBEe,EGO,08U6PJynjusMW6LbtGOmb9,2020-09-01,260000,26,2024-07-24T17:19:21Z,False
0sWcAFIqdK1d4Q3HI2B9Nc,New Order - Blue Monday - ARMA Remix,ARMA,6521yl6LJNVjbPpSz3ohSZ,New Order - Blue Monday (ARMA Remix),5rqubfjv6XettGbsiCQBRm,2022-01-17,388800,30,2024-07-24T17:13:50Z,False
55EPegD9KficI9lrBqqnwG,DR34M$,Funk Tribu,1vK8NnrPlBlF34LaiFX1SK,DR34M$,10M4qb2LIWkOk2dZWWo6os,2024-03-29,156113,53,2024-07-22T04:30:58Z,False
6Us6ZkVUyxWldY1p12NRHK,Neverland,"David Löhlein, VELA",2RibmjRGf8SiwxdCQZ9N1C,Neverland,3Whn80VOCefT0GDpDNVBUo,2024-04-26,327946,22,2024-07-22T04:28:37Z,False
6Wq5gz99tCreNMJ9Cp72XU,Schatten,"David Löhlein, MARA",2RibmjRGf8SiwxdCQZ9N1C,SEKTION 4,4l2Jz96DR1AldgAYtJVnra,2024-07-08,200148,44,2024-07-22T04:23:08Z,False
4qrBAShPdBpxCe0Yl2DXYT,Europaträume,Brutalismus 3000,6LtXxYMIiKSy2EGHnz1f5j,GOODBYE SALÒ,4kiB2fjPSRxYhqfFA1dSV1,2024-07-19,216761,54,2024-07-20T15:35:19Z,True
0cAhbpsVMIeAoNsmLWQvZ9,What Trance Feels Like,Funk Tribu,1vK8NnrPlBlF34LaiFX1SK,The Midnight Club GT,6a2QtF55Q67Tr69arnzPQW,2021-10-21,395278,46,2024-07-17T15:19:51Z,False
2pkIZ2AuuKwkkqasf5wXRo,Under the Moon,"Funk Tribu, Part Time Killer",1vK8NnrPlBlF34LaiFX1SK,Under the Moon,2PDpZsSQl8lGwojy7oouAi,2023-06-30,221659,55,2024-07-17T14:27:28Z,False
7aIb17DMLcOhLJIc9vF6Aa,Phonky Tribu,Funk Tribu,1vK8NnrPlBlF34LaiFX1SK,The Midnight Club GT,6a2QtF55Q67Tr69arnzPQW,2021-10-21,286145,59,2024-07-17T14:08:55Z,False
5zuN8DZ5CD60ZoRKwX87k2,Where We Belong,Roman Kyn,6Jb59eK1JvJ0i5EJSQH9oX,Where We Belong,19g2LAUiJi5Ka67IHBcgXf,2023-04-14,318053,32,2024-07-15T16:33:01Z,False
4YAmz4rhvNURdkmwbWAX35,Ева,Vintage,1I8yEn0RSxacRvLxd8N56a,Sex,5qHkwRYftOIZtUOJcv1lxh,2009-10-14,248760,0,2024-06-25T04:05:46Z,False
2SZbcjeq8PCFYrdTdNyZWY,Плохая девочка,Vintage,1I8yEn0RSxacRvLxd8N56a,Sex,5qHkwRYftOIZtUOJcv1lxh,2009-10-14,216320,0,2024-06-24T20:35:48Z,False
1R6OaY7Dj1bPA3aoVtfHFt,Госпожа,"Vintage, TRAVMA",1I8yEn0RSxacRvLxd8N56a,Госпожа,2if8iq3TcybS8JIaxR2SOW,2023-11-24,156000,0,2024-06-23T03:35:12Z,True
7k6ds2BvraCzxPW95vSOwd,In My Mind,"ARMA, TRYM",6521yl6LJNVjbPpSz3ohSZ,In My Mind,0TvoQPfYP2GuUg54rJYwnJ,2024-06-14,274899,43,2024-06-14T22:19:36Z,False
2FAik0wCT2bEcXMeYhoTkj,I Got You,"Marlon Hoffstadt, DJ Daddy Trance",0HHa7ZJZxUQlg5l2mB0N0f,I Got You,0h9Si8hhyqG2TRm61mNUnv,2023-11-03,164983,59,2024-06-11T21:37:55Z,False
726MUob4MFWryuyBPm4tgY,Warum,Juli,7g13nmmxq4XN0hd64Jzkol,Es ist Juli,4TSdsloInMbjQjj1Zf5KOD,2004-09-20,225360,36,2024-06-11T12:10:09Z,False
5Hh09KHzQ9NRjRd6HIes5R,Heaven,"Sara Landry, Alt8",7eILArMiTFTQf8SEh5fFHK,Heaven,1ZDVL85CeBfljGDtwOVvW9,2024-05-31,238270,54,2024-06-06T22:18:21Z,False
5jcwno0cS1H268LWyYpof1,7 Seconds,"Joezi, Coco, Pape Diouf",2mC93i8OOfK2jpFERbVv8B,7 Seconds,4cjJ5asufFmCnTM5ALAlFt,2024-01-19,315380,60,2024-06-05T04:12:32Z,False
2nVUEKKPv9DDilSZwCcMfu,Canopée des Cîmes,Jan Blomqvist,5wMlMjOLeJfS5DfxqGfm83,Canopée des Cîmes,1YLdXic6IjXGNPMBJhDE0u,2022-05-05,296376,49,2024-06-02T14:15:21Z,False
2y8USOrYuvaz4BqN9guAt4,Cut,Duskus,59MDSNIYoOY0WRYuodzJPD,Healers Vol. 1,2Ll1j6O1ipT0z9w5VBymq8,2023-11-10,118772,44,2024-06-02T00:26:23Z,False
55YClWYJCtrXLc6bOgeVGZ,Loving You Like Always - Innellea Remix,"NTO, Innellea, Tricky",7ry8L53T4oJtSIogGYuioq,Loving You Like Always (Innellea Remix),2jEevgv1iOe2xwdUqgzygf,2022-03-16,323233,23,2024-05-27T05:39:39Z,False
29P3bJSzsI5fUvwxSItkvr,Lovers From The Past,Mareux,7riQPkkGZBnTh9ve5qIhYo,Lovers From The Past,5ACGaSKEybDGrdthNiGCfY,2023-03-10,199280,56,2024-05-26T18:17:22Z,False
7dNqszkx1prIf0m33E8gDw,Blow Up,"Kid Francescoli, Julia Minkin",2G7QgTep5IsJHGHm1hXygD,With Julia,655WhvyaxwMG6PryGpCoTz,2014-04-21,315086,17,2024-05-25T16:45:11Z,False
5MpHME3SFFX9mZpWhJNe6T,Time Machine,Eelke Kleijn,1FY8kqUQKHwjibwLbp5cey,Time Machine (Remixes),0rRiw00beB0vkhR7fNwqy5,2024-05-24,271508,4,2024-05-24T16:41:45Z,False
704fLgKLdXgBxLDjYvmYBv,Time Machine - Amirali Remix,"Eelke Kleijn, Amirali",1FY8kqUQKHwjibwLbp5cey,Time Machine (Remixes),0rRiw00beB0vkhR7fNwqy5,2024-05-24,252554,15,2024-05-24T16:41:00Z,False
30TJCluQ4nPRTQVDCWctub,Red Lights,DJ Traytex,6mrd6VB8APeUr5ATWunRZX,Red Lights,4MEMgLvcV7Ecn3jPKR9dZS,2023-10-12,303680,23,2024-05-21T04:30:02Z,False
6RCfw69PfgXwhtYjyIxicz,Spuck mir in den Mund,Kalte Liebe,4V8AR3bBMhrLaWirYLKBEe,Spuck mir in den Mund,10DN1lMNrkJ4oz6YRoRk0s,2023-03-09,304863,37,2024-05-21T03:39:32Z,False
66uD2Gp6k1fkml5xafmdxV,ALLES IST WIE ES IST,Kalte Liebe,4V8AR3bBMhrLaWirYLKBEe,ALLES IST WIE ES IST,4PR0g6W4e53dR7SEMScYTB,2024-02-15,168163,31,2024-05-16T16:36:26Z,False
2dWf5DgGWPPdbE5nOyjcCh,Bei Nacht - Original Mix,Neon Graveyard,3fJCtqQo72gt8NfRsPpQ65,SWITCH EP,2lzXMqNYeHiF5GdSzOMFh1,2024-02-09,384000,13,2024-05-16T16:06:25Z,False
7eyiZP6qJ4y11FrTnFpCEC,It All Ends,In Verruf,5EnbpUtGIk2qPzGgNE75m0,It All Ends,0UVnxC4YNu5wRJxNfrX1hp,2024-05-03,253246,0,2024-05-06T21:26:49Z,False
67wpgNP46NIoSSTAk6dBWF,Alte Zeit,Klangkuenstler,6H77vD9YyhyxHBTkRpbMBk,Himmelreich,5Dj5NC8jDKcpAEjsjQaQOG,2020-09-18,366857,32,2024-05-03T16:26:55Z,False
23oABUbNVXYKjErFgWiIeT,In The Dark,"Balthazar, JackRock",4oMBP1OWXtmxyDhAj2aRyQ,In The Dark EP,2kMJ1yF7VAh1dHx2sNCuSM,2024-05-02,404618,38,2024-05-03T12:29:04Z,False
3VN02Dd0cTbGexggrPu3iK,Zenit,Luna Mirage,1jUXdYE9LDZn7Rk9CE4sOM,Zenit,1tf38TdCqTCoZWUblm9m6W,2023-12-16,125142,1,2024-05-02T15:54:11Z,False
0yxGKAoQbBUh2u2FGghUzC,Do You Think About Me?,"DJ HEARTSTRING, southstar",5tcwaJBUyEdxQxvieuQxU7,Don't Stop,7k9X7tCJdLdPWpm6JbAW0O,2024-04-26,185500,45,2024-05-02T15:52:11Z,False
3tYYypENWxaS1DKUtcH8S8,Don't Stop,"DJ HEARTSTRING, southstar",5tcwaJBUyEdxQxvieuQxU7,Don't Stop,7k9X7tCJdLdPWpm6JbAW0O,2024-04-26,196916,57,2024-05-02T15:44:07Z,False
5NagG9mPJeTrO0ut3lZZhW,Shadow Of Tears,"TRYM, Sofiane Pamart",5Nd385K2g3s0828W8Ab70z,Shadow Of Tears,0joiyo2pC9Ad2CmIZsgBq0,2024-04-26,458911,30,2024-04-30T18:38:25Z,False
3xW9EidN1zXYV7rPAYUNXd,Judgement Day,"Reinier Zonneveld, D-Devils",21A7bhIL1m6CNZn8y57PIZ,Judgement Day,2i8Lfne8ZaZxEtp11MCTrc,2024-04-26,190650,43,2024-04-29T22:54:47Z,False
1nzOUWyHoZLzf9EX0pnFPn,leavemealone,"Fred again.., Baby Keem",4oLeXFyACqeem2VImYeBFe,USB,6ZnRegEJuZRhLGrOKh0Y7n,2024-04-09,222784,4,2024-04-25T21:18:29Z,True
6hJht6yU7rTITqmCMMiKOZ,I See You,"Gregor Tresher, Sven Väth",3vy8oQAubj1IykJLLqvVFC,I See You,0bsBuhRQ79xyKSiDWhpbCR,2024-04-19,373131,13,2024-04-24T14:27:24Z,False
2M5IlFTxs1ZtdHWHuWCXTl,Crazy Right Now - Andy Murphy Remix,"Fletcher Kirkman, Andy Murphy",23Mb4keSj18MTaPWEKMwJN,Crazy Right Now,6A6KOX7kOZDP0JZ2UjU4gx,2023-10-27,186461,18,2024-04-23T18:20:53Z,False
6ru67yLD5oZ8owpvT2jEAj,Deep Inside,Amirali,5HbNxuQxsJRdjqfJ6wNh17,Deep Inside (Eelke Kleijn Deep Inside The '90s Remix),11qWeyYF1jlqdde6XEpSiy,2024-01-19,298990,9,2024-04-23T18:10:35Z,False
2ztKKGy3zpmLWC97JZyCpN,Deep Inside,Amirali,5HbNxuQxsJRdjqfJ6wNh17,Deep Inside (Avision Remix),7fbtCYrWqBTVZLn9sScVHP,2024-04-19,298990,4,2024-04-23T17:46:56Z,False
27dqEtk6TCcArodiAiay1R,The Point Of Living,Giolì & Assia,6mM9a86Nrw0y7f9MaJGbpU,Resurrection (Act I),4rWi4MBcMopY0uK91ctO5x,2024-04-19,196406,11,2024-04-20T16:31:35Z,False
1HPJOoIVdUPuaebxzMrVaD,Words - Original Version 1983,F.R. David,6GnCucI2uDaYj1j39GFxkn,Words,3FCGXFULVQiKJkFvo6hMFo,1983-01-01,208000,74,2024-04-19T20:25:40Z,False
1g1SuDg4vUq9u0J7V142Zx,9mm,Brutalismus 3000,6LtXxYMIiKSy2EGHnz1f5j,9mm,3sci6Sx5qkPpOxTVYXYzxD,2024-04-05,237928,1,2024-04-15T16:08:22Z,False
5D4gE215hZj1wQUOMCx1wK,Come With Me,Cristoph,532SqCIYmJyXEdEiCJLgYG,FaCet Vol. 2,53xKZB2xHBwUgZjF9d6ijC,2023-11-02,191326,30,2024-04-12T17:15:15Z,False
0MfIwyDAewEpTRCClaqkOS,Drama Queen,RayRay,4FS6bomikvJR2E9JHNwiAM,Drama Queen,0Xytz48e2umozmgkhn4FDL,2023-09-29,176898,10,2024-04-01T15:58:07Z,False
4gD1qMyIjDyz7Te8nlQEji,Breathe,Amelie Lens,5Ho1vKl1Uz8bJlk4vbmvmf,Breathe,4rAjrPNSCIPfyPvPXiBWtG,2024-03-22,223248,55,2024-03-28T17:10:28Z,False
3h5TiWTqGxjSjFrbruPFH9,Praise Jah In The Moonlight,YG Marley,0n4Fao9kbjgM76RmVlfSwr,Praise Jah In The Moonlight,3BicSFhksEP3QHanmBM1Wd,2023-12-27,263040,73,2024-03-26T21:10:29Z,False
1fQFqhuTWO6tQCZWcrdKQe,Passion,Miguel Campbell,4uZJDUKi3NXQsuMKP3rOeC,Passion,5YNlKttw7qefmYIOyJBYvU,2024-03-15,273500,3,2024-03-17T13:35:31Z,False
0lKuld9Ip8Jb2LufQV1kIB,Intuition (ASOT 1138),Giorgia Angiuli,4iHnLagnnmgiIwMSm1wuTq,ASOT 1138 - A State of Trance Episode 1138,45KE5zUUQpKfEOKoEeRfSX,2023-09-14,87870,15,2024-03-15T18:52:29Z,False
4o0LyB69tylqDG6eTGhmig,Fire for You,Cannons,7FtCyCJCJaxabYO7Uyda5B,Shadows,0pMkbror5DyuBSl5yeUYTn,2019-07-12,231825,73,2024-03-14T14:02:04Z,False
2ylVfK4pVfeSV4zxieyT2B,Touch,Shura,1qpR5mURxk3d8f6mww6uKT,Nothing's Real,2igeHhP9UZ7ko10H1K0DbP,2016-07-08,214555,47,2024-03-14T13:48:34Z,False
4ctAPuTEycAxvSPrG1npKf,Without You,"Alar, Korolova, Krismi",2uEy5EYHvxxd2SyVq4Pn1a,Without You,0COugya8xmXr7YXGXe6XZu,2021-10-22,203703,37,2024-03-09T21:49:43Z,False
0PYX7X0wTBT5WvKzNCWtk2,Europaträume,Brutalismus 3000,6LtXxYMIiKSy2EGHnz1f5j,Europaträume,5AXd8wp7NNydXNzFAxlXmf,2024-01-25,216592,1,2024-03-08T05:04:41Z,True
2vbRo1PVzVTBZCtgvptxRC,Dramatico,"Teenage Mutants, Sam WOLFE",3IFgjVPT8yeB4UnJCWOpZA,Dramatico,3qNs5wUDBrTCnp0fZlDu0N,2024-02-16,242238,35,2024-03-08T02:34:02Z,False
12p3LJyuWdEh6bWFoc60Bk,PARADISE,"HI-LO, DANNY AVILA, Oliver Heldens",0ETJQforv5OXgDgidQv9qd,PARADISE,6lumo11dn8gPbLLdmpe1PZ,2024-02-16,163147,8,2024-03-08T02:32:21Z,False
46mSti37NWTIg9XOFulqLH,Home - Vintage Culture Remix,"CamelPhat, RHODES, Vintage Culture",240wlM8vDrf6S4zCyzGj2W,Home (Vintage Culture Remix),3uSsJLIv6eQeDUZt5tWBaH,2024-02-23,213333,56,2024-03-08T02:31:57Z,False
08UjTmy2v4y7EBxIzullPY,Je Garde Espoir,"DJ Traytex, RAUMM",6mrd6VB8APeUr5ATWunRZX,Scars,4M0M0PIRHxeXGrB9IEfBoz,2024-03-01,263370,23,2024-03-08T00:43:28Z,False
2SjTV5tVKofYLnAz4xIwGr,The Perpetual Journey of Self-Discovery,Franck,3XGGc2cdg65V8AOXGfdHwb,The Perpetual Journey EP,1IzpKFm6yHg57DKmEWyM2p,2024-02-09,297053,27,2024-03-08T00:33:45Z,False
1WgyirbL3CSFD9CUktHoEU,Full of Fire,Kobosil,2ZvIFwl0BuQgHqWvDE80hC,Full of Fire,0amwnQiFCSS6hS92fCMrsi,2022-06-02,324465,0,2024-03-07T22:53:12Z,False
7h6LCgI5TbIlq3jzZhLBGh,Ravetok,"Mc Xsälzbrot, Introversion",0TCTwjW0Ktfb0LRGOaa5qK,Ravetok,0mMJZHHvYl582t9d4HoEn6,2024-01-09,136549,1,2024-03-07T22:44:48Z,True
11flbqPHll2BaMLXhNKxbn,Angel Of The 90's,MATRAKK,5YJQDXCY8nFTf6BuHcYvJn,CONTRE-SENS 2,0xO3AlKIcTEdzaOJTnJVnc,2024-01-25,300387,19,2024-03-07T22:34:46Z,False
59K0LFhUnKtp5GsH76teI1,Eiskalt - Short Mix,"Kobosil, KUKO",2ZvIFwl0BuQgHqWvDE80hC,Eiskalt (Short Mix),4O2qkN2LQ9ayCb1n5exb6f,2024-03-01,213000,0,2024-03-07T22:24:04Z,False
1YwaYOT1rJZj55P4Si5NEf,Schatten der Venus - Crystal Geometry Remix,"Kalte Liebe, Crystal Geometry",4V8AR3bBMhrLaWirYLKBEe,Sucht & Drang,6Q5jcgLicbskXiZCBHS07A,2021-10-08,399940,10,2024-03-07T01:39:29Z,False
2P3lKBrnpramuCgH07o113,Schatten der Venus,Kalte Liebe,4V8AR3bBMhrLaWirYLKBEe,Sucht & Drang,6Q5jcgLicbskXiZCBHS07A,2021-10-08,289262,37,2024-03-07T01:14:21Z,False
3efwztwnlfpa1vrYBxfaAz,Träume Ohne Wert,Kalte Liebe,4V8AR3bBMhrLaWirYLKBEe,Schall & Schweiss EP,19jbP9k2zUCzOJUZIlogl0,2023-09-22,287726,0,2024-03-06T22:47:37Z,False
5WdA2kYuuxBUIccDALUYpW,Schall & Schweiss,Kalte Liebe,4V8AR3bBMhrLaWirYLKBEe,Schall & Schweiss EP,19jbP9k2zUCzOJUZIlogl0,2023-09-22,312906,0,2024-03-05T21:51:04Z,False
3MFiwJCd3rMIzFyQkt8FOo,Love Is A Drug - Agents Of Time Remix,"Armin van Buuren, Anne Gudrun, Agents Of Time",0SfsnGyD8FpIN4U4WCkBZ5,Love Is A Drug (Agents Of Time Remix),0SRxj3K6ZgCVd3qgEn6PU0,2024-03-01,182432,48,2024-03-04T21:53:40Z,False
6a25inJpWjDP9WwKgO8gFI,Betrayal,Massano,6htWLP8aiuf19FYMA4VQAZ,Betrayal,4QTWadvF8SLwDbnwMJ7DSR,2023-12-01,366614,31,2024-02-27T16:29:10Z,False
5MeImhP9x3i1MXsWBXaWvB,Music In Our House,Space Jump,5x4PRwuILsUfpYUa84NwTa,Music In Our House,0HQSRt5NNUuQxOZpZfCCIg,2023-08-25,162206,27,2024-02-27T02:31:07Z,False
31g7JATEtYU3uIJBQAc2cW,Shook Pt. 3 - Radio Edit,Nick Morgan,29P8YF3232VxBXaU3vE4W8,Shook Pt. 3,4t1LC2icopXccVIOpSPKZ8,2023-07-28,281904,0,2024-02-26T23:45:14Z,False
6vZYx322sKYTawfYPnyhR4,Hymnody,Aphøtic,0bMxsn0N2APrVga72XmQJ4,Incantation EP,61lBDLOycZVIi4yjguTIZI,2024-01-15,359225,12,2024-02-22T01:04:08Z,False
5QdsS2ZPP3rfDIUxn2FQFA,Incantation,Aphøtic,0bMxsn0N2APrVga72XmQJ4,Incantation EP,61lBDLOycZVIi4yjguTIZI,2024-01-15,393846,12,2024-02-21T19:07:43Z,False
2igwFfvr1OAGX9SKDCPBwO,Empire State Of Mind,"JAY-Z, Alicia Keys",3nFkdlSjzX9mRTtwJOzDYB,The Blueprint 3,2CUT0104gySOIvqwtXeFsX,2009-09-08,276920,84,2024-02-16T03:11:35Z,True
0AbMIOGmwrWF6Co8LEP1F4,Oceanside,beSonic,3ej05ZlGuUqPsi471HZZ81,Oceanside,2k0P2QIbg4fLM0DAXEElWt,2023-09-29,161426,1,2024-02-14T21:24:00Z,False
3ZcClV5rM3SjfnxQb2C8pt,Helix,"Paul Arcane, FromTheEarth",4mX6KkWIws87dwZdorDOQA,Orion / Helix,2oa0Gr2lfuExdnVBEwANy9,2024-02-02,224637,0,2024-02-14T21:08:49Z,False
3ghWSRW7S0lLCseO0x0Efy,Around You,Estiva,1ltDgA6tV4utKM6y1BOYIE,Undercover Romance / Around You,57eMZ2Vza1lAWGqt7lJXJU,2024-02-02,206055,19,2024-02-14T20:57:40Z,False
3AjIxSaqq7VgzrP3jFOke9,Pretty Chances,Magdras,5e9ELwFSxcbUwNQh4iEumG,Pretty Chances,3ie3QkcPI5Cb3jcFNJ6VYF,2023-10-25,157497,0,2024-02-14T19:29:51Z,False
6YeG6WZaal7Ic5JiHEfLZU,Origens,city of rebellion,52t5cetBnqJp1dtYuVqeGX,Origens,5jep2J6PIM721mYCAvQYbi,2023-09-22,274077,1,2024-02-14T19:29:26Z,False
2scX5RdL0wByroF3sCBzDX,Shelter,"Innellea, Monolink, CamelPhat",71rqI5HtraA3qXBwatyG6e,The Belonging,3HOoATRaFgwq2VsAaWvmbh,2024-02-09,254032,44,2024-02-14T16:47:27Z,False
3jMdFStVOM5KyNBwUuMlRg,Hyperdrive,Hidden Empire,44Ga1YqZthFOzZSTHiNWkC,Amount of Rate,1WIAbCao5m4nOKUyzI103G,2024-02-09,367040,5,2024-02-14T16:30:03Z,False
2tKCnZQxGfwnR5UXZBxl2D,MIST,Ryan Crane,2nC0r3aoPdOEt8CPoyG1EB,AURA,5Zh2RQdCruZ4RxbIxE5teV,2023-10-20,182400,19,2024-02-14T04:56:34Z,False
32KvUou3L4tAwKiCsxyvpd,Rescue Me,Miguel Campbell,4uZJDUKi3NXQsuMKP3rOeC,Rescue Me,6lLCCT7fSX2Gfwf8wmoXe8,2024-02-09,292881,31,2024-02-14T04:50:04Z,False
2En3lHsSjtfCIln4rhwLjf,Cake News,Sébastien Tellier,23ymPLjbtAMzTJS2qRtQ8Z,A Girl Is a Gun (Music from the Original Series),1Bv1s20fBDrndeTPi8xkdv,2017-10-13,73626,0,2024-02-12T22:47:40Z,False
7ixHfExIwVwKu0JApyTvuR,Far Away,Lyke,3lc4xDLsQnWnjhntJfykpF,Far Away,2dwiEkPdL8mS1q9EqcX73A,2022-09-16,221320,48,2024-02-10T16:59:04Z,False
4iiQHKy1dIbYyRscZuaWTo,All That I Lost,Tinlicker,5EmEZjq8eHEC6qFnT63Lza,All That I Lost,7KWLGxKqivBsVpvB1PZyQo,2023-05-25,259838,30,2024-02-10T16:52:09Z,False
5r43Rwy2cBKF6HQYIS41Bw,Hide U - Tinlicker Remix,"Sian Evans, Tinlicker",2DTw633fgdoxrqv7uPdcCw,Hide U (Tinlicker Remix),6Yn5w6xJpPZQho8VT7DRCH,2021-04-09,221048,62,2024-02-10T16:49:33Z,False
5X3pRJnPw56cEVedjBj81m,The Way You Say - LP Giobbi Remix,"Carlita, LP Giobbi",1GVbOnrND8b3eh2JZ4opw8,The Way You Say (Remixes),75joaaxl6qB1zk55F298SJ,2022-11-11,175680,36,2024-02-10T16:46:58Z,False
1D5ifTPFnQWDnSxSAfc1hc,Pictures Of You,Anyma,4iBwchw0U0GZv5RfVYSMxN,Pictures Of You,0D73jRe3U7onYOiX6jpYJO,2024-02-09,175312,1,2024-02-10T16:40:19Z,False
1gqr2RG7sOp0dQQfntEc8i,Madness,Darkways,3tzqjcIe3CsvE2pS7utv7B,Madness,59l0Qn8yIqvdG9sSBs1hJQ,2023-07-29,210000,20,2024-02-07T03:55:28Z,False
3wMXvCkDiPXVMPemcT5jKU,Cyclone - Original Mix,Rich in Harmonics,3BeqAvhssTWTO9AXUjOKro,VERDICT TWO,276tAL72MuD7gNsJOq8aJ3,2023-11-24,363973,0,2024-02-06T19:56:13Z,False
1su02ymrAzYbDoNrdIyJiV,Exegol System - Original Mix,Tham,609hP92W6p3l5agWsi1pnb,VERDICT TWO,276tAL72MuD7gNsJOq8aJ3,2023-11-24,352000,1,2024-02-06T19:47:30Z,False
2jbZ3ES5KyUIJ8c814oPOo,Skyline Drift 94 - Original Mix,Exil der Schatten,4pIr3IRHdGwwXn1rbcAI6G,VERDICT TWO,276tAL72MuD7gNsJOq8aJ3,2023-11-24,431020,1,2024-02-05T19:11:41Z,False
7h7DK2ZHIe4w0id8qkNqla,Iris,Pastel Ghost,06O23tLg0or676h8EEzH7W,Ethereality,6zk1WNC7YNM9qgAxWY98qW,2018-10-05,218384,1,2024-02-05T03:40:41Z,False
5gNFKhuReMpku5LgyrY3rz,Falling Down - Colyn & Beswerda Remix,"8Kays, Colyn, Beswerda, Juan Hansen",6VJ8RuUWKIgm5p5uEvZCfQ,Falling Down (Colyn & Beswerda Remix),471Nt14c8PhjuSPXls9EsX,2024-02-02,216290,18,2024-02-02T14:46:42Z,False
2hsIY7nVMNKJbBs96xSHHO,Istanbul,Giolì,3nk8RAVtSa3Bw623V8p95q,Istanbul,0WMJoQJFnuuUhTUrb1S75c,2015-05-15,236008,14,2024-02-02T03:13:36Z,False
6x2csnE4Cr1cuJSHmwBdJi,The Point Of Living,Giolì & Assia,6mM9a86Nrw0y7f9MaJGbpU,The Point Of Living,2G0rmcFmdmnb9oevoSWFgp,2024-01-26,196406,22,2024-01-28T17:10:20Z,False
200DiJQhDi69nkGXOrrJgn,The Rapture Pt.III,"&ME, Black Coffee, Keinemusik",5mIowAJMp7RKNheelruV5z,The Rapture Pt.III,2FAKT4HAf25axNWJI3DlY5,2023-06-09,417812,70,2024-01-22T03:18:23Z,False
5OkyybZ0j31VzaTg3Um5Pf,Prayer,Rone,3Dw9w3jnmr58ocgxiwITcq,D'Argent & De Sang (Original Series Soundtrack),0ieDdPKaWltHGomFdRJQIm,2024-01-12,148026,6,2024-01-20T14:24:27Z,False
2gHhVQLkEn5HdKrfxMrXQM,Huys,Anahit Vardanyan,3B0Z2WunAUciyiCc3DsnAa,Huys,2sS1FtLIaTlF841XRlvtZK,2022-03-04,440454,22,2024-01-14T15:28:35Z,False
13z0WuyNhDPQlwXSr8EY4S,In And Out Of Love - Innellea Remix,"Armin van Buuren, Innellea, Sharon Den Adel",0SfsnGyD8FpIN4U4WCkBZ5,In And Out Of Love (Innellea Remix),0usEDxtDCBWHx3cfPceoYD,2023-07-28,218004,40,2023-12-29T19:32:12Z,False
4z5TeX7iJyiBU0J0CbzToz,Hand In Hand - Rebūke Remix,"Tiga, Kölsch, Rebūke",5l9wiTZVfqQTfMDOt0HtwC,Hand In Hand (Rebūke Remix),5wIL4TEUoXGtAaKWektbnc,2023-08-25,165347,36,2023-12-29T18:32:57Z,False
4LmH6inyhNTxrEJvRxvXw8,Respect Me,"8Kays, Lazarusman",6VJ8RuUWKIgm5p5uEvZCfQ,Respect Me / Young Souls EP,6KeLKY27NFAJRayRCkUMA5,2021-08-06,228387,21,2023-12-29T15:56:02Z,False
3U7x9gVcUp5n4fn2LW9kDh,Flowers Of Evil,Stephan Jolk,7w0ddx9rFndvpiqO1VOxJM,About My Dreams,5IQWTaU7T5EQk6zzQZZfod,2022-05-06,291840,26,2023-12-29T15:24:43Z,False
6wNhzAF9dEdPUmfvaUNGwI,Beyond the Realm,Hidden Empire,44Ga1YqZthFOzZSTHiNWkC,Beyond the Realm,0fBtyMauvLkeHGOyyid6BE,2023-12-29,254434,6,2023-12-29T14:53:55Z,False
6YzWNNWyxVGC0eczvuUtmF,Say Yes To Heaven - Anyma Remix,"Lana Del Rey, Anyma",00FQb4jTyendYWaN8pK0wa,Say Yes To Heaven (Anyma Remix),35ZI8inROOaI4YkvOmCSLq,2023-05-21,222076,61,2023-12-28T03:26:43Z,False
6nP3iynkH0n2eyrQsLDKym,Forward Forever,"Innellea, Flowdan",71rqI5HtraA3qXBwatyG6e,Forward Forever,4W0lEnaWhcHu5jOIc3sMCY,2023-12-08,188146,24,2023-12-28T02:51:03Z,False
0eU6ogqTZmNiARD4PGNaJo,Young Forever,Giolì & Assia,6mM9a86Nrw0y7f9MaJGbpU,Young Forever,0GIZIsdYluq59vJolVAOfc,2023-12-08,230522,35,2023-12-26T19:56:59Z,False
24yUM08mhAzWSLvCQultZY,Reflected Wisdom - Five Phases Project (4/5),Innellea,71rqI5HtraA3qXBwatyG6e,Five Phases - Reflected Wisdom,50Dg2MYfTZ8NPXmcX6lh2e,2023-01-27,299293,0,2023-12-25T00:42:33Z,False
6a9Iq8S1xFjfXwDkrfZZwA,Faith Forever,Trillosta,4v3cQ7e2usHMWDIMBeFth2,Faith Forever,3H2V0HBSQ14yA4kuVzh2kL,2022-12-07,338999,10,2023-12-22T01:29:32Z,False
3vefdW0Zsk57Qn0qxXeVCI,This Feeling,my!lane,5AEk8UqmJ2lCUG3xke82Or,Sakura's Shadows,2Ve9vOvILPIDomVfrFr4bH,2021-12-03,163829,60,2023-12-20T22:04:17Z,True
0gVXFdf5UTtEa8nhTmPbIL,CHILDREN OF CHAOS,KAS:ST,7orlzf5LTqSnCzURkZFebN,CHILDREN OF CHAOS,4L5NM2tteneSKEAQbhQeW9,2023-11-15,288592,26,2023-12-17T18:55:55Z,False
13dzpIlhBBeZrR0LOFpfUw,Cybernova,Massano,6htWLP8aiuf19FYMA4VQAZ,Shut Down,4Kiw2ugFK4kfgfsPgGjJ32,2023-12-08,245414,42,2023-12-17T18:27:45Z,False
2zE5AWQjzoNnzK5y747RoY,Etna,Hollt,7G5LXo0b0pFlVzgWNGOngl,Silent Lost,05BUlUXdbWGJeKrGSPb1Sm,2020-12-18,279024,0,2023-12-16T02:48:05Z,False
0B1rCA4jxosOrIQFDqdE8A,Плохая Девочка,"Vintage, TRAVMA, SKIDRI, DVRKLXGHT",1I8yEn0RSxacRvLxd8N56a,Плохая Девочка,4aKgc9JW4QluMOI0i07wXx,2023-07-28,135272,0,2023-12-14T00:17:23Z,False
0abnHEEma5xkWazffnRpni,Ravarp,"Reinier Zonneveld, Space 92",21A7bhIL1m6CNZn8y57PIZ,Ravarp,6VYrX3so9Z3gquODJ6SVp8,2023-12-08,227555,32,2023-12-13T14:08:35Z,False
6n5eiKfIcy8oNMrdBVctCf,Ceremony,Hélène Vogelsinger,7x4r9H8a1f60caFnTB4xmA,Reminiscence,3iZzGbgxvlxafJCj7V1A13,2023-04-05,631776,19,2023-12-07T01:38:28Z,False
0QOMgL0YffHvljlHpjUFOF,Reminiscence,Hélène Vogelsinger,7x4r9H8a1f60caFnTB4xmA,Reminiscence,3iZzGbgxvlxafJCj7V1A13,2023-04-05,568411,28,2023-12-06T21:07:40Z,False
2xbQjtwkubYCRCwJxhEp7R,Path of Nothing,"Club des Belugas, Hélène Vogelsinger",3ea1ZpptTqS5pwYYpQQVCo,Fishing for Zebras,0woE1IEr3dlWdvvBbkFNVP,2014-10-10,250865,43,2023-12-06T21:07:39Z,False
4CvvIoMzXxXTzvGPT9nBNO,The Future Is Unknown,"Adriatique, Delhia De France",02DWGcShQivFepRvGJ7xhB,The Future Is Unknown,0htK1OiP8v8kU6SSNEDaal,2023-12-01,263520,48,2023-12-01T13:21:44Z,False
6QqWR8fmdwG6rfgxwFHcrI,It's All Good,Agents Of Time,6Jbyd4qzEtbFtswZP1o6Ht,It's All Good,2auTyTFkBTYDIQwQKLz8l4,2023-12-01,211428,33,2023-12-01T13:18:59Z,False
7hZ2IDi9ubFqEYjM0SvpGs,D-D-Dance,The Royal Concept,7LAucJAvbQa7ZIA0qP8YI2,Goldrushed,3ePQz1sISfqg7okCZNfCRo,2021-01-29,222240,33,2023-11-29T14:24:52Z,False
3yUgsKATkUVCjAUIZjs7Ku,Set It Right,The Colourist,0hK26QoGcuKV3lH0x9MvUU,Will You Wait for Me,3avED2iodFLHwvoPHqppCf,2015-07-31,207527,33,2023-11-29T14:15:22Z,False
5dIDcGF81nARBK94seV31R,Wolves,"Digitalism, Youngblood Hawke",2fBURuq7FrlH6z5F92mpOl,Wolves,4zR2eFLN2rTVbdixsMGw5n,2014-05-06,190777,0,2023-11-29T14:08:42Z,False
3X03OXFOGD94QW0SidvOh5,Circles,Digitalism,2fBURuq7FrlH6z5F92mpOl,"I Love You, Dude",1jCGNafEncCHK9ETOWhGkO,2011-06-20,228293,0,2023-11-29T14:06:14Z,False
3XTefle3zvDkjgS1Fiq14A,Insomnia,Faithless,5T4UKHhr4HGIC0VzdZQtAE,Ultimate Insomnia,13Ln8UXA5vcskfxKMW58T9,2008-06-20,214386,57,2023-11-23T02:20:06Z,False
303ccTay2FiDTZ9fZ2AdBt,Music Sounds Better With You,"Stardust, Benjamin Diamond, Alan Braxe, Thomas Bangalter",2w7IutHv5g4e8LumrwtjWR,Music Sounds Better With You,7Kusf5plZjl76X5ARWJbNO,1998-07-20,403293,71,2023-11-23T02:13:15Z,False
5ydeCNaWDmFbu4zl0roPAH,Groovejet (If This Ain't Love) [feat. Sophie Ellis-Bextor],"Spiller, Sophie Ellis-Bextor",4bmymFwDu9zLCiTRUmrewb,Groovejet (If This Ain't Love) [feat. Sophie Ellis-Bextor],20Q3pGpYiyicF32x5L8ppH,2000-08-14,227619,3,2023-11-23T02:08:35Z,False
7r9DWgmElZrjI0G8erYKRr,LONELY,The Blaze,1Dt1UKLtrJIW1xxRBejjos,JUNGLE,409STQlcajDkM1vdhM4Qxo,2023-03-10,265213,49,2023-11-21T20:15:55Z,False
6HvtxMfIUlIIUWlLForw6t,Repaint,TRiDENT,7rZdMuqbboWedMFTA5hsrh,Dream Up,5Vty5dumIvnNzf9SOGY7sW,2023-11-15,233699,21,2023-11-21T03:08:52Z,False
4LW5HsiZ9bWNnDtBEYVVuq,KICKASS,TRiDENT,7rZdMuqbboWedMFTA5hsrh,Dream Up,5Vty5dumIvnNzf9SOGY7sW,2023-11-15,182292,21,2023-11-21T02:54:58Z,False
31WzgGBkO9THPqYeVGcTwb,Metal Master - Spectrum (Bart Skils & Weska Reinterpretation),"Sven Väth, Bart Skils, Weska",5TQaBSTOSypp7S4jfSnN3F,Metal Master - Spectrum (Bart Skils & Weska Reinterpretation),6Tg2R6r6n8H0Og123AWJDp,2022-09-16,249767,25,2023-11-15T02:24:54Z,False
04xK8T8fqpJbUZgNgcpszu,We Are,Sven Väth,5TQaBSTOSypp7S4jfSnN3F,We Are,5VNozb6Ed3FXj34oybMBtz,2021-12-24,449615,16,2023-11-14T14:31:02Z,False
3Wrjm47oTz2sjIgck11l5e,Beggin',Måneskin,0lAWpj5szCSwM4rUMHYmrr,Chosen,2qJw6w5XwQO0PQlSWPu7Tw,2017-12-08,211560,84,2023-11-11T07:34:07Z,False
7t9PLlf9nI2Xo8WRrfcItk,Stay There,Tonic Walter,6HfRl1vZ3mVDGkXb7Pknjv,Stay There,2LUUNfPXV0MwcwITk97KWF,2022-06-17,233562,61,2023-11-10T18:05:26Z,False
52jhw6Sfp5ED2ilnikRyhP,Dialogue,"Dyzen, Sideral",4iBwpHcklqLJMHgrTEHEYl,Radiant,3XkKoyeXwOBTvFmfBL2cVI,2023-10-19,452682,40,2023-11-10T17:56:23Z,False
7mQAjg2u5udWhnQ07jIHI7,Higher Power,"Anyma, Argy, MAGNUS",4iBwchw0U0GZv5RfVYSMxN,Higher Power,5t81OipNDNgEJ8MR5RVwFU,2023-11-10,208601,1,2023-11-10T16:38:29Z,False
6kVCl8UmYJnLqgP0xIRpaX,Is It Real,"Oliver Koletzki, Malou",1WjBIvYAnZTkTh5UiZNwlR,Trip to Sanity,7yHFXNvk1C4XzbNUOTYa3u,2023-11-03,186815,15,2023-11-07T22:38:37Z,False
5YkdbdZ2MXUZGP4u4q4nK9,Heart on Hold - Hidden Empire Remix,"Oliver Koletzki, Fritz Kalkbrenner, Hidden Empire",1WjBIvYAnZTkTh5UiZNwlR,Heart on Hold (Hidden Empire Remix),1aQjZKJ5wB93EZVv5hSQoy,2023-10-20,346301,16,2023-11-06T14:31:40Z,False
4xsncq1W7ZomEJNyOQyGIs,Bound,Will Easton,2kPAmoZKlDB8ktz6SFPsLW,Bound / Origin,0RI3pwmqT0WEnUdXuz7N6Z,2019-05-31,240000,10,2023-10-31T18:19:29Z,False
7HXqYIF5kMN1XY52GWQKrZ,Something Was Real,Eli & Fur,5CkVLGKUJkIc1pmSk10QP4,Something Was Real,282285H5zzpms9M3Bwg0c1,2018-06-19,222528,54,2023-10-30T02:48:40Z,False
73xVZiPGT0CmAAXjfZbjI5,Synthwave - OIO Remix,"Rodriguez Jr., OIO",6Th7POyVfZgiHJQ64ddV5Y,Synthwave Remixes,10xWRPYXoEvf9waVN04v1Z,2023-10-27,388674,7,2023-10-30T00:24:18Z,False
36ZvYgWivlGx3G11YXReLL,Oui mais Non - Nicolas Julian Remix,"SM:LY, Nicolas Julian",51mRBkF1rU3x37NMHJ5teX,Oui mais Non (Nicolas Julian Remix),0lkocvL7as5pbxEVzm83lD,2023-10-06,162338,46,2023-10-27T23:11:54Z,False
1ja4311zfLHqUL96poSXfP,ONE MORE TIME,blink-182,6FBDaR13swtiWwGhX1WQsP,ONE MORE TIME...,1OteY9OFTmoZ0vmZT89wPd,2023-10-20,208114,62,2023-10-24T17:56:00Z,False
5k2KDcpVLgyy0dr7uzdJit,DANCE WITH ME,blink-182,6FBDaR13swtiWwGhX1WQsP,ONE MORE TIME...,1OteY9OFTmoZ0vmZT89wPd,2023-10-20,188155,56,2023-10-24T17:52:46Z,True
3wIaPhVmXG6lcIPfm7D0fm,FELL IN LOVE,blink-182,6FBDaR13swtiWwGhX1WQsP,ONE MORE TIME...,1OteY9OFTmoZ0vmZT89wPd,2023-10-20,138460,47,2023-10-24T17:52:45Z,True
5UnIFgOpnUaKsukuB66GXg,Luzifer - feat. Ufo361,"Kobosil, Ufo361",2ZvIFwl0BuQgHqWvDE80hC,RK5,4wxcLVfRrCebsZaBdBctne,2022-10-31,329188,0,2023-10-22T19:17:49Z,False
0cQrxY9FWdBuugLsJBtra3,Relikt,In Verruf,5EnbpUtGIk2qPzGgNE75m0,Riv4,5yEXlIg65SYyE1XBm77xWv,2021-07-21,381322,0,2023-10-18T22:36:54Z,False
3ooXvFz2vOeqiDasT6LuAJ,Anywhere - Radio Mix,"Christian Cambas, Steve Shaden",0xTHDDgrTLK87pC4blqD6j,Broken Layer,4S5Yd1xyXY5JzidmuN42dQ,2023-08-28,209896,13,2023-10-18T20:44:00Z,False
27LQAG5S20ymr3VVgVsRQC,Beyond The Gate - Commercial Mix 4,Dyn Taylor,4Tn3vMJrnvgE26xLaxW9La,Beyond The Gate Edits EP,40w2ogY0m0J8nqFP0gXG6F,2020-05-10,63380,10,2023-10-18T20:34:14Z,False
2HRSVvvATNEndZOR47UPPZ,In Der Nacht,In Verruf,5EnbpUtGIk2qPzGgNE75m0,R006,1kpUbzVdV4jEdJQjHWdY5F,2023-10-06,313037,0,2023-10-18T20:26:30Z,False
4kieHKOjOp9B0U59yaBZdb,Demut,In Verruf,5EnbpUtGIk2qPzGgNE75m0,R006,1kpUbzVdV4jEdJQjHWdY5F,2023-10-06,315701,0,2023-10-18T20:19:20Z,False
6gkzzykOxQ3M9KWBvCOlj5,Acid Intox,In Verruf,5EnbpUtGIk2qPzGgNE75m0,R006,1kpUbzVdV4jEdJQjHWdY5F,2023-10-06,289681,0,2023-10-18T20:16:56Z,False
36nPlDj5WyjXFjRUUc8KFe,Shine,In Verruf,5EnbpUtGIk2qPzGgNE75m0,R006,1kpUbzVdV4jEdJQjHWdY5F,2023-10-06,330378,0,2023-10-18T20:12:15Z,False
0AJBa03FJvsCwXHjRoBpeM,Twisted,"Kaz James, Nick Morgan",1XGHs7YFtpCbDGKaNdPPtA,Twisted,3fZLxpAQRc93OzkEtQHcmf,2018-07-20,259984,55,2023-10-18T15:00:22Z,False
7DWz2CuCILJquIZOrTBly1,De Orde Van De Nacht,Eelke Kleijn,1FY8kqUQKHwjibwLbp5cey,De Orde Van De Nacht,4ui50OJgj4Zbrkpzo1gpsA,2017-09-28,205097,48,2023-10-18T14:50:32Z,False
4NzjiBcQT7Hzp2hvuEViqe,Little Darling - Joris Voorn Remix,"Marsh, Joris Voorn",1eucLGnPT27tdEh6MU29wp,Little Darling (Joris Voorn Remix),2dtExe65fdE0PJLhnPpFyU,2023-03-31,200952,33,2023-10-18T14:46:18Z,False
5mCLCA1bnQHPU4EZBtZgqo,Sternstunde - Joris Voorn Edit,"Solee, Joris Voorn",0r0m8up7CjS8TJodH2HX7C,Sternstunde (Joris Voorn Edit),3fPRdy4lb6bycInc7nBqAG,2023-02-24,226680,37,2023-10-18T14:39:36Z,False
3k7VNyk3pByIwkLxcjU1I0,Walking On Water,"Reinier Zonneveld, Kiki Solvej",21A7bhIL1m6CNZn8y57PIZ,Heaven Is Mad (For You),5AwdBViQX8KJyd4cX2RBP7,2023-10-13,193131,13,2023-10-17T22:29:05Z,False
5XGADIsRq712VGyYmOU3XL,Through The Night,"Reinier Zonneveld, Kiki Solvej",21A7bhIL1m6CNZn8y57PIZ,Heaven Is Mad (For You),5AwdBViQX8KJyd4cX2RBP7,2023-10-13,153333,19,2023-10-17T22:20:41Z,False
4q28aa82obcwWYI8NlS6Z0,Underground Madness (2023 Mix),"Reinier Zonneveld, Promo",21A7bhIL1m6CNZn8y57PIZ,Heaven Is Mad (For You),5AwdBViQX8KJyd4cX2RBP7,2023-10-13,213333,26,2023-10-17T16:59:38Z,False
077AjPx334yMPROFwWZOUb,Balearic Mornings (Rave Mix),"Reinier Zonneveld, Oliver Heldens, HI-LO",21A7bhIL1m6CNZn8y57PIZ,Heaven Is Mad (For You),5AwdBViQX8KJyd4cX2RBP7,2023-10-13,224444,24,2023-10-17T16:54:41Z,False
0g8oX8FjqUDQc3u4PMJHab,Take U Back (Reinier Zonneveld's 2023 Mix),"Reinier Zonneveld, Angerfist",21A7bhIL1m6CNZn8y57PIZ,Heaven Is Mad (For You),5AwdBViQX8KJyd4cX2RBP7,2023-10-13,236666,32,2023-10-16T22:56:58Z,False
6I5SDPgn2iW2J72WHGWY69,Music Is The Answer,"Reinier Zonneveld, JG",21A7bhIL1m6CNZn8y57PIZ,Heaven Is Mad (For You),5AwdBViQX8KJyd4cX2RBP7,2023-10-13,244200,31,2023-10-16T22:55:33Z,False
2JXToTsMgwojJjqY3kiaFh,Dreamer (Feat. Malou),"Reinier Zonneveld, Malou",21A7bhIL1m6CNZn8y57PIZ,Heaven Is Mad (For You),5AwdBViQX8KJyd4cX2RBP7,2023-10-13,179255,19,2023-10-16T22:53:25Z,False
0sMBxRSUlZvcqJtivG0I6H,Sense,"DJ T., James Teej",3gkLqGRDA19txXCSKXq6Gx,The Pleasure Principle,0ohKM9s3DCiiG5dQUQ3GRm,2011-03-25,289480,15,2023-10-16T15:06:43Z,False
3c0q7c2pNN8mkZqHf5o6j8,Uncharted,Henry Saiz,1f5QPXLfjlzlG77lCkdl0W,The Cryptozoologist,7DKesetyzje4tH73Vb2s4C,2013-02-14,511933,26,2023-10-16T14:46:19Z,False
1JWYelVPC1wsbaqMrmD8K7,Leavin' Me,"DJ T., Khan",3gkLqGRDA19txXCSKXq6Gx,The Pleasure Principle,0ohKM9s3DCiiG5dQUQ3GRm,2011-03-25,328173,25,2023-10-16T14:29:01Z,False
5G9eGKVbyX9G2lhT5M9fD5,Hard Gaan,Reinier Zonneveld,21A7bhIL1m6CNZn8y57PIZ,Church of Clubmusic,3Ji4igo2WBzCC7Vlz72FCv,2019-04-22,213333,0,2023-10-13T04:48:21Z,False
5EuIFhLNjbJtvypl701Byb,Ibiza Disco Lines (I Don't Wanna Stop),Reinier Zonneveld,21A7bhIL1m6CNZn8y57PIZ,Church of Clubmusic,3Ji4igo2WBzCC7Vlz72FCv,2019-04-22,225120,0,2023-10-13T04:46:44Z,False
6Dq6G5Q8ofAzF7O5a1NBRx,Music Is The Answer,"Reinier Zonneveld, JG",21A7bhIL1m6CNZn8y57PIZ,Music Is The Answer,4uAtx4j6PPeXFWGZdqeps3,2023-06-09,244200,0,2023-10-13T04:44:35Z,False
3s2XZ9wf41ATt3MoErG92F,Dance With The Devil (The 6th Gate) - Reinier Zonneveld Remix,"Reinier Zonneveld, D-Devils",21A7bhIL1m6CNZn8y57PIZ,Dance With The Devil (The 6th Gate) (Reinier Zonneveld Remix),40X4hXrqeNToeSsukXL5r2,2023-01-27,192000,0,2023-10-13T04:43:50Z,False
5sWINpQXREyHUZdGnxvuy3,Alone - Acoustic Version,"Jan Blomqvist, Malou",5wMlMjOLeJfS5DfxqGfm83,Alone (Acoustic Version),7aw5cPNljqet7fBWrABEUK,2023-10-06,135012,16,2023-10-12T17:47:21Z,False
5HCyWlXZPP0y6Gqq8TgA20,STAY (with Justin Bieber),"The Kid LAROI, Justin Bieber",2tIP7SsRs7vjIcLrU85W8J,STAY (with Justin Bieber),4QLAtpLNUsHEYrcHXmMIZZ,2021-07-09,141805,80,2023-10-07T03:16:27Z,True
41HQKuY6idlPq9W7MeiNbS,Deep Space,"Sevenn, Silver Panda",7bNqXqIrIfwJnipx7oGeU4,Deep Space,2FoPae81NmFY9puNcEcsSk,2023-08-30,181209,39,2023-10-06T16:22:41Z,False
23RoR84KodL5HWvUTneQ1w,(It Goes Like) Nanana - Edit,Peggy Gou,2mLA48B366zkELXYx7hcDN,(It Goes Like) Nanana [Edit],2LVDNOUUy2g8517ZEtQIcK,2023-06-15,231545,76,2023-10-02T00:33:14Z,False
5WHafXECDl10FpURCL294J,Prisma,Amirali,5HbNxuQxsJRdjqfJ6wNh17,Deep Inside,4p6Xsciy13VjSXaru7GoU7,2023-09-29,335535,0,2023-09-30T19:55:12Z,False
4KFKGv2cpn0d2exZwr5x1K,Benz(o) Dealer,Da Vosk Docta,0eVFGwSvttHQvGrdcKXbW2,0%DOPAMINE,57TwJ21oINmMxHBhqDnfbo,2023-08-18,209032,18,2023-09-26T20:40:43Z,False
6LFVwzq10ior1rK9032bCj,Apollo 11 - (Mixed),"Matador, ARTBAT",1UcYY5JDPe05nqjODiVkx1,"Global Underground: Adapt, Vol. 3 (Mixed)",0EHCPZrzsncbUdZCogRL7C,2019-08-30,100893,14,2023-09-26T20:37:59Z,False
5FEIQzXG0J0xEkNolFbgHu,Приворот,"VSN7, Asenssia",7aPT87bbFE2IO9d3qpzf9U,Приворот,7pyB3lA6jtpyFjZvLgHvv2,2021-12-10,212000,37,2023-09-26T14:35:38Z,False
2JZqPb0miqjFSyVPqMfSta,Save Me,FOVOS,1ccmwHm4DPRPR12TZVWdu8,Save Me,1k7Xv6WrWBxsLb8KHV46PF,2022-12-09,161739,0,2023-09-20T15:29:33Z,False
4NvPv0tX9JU0Z8aY9e05T0,Gamma (Joyhauser Remix),"NTO, Joyhauser",7ry8L53T4oJtSIogGYuioq,Gamma (Joyhauser Remix),4IpmI7v3nTcGSw4YLKEMrw,2022-12-06,422016,28,2023-09-20T15:09:08Z,False
5eLSXWSJphV4u3YZCNXySE,Escape,Eli Brown,5lVNSw2GPci8kebrAQpZqU,Escape,2Kpw5rX51yvVPdGAT1de6D,2021-04-02,190866,53,2023-09-20T14:59:09Z,False
0lwfTyUbKM9Em6225HXT4B,Colonia,Space 92,6TVdVlY6irsNPkMHT2HkfD,Colonia EP,12KzIVisgBIHt3YyN5sjIX,2022-09-30,234546,42,2023-09-20T14:35:33Z,False
5RGrluH4r6ZO4UohRn3pTw,Die Reiterin,Schrotthagen,5lo98rtXBC7oYpOEsyLc94,Die Reiterin,6YdMueNJzkqoHVKQCZ9V4L,2023-08-25,195310,0,2023-09-15T22:04:04Z,False
3y0tDFDuqdiLeEvldDsgmp,Chastity (Somewhen Remix),"Pussy Riot, Boys Noize, Alice Glass, Somewhen",2hThsqaVEAWhWPBXnaOfB9,Chastity Remixes,47BRMbAHR1udkEgKtmHaPD,2023-08-25,231818,38,2023-09-15T10:04:24Z,False
6Lg06dneoRTWkNmkQlt7mP,Just Focus,umbraid,3DrIOrFjCFuhuUK7SQt8vL,Just Focus,7xr0wur0gIZRDjT3BN0VQe,2019-12-04,312007,18,2023-09-09T03:41:02Z,False
3x7Iu6J91apKdaS6pU4vQV,Hypnotized - Joyhauser Remix,"Amelie Lens, Joyhauser",5Ho1vKl1Uz8bJlk4vbmvmf,Hypnotized,68XbUQdwTqfl0Hl3ZHJWgW,2019-07-05,401626,0,2023-09-09T03:19:35Z,False
39djaqNDbjHAqWjPsVs4gd,Power - Original Mix,TRYM,5Nd385K2g3s0828W8Ab70z,Power EP (COLOR 003),72gVzTB1FZZRYhKfBu89f6,2021-06-04,366043,17,2023-09-08T13:11:53Z,False
4nOOoo9OJbgnTBNHe5b6nD,Romantika,Brutalismus 3000,6LtXxYMIiKSy2EGHnz1f5j,Eros Massacre,0ZVpEzmv3wYLL1waCPPf7V,2022-04-29,250145,61,2023-09-08T12:11:36Z,False
7z6AOTVe3w7tHwFbXznxsK,The Desert Sun,Miguel Campbell,4uZJDUKi3NXQsuMKP3rOeC,The Desert Sun,7aQIg8pibVzDsWRbSavV7Q,2023-09-01,267130,14,2023-09-01T21:45:29Z,False
0aVrpFRLlrd5zVyPXWP3mS,Miracle,"Adriatique, WhoMadeWho",02DWGcShQivFepRvGJ7xhB,Miracle,2ctujff7VotoPkcd4AXXT8,2023-09-01,302740,60,2023-09-01T12:59:02Z,False
1NzBj0x3sMG6qhYbNhpqJL,The Sound,Alignment,4eFbq5PZgW7YbtA65PP4wS,Old School EP,5n8Ql5AetOmyb7XNWIPuRw,2023-08-31,337978,29,2023-09-01T03:11:21Z,False
0bIrl9bmKPztH1TQCTwuEr,Old School,Alignment,4eFbq5PZgW7YbtA65PP4wS,Old School EP,5n8Ql5AetOmyb7XNWIPuRw,2023-08-31,331934,25,2023-09-01T03:11:15Z,False
5EXiG3FAMBDlCow1ffe8jo,Play Hard,ANDATA,4EWtOuG1AiHXvrd9LtEnzQ,Play Hard,0gEyTQ1ew9QZDDDl4crQoP,2023-03-31,360000,11,2023-08-28T16:36:00Z,False
37D5hJpxoD9BiEs0A6X5Jm,Laika,"Solatic, Coramøøn",61Lu3t06G6EPp61PovXqfm,Laika,7wX02Yh1uqc30CW4U7y0wI,2023-06-09,417252,7,2023-08-28T16:26:27Z,False
4SbF2c4IJvwFxlmRgnQ1Uy,Afterglow,RASCØ,1OUqg1dr0QhcBRrH80cmI3,Afterglow,4LIpWdAFkH0phSXTayMlSX,2023-01-31,282857,20,2023-08-28T16:14:37Z,False
6W18YHU3LxtC7IAesuotdC,Isolation,Vanita,03wBbT5tqttIBpmUrNa9ur,Isolation,0GWtoMVbrohocQ4JoN7hMk,2022-12-09,388480,9,2023-08-28T14:49:57Z,False
2xYkpaNN8KYXI56KrVG0ws,When All The Lights Go On,"Julian Muller, CAIVA",5UWmNXxqHIUcpHEJCxDojK,Without You,5fvTw7lDiZ7vAie0wL5PXh,2022-04-29,377009,0,2023-08-28T14:27:07Z,False
6aSAsiVuXZCwI4oYjRhNJH,Don't Get Lost in Heaven - Original Mix,BIIA,6aLjZidc4PrcXCrCnLzR6W,Fresh Blood : Tome 3,69j4gGZAsXru7YlPHF4Ir7,2023-02-16,353032,0,2023-08-28T14:26:56Z,False
21fAjb3K01LujY841IMbtA,Ira - Yubik Remix,"Enai, Yubik",1SJwIpXxFHY5MOruX6gvve,This Is a Dream/Ira Remixes,3lq5bRobOkMDH3FnChhhMX,2023-04-28,343414,24,2023-08-28T13:58:45Z,False
7lgpovXGnWB9GvBPi0k2sr,Second Language,Fehrplay,6HcVFayEV6B5xgp59WXKbF,Arcadia EP,7yd7AeJmSQnq4gfAzWSIoo,2023-07-21,388000,17,2023-08-28T13:58:23Z,False
790uMCgfdponFQn90J4AbP,Trip To Kyoto,"MEYEM, maem",6OzM7HVNYnambM1FHibMfu,Trip To Kyoto,4kgNHnxuLiqpcajIHaCGQh,2022-10-19,393802,27,2023-08-28T13:58:05Z,False
51VlMC9AnJQmZqnAZQjfp5,Time’s a Fantasy (feat. Jeff Bhasker) - Anyma Remix,"Portugal. The Man, Jeff Bhasker, Anyma",4kI8Ie27vjvonwaB2ePh8T,Time’s a Fantasy (feat. Jeff Bhasker) - Anyma Remix,1df48ZyihLZfWMVeeFipQ2,2023-08-25,240060,49,2023-08-28T13:39:15Z,False
0nQdTcykkSL4f8MP8qE1Fl,Wait For You,Colyn,5vr1GvUstxr6nwxniKqLOh,Oxygen Levels Low EP,7ea46yAHcKgJnhbAgtL4il,2022-04-29,465199,0,2023-08-28T13:13:05Z,False
0Xm3qMKuGML22vsOVycQYw,Shapeshifter,Massano,6htWLP8aiuf19FYMA4VQAZ,Shapeshifter EP,2375MnvrnfiIO9qKjY9SVd,2023-08-18,383448,33,2023-08-23T20:15:33Z,False
2hqpcsqOnPHxWDIRGPJAXC,Red fraction,MELL,2hEvvgrmO91VMERk44HPY1,MELLSCOPE,3YQJIiW2Hv9BCHPgJc24dl,2008,221386,0,2023-08-22T21:58:06Z,False
0bfeRvbX6Y7BU13QqeA7wf,Metamorphosis - Marie Vaunt Remix,"Belocca, Marie Vaunt",3jcvzSheHd14vjraXHLGPN,Metamorphosis (Remixes),57pdwokXUIOHrmM272v7qk,2023-06-09,377867,38,2023-08-22T13:46:35Z,False
2quJCirmxL0onIdjhmX5ml,DIE LIEBE KOMMT NICHT AUS BERLIN,Brutalismus 3000,6LtXxYMIiKSy2EGHnz1f5j,ULTRAKUNST,1OegF0mIizsl36EVw1y1SW,2023-04-07,206626,56,2023-08-19T20:16:48Z,False
3bfoE6deRVfiq1VBJcftti,ALLEINE - Brutalismus 3000 RMX,"Yung Hurn, Brutalismus 3000",4PvnP3yCzrT289cX3wCdOx,ALLEINE (Brutalismus 3000 RMX),4TgJh50gs7yp059X4pmjHR,2022-10-28,189120,51,2023-08-19T17:19:30Z,False
09Rv6ctDE0t9z8zk5FINg8,Danielle (smile on my face),"Fred again.., 070 Shake",4oLeXFyACqeem2VImYeBFe,Actual Life 3 (January 1 - September 9 2022),5q2iMctlDvEMYVIawF6Vop,2022-10-28,201230,61,2023-08-17T17:42:41Z,True
7DjHiDck3fqsiBBnRX5FLb,Hold Me - Sped Up,Lavern,03y4yOxhLk6MDJ1bV424uO,Hold Me (Sped Up),72qi3bYlMJBAIXw1HETGFG,2023-05-19,118018,38,2023-08-17T17:42:35Z,False
59NraMJsLaMCVtwXTSia8i,Prada,"cassö, RAYE, D-Block Europe",5wCmhq5J2hPwL2r0eKurxn,Prada,5MU0RmBSpoSxOPYBfcobDc,2023-08-11,132359,80,2023-08-17T17:31:31Z,True
2g2Sy0FDOM6B5O8qcGeVnU,Samsara (with Sevdaliza),"Anyma, Sevdaliza",4iBwchw0U0GZv5RfVYSMxN,Genesys,7rCb8j8kaVvoKE44Dxf21y,2023-08-11,263225,53,2023-08-14T16:22:09Z,False
2XmN4sUQdDwnAwCqTpScMw,Angel 1,"Anyma, Innellea",4iBwchw0U0GZv5RfVYSMxN,Genesys,7rCb8j8kaVvoKE44Dxf21y,2023-08-11,346587,44,2023-08-13T02:36:55Z,False
0Wh4YlbUtNSrgHq6HnfD0c,Vigour - Julian Muller Remix,"CAIVA, Julian Muller",0VevbPTec9d8audiahBL3f,Fatigue,7H8AhpWNX7FciB94nhxRJJ,2022-03-25,349393,33,2023-08-13T02:06:08Z,False
7jQkiAaa4XYYsPH3rcfcWo,Praise The Lord (Da Shine) (feat. Skepta) - Durdenhauer Edit,"Durdenhauer, A$AP Rocky, Skepta",2CaWJMR1eyvq8n5h96ggJC,Praise The Lord (Da Shine) (feat. Skepta) [Durdenhauer Edit],6uVc1jXybFsyaLi48p8zYu,2022-11-18,163515,69,2023-08-08T20:16:00Z,True
1SNo37dPx7FSlEoQwr1v5Z,SHIFT GEAR,"upper class, D.K.denz",2NtGuhjeGjxetrptLSQHV0,SHIFT GEAR,7HrSVK8uj9xKY2aP2yUrQW,2023-05-05,213000,17,2023-08-07T18:59:56Z,False
32v7oXsd2S8XcZoPGO488S,Under the Sun,Ae:ther,2Va4TMOAXwdFAcakAUNSsV,Under the Sun EP,18UianFgcKByeelb2c1lWN,2022-08-26,375173,17,2023-08-04T20:06:03Z,False
5yurX5Ob5JYWkoEWDUKOZ5,Merlino,Ae:ther,2Va4TMOAXwdFAcakAUNSsV,Merlino,7gWkOkeVjtpLve4MIZGEvc,2023-05-12,409880,31,2023-08-04T00:43:23Z,False
7nj50KCxnSOUGNOvLP0gEn,Syren,"Anyma, Rebūke",4iBwchw0U0GZv5RfVYSMxN,Syren,5A7NPffONvtKvxAg91iuEP,2023-07-28,197822,0,2023-08-03T01:49:12Z,False
4vlZW4p9TF0xDIMGo5LQlE,Venere - Fideles Remix - Edit,"BOg, GHEIST, Fideles",7FldCwBXVtA0TFbqxvaKZY,Venere,7LzrIgEiPN4JgGrpqfHV2S,2019-07-08,243936,20,2023-07-31T19:33:08Z,False
6sFEubIG6L1RYPAVyZ6U2m,Chemicals,"Jonas Saalbach, SANDHAUS",1bLLaWOLavY2Tthjoz19mA,Reto V,5X0BBgXFTb6K1jRUPW9oaG,2022-12-16,216687,4,2023-07-31T19:29:11Z,False
2ZKL2ComlqDDvRI8XAkJAK,Summer & Smoke - Collé Remix,"Cubicolor, Collé",4nMIbZxtt1kWqUZ8VNKvjU,Summer & Smoke (The Remixes),6qNbDRjMcjbzkHqJVYjLga,2023-04-04,235738,18,2023-07-31T18:46:22Z,False
06WDGDhZhbrOwIpvh6gXFK,Saharan Dust,Fur Coat,26J5ZprV3p7jv4fHTmpXsB,Saharan Dust,1soFOI6qXxfOChT6aG3ib4,2022-07-08,210242,13,2023-07-31T18:35:35Z,False
6CiW8ZvZQYHyCdKsfYeJYL,Liquid Fantasy,"Agents Of Time, Vicky Who?",6Jbyd4qzEtbFtswZP1o6Ht,Universo,6myGAZHh7d3FbQUFHnN9WT,2022-10-14,330000,27,2023-07-31T18:27:27Z,False
6nbUt4NuWKjmFVRkNivY2h,Dynamite,"Ae:ther, Yellowitz",2Va4TMOAXwdFAcakAUNSsV,Dynamite,0pq7cVbdYB77fzPRdpzayr,2023-07-28,217652,36,2023-07-30T18:15:01Z,False
3dCuWnwg782MgxRXmDDgUL,Arcanes Célestes,ØRGIE,1szhCDK5eUZ5ANNHmmFqRF,Skull Factory,2d4ID1NSUnfGxRZiw7tGBb,2017-01-21,459000,39,2023-07-25T13:47:18Z,False
2BCaas3HKVlNZAe2Lzfq7x,Luna,"southstar, AKIRA",1GVuCyb4PlArufUZDUnRQi,Dunes,5OraR3Y7Ccd990r66pBWUB,2023-05-19,170732,39,2023-07-18T04:10:19Z,False
3lLOuE6Z5jlQVqO2bbpC8A,Greece 2000 - KREAM Remix,"Three Drives On A Vinyl, Three Drives, KREAM",10feV0eOe64kjUc95Lnfuv,Greece 2000 (KREAM Remix),33SvBsfAut1yQ9BizcWIOV,2023-04-28,215040,41,2023-07-15T15:22:30Z,False
6cNSxZaBUwojTM7Ffx4IR9,Kurai,KhoMha,4ngwbMFTQKrLkLfREBYrvW,Kurai,1pH9PvhnJlKqViwecG48Zk,2023-06-09,172615,0,2023-07-15T14:25:48Z,False
3iViCxm3KzCMetwCk60XuN,Alone ft. braev,"Massano, braev",6htWLP8aiuf19FYMA4VQAZ,The Theory EP,0kV5GMyTCu0SEV60COyDLr,2023-06-28,286451,42,2023-07-15T14:02:37Z,False
0jHezfBKttmYivLmNvUzzt,The Blaze,Massano,6htWLP8aiuf19FYMA4VQAZ,The Theory EP,0kV5GMyTCu0SEV60COyDLr,2023-06-28,270476,37,2023-07-15T13:51:37Z,False
4o9XrRSQhyCi8O3jglCaIg,Apocalypse,Agents Of Time,6Jbyd4qzEtbFtswZP1o6Ht,Apocalypse,6SYa3oRjAOg2MSJdE5W2fE,2023-07-13,320000,32,2023-07-15T01:39:50Z,False
6kkf975GwERykpvOTu7IXZ,Metro,"Kevin de Vries, Mau P",11aPF3sc8lDWNqPVInm4Zx,Metro,2PjqXRSqBqvHWArQRYCNbS,2023-07-14,239585,2,2023-07-15T01:38:35Z,False
5E0Qv4iuhvxfi10PSyUUTZ,Easy :),Loverground,3SvoerawAn5RAZ2N9osc3z,Lewisham is Home,2O578cZT8CDJgKCPOdfpWJ,2022-12-09,202926,0,2023-07-14T17:11:58Z,False
3i742n37mQpCvRDPgL1Cec,Summer in Marseille,dublon,5Nzul0jB2OCPX7vmCFoJXD,Summer in Marseille,2dDSS3zOmzSYrDwZripXyl,2023-04-27,130917,50,2023-07-14T16:12:24Z,False
4w3aeFTHofDdXk35ZCpMzl,Faith in the Footsteps,Rioleval,45I1HAnq6EeSBi48cAqpw0,Faith in the Footsteps,6v39yGu25Dtj2zu1j2ZRxC,2021-06-11,222000,38,2023-07-14T16:08:49Z,False
5IdKFsdqr1Emn1ZqqowfIk,Purple Lanes,southstar,1GVuCyb4PlArufUZDUnRQi,Blue Tape,4gc7lNsbHBXUyyS6BYeahD,2021-12-29,159374,35,2023-07-14T14:20:04Z,False
0yFyV9gzW08KmryjPcKxhX,Divorcé,DJibouti,2PyUWRpP3uy6MrZB1rPxQw,Divorcé,53Gqk7z8AY4dXqtIWqd2RV,2023-05-03,60952,43,2023-07-14T14:17:29Z,False
4b9yTPsiNHaSeCbhwePFI0,Circles,Shaolin Cowboy,3SLV96o2Xa4oOZpSl5FwgD,Circles,5Vq0b6Qs0DbwGsH2XqPZDh,2023-07-13,230268,10,2023-07-14T14:13:53Z,False
7DWgJtkXlJZTvwesfGc2Rf,Aesthetics,Vakhtang,4yjIpvFyJJItB8Rh9o6Guw,Aesthetics,7tCZ5UKztZBnkGlbQg3LUd,2020-10-23,169761,32,2023-07-12T18:10:08Z,False
0iofhe3HgUtzq8yiPDKp1Z,Aylyak,Victor Garde,0bC87PglfzQGdIUKnSDWa5,Aylyak,2HFA0eMSuzqqxFY1y3wMGr,2023-05-26,211381,1,2023-07-12T17:55:18Z,False
2XCfdXbtoqVTXxw3vIOGTo,Notre Dame - Original Mix,DANNY AVILA,1Xv1qZHJ1hnRlWHRTZ3uci,Notre Dame,7HvUdTTSn9818mPuwkHIOf,2023-04-14,223636,0,2023-07-12T16:48:28Z,False
5T7bhz61NBmwLXeGeioW0I,Power of Seduction,Spicy Mentality,6fleu09EgbNi6c1qNUNfi9,Power of Seduction,1urf8kxHmQEpwLLKKY0Bms,2023-05-10,262400,16,2023-07-12T16:01:06Z,False
3umznlBEmU6Y9PJF3FRpMA,First Time - Shubostar Remix,"Joe Lewandowski, Shubostar",7vElnPfV9oKuSqfN1Zptbl,First Time (Shubostar Remix),3LgbBW7SVypIEkccPqU9Yd,2023-01-13,476443,0,2023-07-11T17:28:04Z,False
2QQkScIO5z31KgUwlEzQB2,First Time,Joe Lewandowski,7vElnPfV9oKuSqfN1Zptbl,First Time (Shubostar Remix),3LgbBW7SVypIEkccPqU9Yd,2023-01-13,220034,0,2023-07-11T16:23:55Z,True
3inT1IxuFkEiNsZlAsnShZ,Dolphin Dream,Shubostar,5J7kzftVddD7jcs6ce3Cbv,Dolphin Dream,4xYHLRhf2h2w5HhWQJ88Dx,2023-03-31,389647,8,2023-07-11T13:18:57Z,False
1B7ZRRwmqbmkRKaJPWLqMb,Spiegel,"Shubostar, Justine Forever",5J7kzftVddD7jcs6ce3Cbv,Spiegel,0RLYicBwOhb92Jzw9ycG3z,2021-07-09,366008,21,2023-07-11T12:37:32Z,False
1CNl92JZb3bG4NmPh24zaO,Bring It On,Sonic Future,3VJB7svYoxtuq63RObUElO,Chameleon Soul,6nw26ZcrbUT4J4i3ThBDzx,2014-05-05,393442,2,2023-07-10T18:19:52Z,False
2MSy3Rh8IpOnle4WLFe2tm,Stances,Sonic Future,3VJB7svYoxtuq63RObUElO,Ohm,5LsitRQIO1wM8bTTyrnvLj,2017-06-19,476097,0,2023-07-10T18:04:13Z,False
7x8C7o8YLvyEWIP4rwVyDy,For Me - Original mix,Sonic Future,3VJB7svYoxtuq63RObUElO,For Me,77n0V7O9LQJNht3JoAR3ke,2013-07-24,415816,0,2023-07-10T17:51:46Z,False
6TqI83zjLiDysgSSZbzKOw,Funk It Up - Original Mix,Sonic Future,3VJB7svYoxtuq63RObUElO,Funk It Up,6OIecJQAzDGgFEWm0HPbrv,2014-09-29,371900,0,2023-07-10T16:45:45Z,False
4HSLPlVJBKKD0e6v3wrMNJ,Mind Control,"Chris Avantgarde, Kevin de Vries",715OI7hiv58daVlEDXM47U,Mind Control,7kcV8TW3tkiXJhlwJStE39,2022-11-11,307141,35,2023-07-09T15:59:44Z,False
1vmU5mjHUKZ4FHi7sawBdA,Pablo - Jos & Eli Remix,"Citizen Kain, Kiko, Jos & Eli",4WRWFxbK0DKYIpHcScsnAE,Pablo EP,3BKNZlWW0NmiyPX4MkQuDp,2022-09-16,357120,19,2023-07-09T15:59:41Z,False
3o5P6TF0Gop8MiuuuTtttl,Hypnotised,"Tinlicker, Dosem",5EmEZjq8eHEC6qFnT63Lza,Hypnotised / I Can Feel,5QDehFZtgj2xIdHJYd0rE8,2021-08-03,340114,45,2023-07-07T16:48:00Z,False
6HJAdLXiftPneds3V2GSXd,"Disco Boy, The Rising (From Disco Boy) - Radio Edit",Vitalic,4M84umUNRbZy1mJleyyRM9,"Disco Boy, The Rising (From Disco Boy) [Radio Edit]",241l9VKJ5cubtXvOZ3y4S2,2023-03-21,180045,0,2023-07-06T13:05:50Z,False
6Ap8C2waBjLk4NMTwF9mnx,Under the Strobe,CAIVA,0VevbPTec9d8audiahBL3f,Under the Strobe,4AYiG3JSiUOjPzdlLlxQyx,2022-05-06,389419,19,2023-07-06T06:02:55Z,False
3LBWAYCXn4GCkg0jOgWD7D,Breathe In (Short Mix),"ARTBAT, Another Life, CAY (DE)",3BkRu2TGd2I1uBxZKddfg1,Breathe In (Short Mix),1FchiEL5g79UaUVnwdGQcK,2023-06-16,247559,46,2023-07-02T00:51:27Z,False
4Z086HzCQqB2M0m8jme8rY,Radiance,Amelie Lens,5Ho1vKl1Uz8bJlk4vbmvmf,Radiance,4e7dw7ZW7rpfPxUfoLfDcu,2023-06-30,338165,37,2023-07-02T00:37:08Z,False
6wQuO4JpaROV6M0BVtFTCS,Suspend The Feeling feat. Giedre - Original Mix,"Mario & Vidis, Giedre",0KmzZnBEQyHCFOHW4dzdVk,Changed,2yIvyKnnVPIPKR8nW6kcdW,2012-02-13,213669,39,2023-06-30T00:24:15Z,False
73vlQdAyfYfAf2979ScSxb,The Last Soul,Robert Babicz,5XFQLyJekhzCO7PiTqboOB,Kelch 6,7vAIv84cl0OqOI7xvjOdGh,2023-06-23,434944,4,2023-06-30T00:16:58Z,False
0NDhZutn69dvuJBoiOHEm9,Unwritten Esoterics,Vhyce,5rzLwPhUU0Fh8KEM021KHa,Unwritten Esoterics EP,0qlWUyPMoleuptbaCabz8F,2023-03-10,216889,15,2023-06-30T00:16:53Z,False
764dlcO2ri4KKWb7dVWhpI,Drop Dead,Alx Beats,5n8XW4GI0uT3sHgwUOUapx,Late Night Drive,2k9y0NcAobHVWZdtpF9vxc,2021-10-08,126783,27,2023-06-27T03:46:22Z,False
2iWDkAWh9ZlrUg6EkTjxAH,Late Night Drive,Alx Beats,5n8XW4GI0uT3sHgwUOUapx,Late Night Drive,2k9y0NcAobHVWZdtpF9vxc,2021-10-08,114031,46,2023-06-27T01:40:31Z,False
4oGBU1s6JDtqXZ7xFACuiJ,Waterfalls,Alx Beats,5n8XW4GI0uT3sHgwUOUapx,Late Night Drive,2k9y0NcAobHVWZdtpF9vxc,2021-10-08,151401,21,2023-06-26T12:46:11Z,False
6MKYDJRHgQLMvbWrzzsrNz,Air,Alx Beats,5n8XW4GI0uT3sHgwUOUapx,Late Night Drive,2k9y0NcAobHVWZdtpF9vxc,2021-10-08,128503,38,2023-06-26T12:34:48Z,False
3DR7cZ4H4tIULSKl4MTKTO,LWLNDS - Dutch Hour Remix,"NeuroBeatz, Dutch Hour",3oVSD2qVvvT9HhWDlFk4Hv,LWLNDS (Dutch Hour Remix),3idLiXvu6cPWK2pJRLkHN5,2022-10-01,68870,0,2023-06-19T22:21:09Z,False
4kh3BO905A2aAY17lug2eV,Phantom,Layton Giordani,7mC3RkNNTV6p2j9w4F8Ip4,Phantom,53kkvZnrWCe8HOFQGr7o3h,2023-06-02,222222,42,2023-06-12T17:23:26Z,False
4KydxwxPpZGxrdb1wzUilj,Restless,"Somewhen, COCO-PALOMA",0k47nZgznsmnNkSIJvjbVy,Sektion 3,1nGOgACCBlA4Hmrlm8Xkpd,2023-06-02,394333,0,2023-06-12T17:02:24Z,False
28KF83Qxd3raEAEjG1Rj0E,Keep Your Eyes Peeled,ULTRA SUNN,6urohrV2xk0fQGPknaw7dx,Keep Your Eyes Peeled,05vqnRmqtwd5pNMVdgj1eW,2020-07-17,230945,55,2023-06-11T17:15:07Z,False
5o0Vp3JEthxcQTTZOmUPQj,How You Feel,Dsnt Matter,6kkot1U0JuuGTYEPEh2FXW,How You Feel,2nK78wgzwNi4RovINijYqy,2023-01-13,192195,25,2023-06-11T17:01:10Z,False
64HfvrHpMhaPArBsmo5QTf,Feel Your Ghost,"Tiësto, Mathame",2o5jDhtHVPhrJdv3cEQ99Z,Feel Your Ghost,1CTxgZIYbDoSltqjBmwxyK,2023-05-19,205259,44,2023-06-11T16:03:45Z,False
3XgtRplaKaBn8lxBCAhfwI,Welcome To The Opera (with Grimes),"Anyma, Grimes",4iBwchw0U0GZv5RfVYSMxN,Welcome To The Opera (with Grimes),5T23uxAysoGW9w9blVWTi5,2023-06-08,245280,0,2023-06-11T16:01:37Z,False
0ZA7cN7fyKPzVLb87coLEi,Stimmen der Tiefe,Roman Gehrecke,7g2FnYwHfBBbE7YihQcG1O,"Du, der Teufel und Ich",4TZAeqWS0N4Y7Rmtz1yoYX,2023-05-31,385600,17,2023-06-11T15:35:38Z,False
1VZcEYRfYUuFywp4ns4pxd,Catch Me,Franck,3XGGc2cdg65V8AOXGfdHwb,Sektion 3,1nGOgACCBlA4Hmrlm8Xkpd,2023-06-02,342483,0,2023-06-10T17:11:37Z,False
3zuaDpUbBX1yepWVGdBYQG,Frei,In Verruf,5EnbpUtGIk2qPzGgNE75m0,Sektion 3,1nGOgACCBlA4Hmrlm8Xkpd,2023-06-02,369140,0,2023-06-10T17:04:35Z,False
7edXkuOw8xjSyGG6otwW9d,Wir Sind Die Nacht,"O.B.I., Timo Revna",0f87xNphOln9PY4UNcXXr4,Sektion 3,1nGOgACCBlA4Hmrlm8Xkpd,2023-06-02,367930,0,2023-06-10T14:57:58Z,False
5sscqexUMirZUKd4ymckzh,Parametric,SZG,2dA6Smaiz8WzxWLZuqETGs,Sektion 3,1nGOgACCBlA4Hmrlm8Xkpd,2023-06-02,349107,0,2023-06-10T14:31:21Z,False
5jCqGZpLdbfutqUdO2HSNE,Die Energie,Lukas Meunier,6jRcL44JCK2krB9AmdXmRH,Sektion 3,1nGOgACCBlA4Hmrlm8Xkpd,2023-06-02,341791,0,2023-06-10T13:42:23Z,False
1YHcwgrbsYdyyAFYiW8MNN,Walking Alone,Julien Bracht,10dTAeheJUqaoY9C0UxdHx,Walking Alone,4vVG1aL4wDWz1dpJTMTNfD,2023-05-04,189729,11,2023-06-09T16:35:45Z,False
22yERhbABNbxGZzsKrsg5i,The Raid - Myde Megamix,Ralphie B,5KZ8bXnO1Q3nGWP2UqmQ3f,D.Trance 98 (Incl Techno 55),68SMJ0gQBnMTIH6bsizP6y,2022-05-13,359886,0,2023-06-06T02:54:21Z,False
4ZuRtS1VQYdJBeHPQ1QQj3,In The Dream - Myde Megamix,"Dj T.H., Bas van den Eijken",4ulezsrIi1ZZ4uUx1QqasZ,D.Trance 98 (Incl Techno 55),68SMJ0gQBnMTIH6bsizP6y,2022-05-13,207032,0,2023-06-06T02:46:44Z,False
2nNx5HLWtOyiGeF27MfAEN,Seastar II - Simox Remix,"DJ Jamo, Jack Knives, Simox",1zCb9jdQGbXOJ5QsiWqOaF,D.Trance 98 (Incl Techno 55),68SMJ0gQBnMTIH6bsizP6y,2022-05-13,281000,2,2023-06-06T02:30:25Z,False
6iKLdREEci9SyzXl9JNUVk,Feel It,Amelie Lens,5Ho1vKl1Uz8bJlk4vbmvmf,Feel It,1jexRZSS5u38DkCdzcHvTz,2023-06-02,258573,56,2023-06-04T02:44:13Z,False
4Jwes4qshAzDjBiUwGPZeR,Voyager - Marlon Hoffstadt aka DJ Daddy Trance Remix,"Tjade, Marlon Hoffstadt, DJ Daddy Trance",2XgDjvneRRotQu4r9lTRuh,Voyager EP,08UUzP6XK1r07yWaoKhPNN,2022-07-25,316000,40,2023-06-04T02:34:44Z,False
2PD0RDVJxHCqKGnLLblMMf,Atlantis - Original Mix,DANNY AVILA,1Xv1qZHJ1hnRlWHRTZ3uci,Desiderati 4.10,0KTSunk3YztE4M00VFLrWU,2023-02-17,361865,0,2023-06-02T05:08:24Z,False
6B7i07DIQnXuuCvhRFPGYW,Full Throttle - Paula Temple Remix,"Sara Parkman, Paula Temple",3QKspYZWuPR8sJ6WW1zAdw,Vesper Remixed pt. 3,4lVmOFF3EYW9qa4ei4oju5,2021-10-29,361690,15,2023-06-02T04:36:03Z,False
7n24EOW7ElKwtz5wXkzynQ,GOLDEN SZN,"OGUZ, Nyctonian",2n6aFLFLpEBs61Kfy5EX5v,GOLDEN SZN,3qXVu7ROSjZ5YEdOwsK1FN,2022-09-23,294529,55,2023-06-02T04:35:27Z,False
6kGh70jRxkFJVxBHspRPzB,Imagination - Original Mix,"Jens Lissat, Bonzai All Stars",59BvsNC3EMOW499VET5PRm,Imagination,3d3KozpgdUOoNoP6rpaFe4,2023-04-07,348470,24,2023-05-28T15:55:52Z,False
4j6ls8FbsOrLk6hLLLeuZc,You Got the Love - Original Mix,Jens Lissat,59BvsNC3EMOW499VET5PRm,You Got the Love,5Gls1Tegztc099wJaO5jYi,2022-12-23,272111,2,2023-05-28T15:55:46Z,False
4vJJUd72zS9Ak5AmK4BBFk,Access - Joris Voorn Remix,"DJ Misjah, DJ Tim, Joris Voorn",3GKyfn5Iyo8i5TxoV9jPms,Access (Joris Voorn Remix),36usuR6K7daeDyCeQg7f5R,2023-05-26,190105,28,2023-05-27T14:19:08Z,False
0DjCwxpgho4eGcoDKhVxG7,Restless - Radio Edit,"Somewhen, COCO-PALOMA",0k47nZgznsmnNkSIJvjbVy,Restless (Radio Edit),5ySxBS7N6CuBSHFFIlEhPR,2023-05-26,205994,0,2023-05-26T13:40:25Z,False
5NuVxI2AlR1pYiMPa3zUjQ,Energy Flow Eternal,Jens Lissat,59BvsNC3EMOW499VET5PRm,Age Of Love 10 Years,6W9JVMHpGR7V3KfUhU7bCZ,2018,326363,7,2023-05-26T13:39:57Z,False
6g3txmuT9t6OR3fnIBYYEq,No One Else Will,"Flansie, Mall Grab",2BArfYNHUsUFaABc7WzoSI,No One Else Will,2GfYnALEt3vM8mA529GUbX,2023-05-25,256353,34,2023-05-25T13:53:24Z,False
7w8qT1UcnJIZafNiLu2C7h,Phonky Tribu - DJ HEARTSTRING Remix,"Funk Tribu, DJ HEARTSTRING",1vK8NnrPlBlF34LaiFX1SK,Phonky Tribu (DJ HEARTSTRING Remix),3SbtjONVN9BIpVxpks7A2g,2023-01-13,250348,37,2023-05-20T14:30:17Z,False
79grw34DPX7iCvVUfBPB9S,All Of It,"Funk Tribu, Lucy Dye",1vK8NnrPlBlF34LaiFX1SK,All Of It,5iHDU2XwpJwk0xiIH1Bc6Z,2023-03-10,331609,52,2023-05-20T14:20:36Z,False
3AtvfGdTKFyhh8wtIB05r9,Enter The Dragon (Are You Up?),"blk., Bklava",1oLPIdUjd6rJY1llzFcVw0,Enter The Dragon (Are You Up?),1JfBbmKOcrQa4LmEb6iU0A,2022-12-02,180774,43,2023-05-20T14:19:46Z,False
4tj0CXL6pgKk2PdllabUjh,Pathfinder,Miguel Campbell,4uZJDUKi3NXQsuMKP3rOeC,Pathfinder,0JzbRbIBpR8LHD9NaZbtXX,2023-05-19,293322,5,2023-05-19T18:28:09Z,False
7iUijliV7RNqBswYOI75u8,Signs of Saturn,Massano,6htWLP8aiuf19FYMA4VQAZ,Unity Pt. 3,6oQPnEVls3b5rYADbS1TvE,2022-07-20,372004,0,2023-05-18T16:30:12Z,False
4bJ7hDIjOucR0hGDEaVBOr,Best of Me - Radio Edit,"ARTBAT, Sailor & I",3BkRu2TGd2I1uBxZKddfg1,Best of Me (Radio Edit),0JZhnQOj0GJqODT4NolPLv,2020-09-11,229440,65,2023-05-18T14:09:39Z,False
7F9ZEilwyY3tLj4rhAL5PP,Loona,Miss Monique,29TpNOsTNYbLb6Xa10H0PR,Loona,0o4zg0ybNzXgebQZe7Ehtb,2021-08-13,236097,4,2023-05-18T14:08:47Z,False
4crU4KMHG15M2PaUOEK4Dv,Just Over,YOTTO,5Dyfxq0ZrFjjeFBdSNxDbo,Growth,0ouj5sd5ZHHQHkkz9LiPAI,2023-02-02,174344,0,2023-05-15T15:15:35Z,False
3CmrCp138uFktedGFL3nsy,Silent Lost,Hollt,7G5LXo0b0pFlVzgWNGOngl,Silent Lost,05BUlUXdbWGJeKrGSPb1Sm,2020-12-18,255609,0,2023-05-12T18:45:51Z,False
1yZBuUYcA0Ug7Y7ImNdhwt,Zodiac,Agents Of Time,6Jbyd4qzEtbFtswZP1o6Ht,Zodiac,6dylMlHC16SU924l7a6UGV,2023-05-12,342857,51,2023-05-12T18:38:20Z,False
2y7ypId1lyWGGN3ZgtuNrT,Stay Until the Light - Oliver Koletzki's Extended Mix,"Oliver Koletzki, Niko Schwind, Talmirage",1WjBIvYAnZTkTh5UiZNwlR,Stay Until the Light,6BKNkVbBzjgx5I3V1ZumOK,2023-05-05,408636,10,2023-05-11T17:08:12Z,False
4RfOBweHWhbKwFDqIsuxdY,I Need You - Adriatique Remix,"Elderbrook, Adriatique",2vf4pRsEY6LpL5tKmqWb64,I Need You (Adriatique Remix),5xoWT0xsoV2jQ5wFvLUEfN,2023-05-05,291304,39,2023-05-10T14:01:59Z,False
1QhtyPVcTEoRa6fkizTwkj,Dreaming - Casper Cole Remix,"Jordan Arts, Casper Cole",24eSGXE60RZgpoNACFxCLZ,Dreaming (Casper Cole Remix),3HqGiVhA5ASObu5Nzq8uVd,2022-10-07,265365,11,2023-05-09T23:18:32Z,False
6PSArspq6JShGfIiE0kGWJ,Dark Clouds (feat. Heerhorst & Peter Pahn),"Teenage Mutants, Heerhorst, PETER PAHN",3IFgjVPT8yeB4UnJCWOpZA,Dark Clouds (feat. Heerhorst & Peter Pahn),33ctW2TAe9YUbXoZDlbxDa,2023-05-05,271111,48,2023-05-08T14:24:26Z,False
6AbY84lsjLPb2RkmAMeG0V,Desert Ground - Mixed,"Julian Wassermann, Fur Coat",6QXqARXg4hZ3oAUitm2gU0,Spring 2023 (DJ Mix),4tsLhrgkvGGcoD2moWxQcX,2023-05-03,337918,1,2023-05-08T14:24:17Z,False
5XCkKlLGxGztfipvXlormP,Blaze Of Your Love,Miguel Campbell,4uZJDUKi3NXQsuMKP3rOeC,Blaze Of Your Love,3yJp4tiglhoIrY3k12D1Hs,2023-04-21,227394,3,2023-04-22T21:53:57Z,False
4LwbGXpHNvKkwiyLFBsBBQ,Miracle (with Ellie Goulding) - Hardwell Remix,"Calvin Harris, Ellie Goulding, Hardwell",7CajNmpbOovFoOoasH2HaY,Miracle (with Ellie Goulding) [Hardwell Remix],3LswMGIQwIQpJztiYx37xs,2023-04-14,184782,49,2023-04-22T14:33:51Z,False
7zHgQhbNY9Uq8Jz5Sfb7TG,Aphelion,The YellowHeads,3SEw2qamdOWyVZtzKxWTTg,Aphelion,7HD91XOmuMKBISiFivyF77,2020-01-24,192654,0,2023-04-21T13:06:10Z,False
5985LToyqbVWWNczsD9g5N,Clouds,"BUNT., Nate Traveller",2CpLIMBoE2ZzyY3ZBCRZ7j,Clouds,5ll0DBe2cSrSWiCSZ8IYXR,2023-01-12,158760,56,2023-04-14T16:32:30Z,False
4XzeThE3txvCBIrP40tj85,Eternity,"Anyma, Chris Avantgarde",4iBwchw0U0GZv5RfVYSMxN,Eternity,0U7a7nBQGHhDyDuhBxc3mw,2023-02-10,186284,2,2023-04-14T04:18:36Z,False
0yM2YvOGR3cBIoWBeFdtmS,Enjoy Your Life,Romy,3X2DdnmoANw8Rg8luHyZQb,Enjoy Your Life,7Kb95mdNRyzLjpXA7piX3N,2023-04-11,240053,47,2023-04-13T15:56:42Z,False
5bF00VrMY3FwnQDgoP4Gnk,Strong,"Romy, Fred again..",3X2DdnmoANw8Rg8luHyZQb,Strong,4feYoBaeQJUrYygOD4A0DF,2022-11-14,234053,54,2023-04-13T15:54:01Z,False
7CuXB3Dr61IvDFEWfqG3sE,More,"Jan Blomqvist, Elena Pitoulis",5wMlMjOLeJfS5DfxqGfm83,More,7DAyAlObwl5f8mcrqFCeWm,2016-02-05,216699,65,2023-04-11T03:06:16Z,False
0Py4iHLT1CPUOB6UJCrKeq,How To Listen To This Album,Stereoclip,4x2Ejyd2OGXtZrPvAQWvYL,Echoes,1oyF52n5Za9DFmSC2t0KMN,2021-11-26,150461,53,2023-04-11T03:05:13Z,False
3vZO25GdYuqFrR1kzZADnp,Ready or Not,"Fugees, Ms. Lauryn Hill, Wyclef Jean, Pras",2WKdxPFRD7IqZvlIAvhMgY,The Score (Expanded Edition),18XFe4CPBgVezXkxZP6rTb,1996-02-13,226933,72,2023-04-03T18:51:00Z,True
3AjyOYxBv8bByfBtG5o9dP,See You Again,Miley Cyrus,5YGY8feqx7naU7z4HrwZM6,Meet Miley Cyrus,0lB2NEOuH7WRqaWotxmIDH,2007-06-26,190453,69,2023-04-03T00:19:48Z,False
6GBww9Aytegh0LbVQe7Gol,Pandora,TRYM,5Nd385K2g3s0828W8Ab70z,Various Artists 2 - EP,1P3WmZob5OK9BMS62YuIME,2020-09-25,347649,21,2023-03-31T18:26:56Z,False
4AWeyXknZ6jaIqME1EypRb,Melodic Flirt,TRYM,5Nd385K2g3s0828W8Ab70z,Sparkling System,5EtLKjH311CLH0QwS7eSEF,2019-07-29,309889,25,2023-03-31T17:52:35Z,False
4QL6MnDgsC17nP96sdMXKO,Fight For A New World,Alignment,4eFbq5PZgW7YbtA65PP4wS,Close Your Eyes EP,1vdhcibrbib1EV1iLZxInF,2023-03-31,423814,0,2023-03-31T17:42:24Z,False
4upBuWLX4wsMg7S7gOqZpg,Dance For Me,Alignment,4eFbq5PZgW7YbtA65PP4wS,Close Your Eyes EP,1vdhcibrbib1EV1iLZxInF,2023-03-31,328879,0,2023-03-31T17:24:35Z,False
3b28eJuh4eW50jXjPKpf49,Alone,"Jan Blomqvist, Malou",5wMlMjOLeJfS5DfxqGfm83,Alone,1uBf6Qwf4RiZkrz6pGHyj1,2023-03-24,238129,32,2023-03-25T23:19:29Z,False
76QgEnuboHn8nOU0eHYPG5,Odyssey,Space Food,26N57YIjcZ0h3GDamTf9qn,Odyssey,5auYzODvDZ5UTwkxDrKyvl,2023-03-24,384117,2,2023-03-25T13:22:05Z,False
2rDwETmcGw4ZqbuXvLQmDL,Only You,"Theophilus London, Tame Impala",4EMtGVFvfCSrEmWaGV0roE,Bebey,31e6kRTlCq4KGjg3XA6m5K,2020-01-17,215446,61,2023-03-23T16:04:49Z,False
5AyL2kgLtTWEu3qO3B9SqK,Like A G6,"Far East Movement, The Cataracs, DEV",698hF4vcwHwPy8ltmXermq,Free Wired,4axgysRjIB7ToC0DA7uxXC,2010-01-01,216893,75,2023-03-20T15:09:35Z,False
6qyS9qBy0mEk3qYaH8mPss,Murder In My Mind,Kordhell,2W6WP4pHQTFlbr2z9S4n54,Murder In My Mind,68GI09qAs2XLJmA3hj5K7y,2022-01-21,145000,75,2023-03-20T14:58:19Z,True
5DxJPUlimHn63zdyC7UCr0,Royal,Kiki Solvej,3REA7BOURYizezV7PGQJEW,"Keine Liebe, Kein Rave",2iL5gzdjVQsTsUI7i8KxDq,2023-03-17,332800,0,2023-03-19T13:46:36Z,False
3eGE5o9pzEGgIahB4lrqvX,Wechselspannung,Klangkuenstler,6H77vD9YyhyxHBTkRpbMBk,Deine Angst,3B8TLKzSq8CJ5FjSxdCVL5,2022-03-18,364255,33,2023-03-18T18:14:45Z,False
1Lo2lpRBVnymdyJMe2otSU,3 Life Game,Gabriel Wnz,2CWRtMph0MQhh6uuN6Zpua,Einhundert50,1sjOjUjqVneQt53fFd78GT,2022-04-01,309382,10,2023-03-18T18:00:53Z,False
5dV8v9sGqh0qt4eGdoJzKg,Weltschmerz,Klangkuenstler,6H77vD9YyhyxHBTkRpbMBk,Weltschmerz,3YCwoebRDXZBEf5ZfnoNb3,2021-03-26,384949,52,2023-03-18T17:31:08Z,False
0lObCMvwIKJ5bshR0D5V4S,Obsessed Minds,Alt8,7uS4z6GqvIIdZbVq327Ak9,Obsessed Minds,2ukhf4fF49k1jlMoHjE2hP,2022-06-10,315500,16,2023-03-18T17:01:32Z,False
3nhYoFp5I9OGl1mNb1kPps,Raw Matters - Original Mix,Champas,789LoRPeIjXUSifBAFHIwa,Raw Matters,75EJ6mnEaRCfgf7V2CApwq,2021-01-25,328951,16,2023-03-18T16:57:55Z,False
4uJD8NvXxrrNNwU6RarkVi,Electronic Pleasure - Original Mix,Tanzanfall,46Oci6mZRE0ePwZ6MIFOS7,Digital Insomnia,2guO7DlgUXis2OU00WcmLf,2021-04-16,340540,18,2023-03-18T16:42:06Z,False
6anJOkdjOnLWV2X0ymsxV3,Final Call,David Strasser,0SvNYvVa4b9LK2swVJ1Lqk,Sintra,6m3PrRq4W4RPfdXjE1PrrX,2023-03-17,334900,10,2023-03-18T16:38:00Z,False
1BydCCN25cQDrDbFv0DqwG,Sintra,David Strasser,0SvNYvVa4b9LK2swVJ1Lqk,Sintra,6m3PrRq4W4RPfdXjE1PrrX,2023-03-17,322000,14,2023-03-18T16:24:06Z,False
04CqLjewJiSAqM210vZAmT,River,Miley Cyrus,5YGY8feqx7naU7z4HrwZM6,Endless Summer Vacation,0HiZ8fNXwJOQcrf5iflrdz,2023-03-10,162973,2,2023-03-12T23:38:54Z,False
6A2jd7FU8tGS4NFhoep57m,Love Is Real (feat. Holly Miranda),"Theophilus London, Holly Miranda",4EMtGVFvfCSrEmWaGV0roE,Timez Are Weird These Days,2zIj9RrNxPuFJrCZDdL3wG,2011-05-16,223533,14,2023-03-10T05:29:33Z,True
2Nq06gpBMrjYnBLpi0cNYy,Night After Night - CamelPhat Remix,"Fideles, CamelPhat, Be No Rain",39RaU9BN81x3KBo299bwXs,Night After Night,5BdSUE84muaBTlQLSYiQMt,2023-03-03,418528,1,2023-03-07T18:21:22Z,False
5E16nGHXS2jgDSnSz8UAgu,Paranoid,KUKO,4sCQPElBVBfJNFGydeWwnU,Paranoid,2FbbMPsIRcwbN3mzTM81D9,2023-02-24,425600,36,2023-03-04T01:49:45Z,False
41DEuHZuHeJylDgXOJnBbw,Bleeding,disruption,2JeB267MeU0Yo8QeclACpM,Bleeding,4B3EJ88MuozrejEzirmvzg,2022-07-15,390500,22,2023-03-04T00:36:55Z,False
45V4hmjgWU7mD97WoHSLhL,Last Call,Hidden Empire,44Ga1YqZthFOzZSTHiNWkC,Last Call,4zZPozFyRWdIFhIBUWCpeR,2023-02-11,415542,18,2023-03-03T13:13:12Z,False
5wDHm6XJA1vkysHDPdI8Db,Teatro,"Teenage Mutants, Heerhorst",3IFgjVPT8yeB4UnJCWOpZA,Teatro,6t3Zksrkbhfkf8UOzBVn9k,2022-10-28,404996,0,2023-03-03T13:09:14Z,False
36Vrhbv2vZaOAzMyclEauW,Supernova,Chris Veron,1DgZ9kWEsYktFBYml3iK8S,Supernova,0aPInsWUgkvJMETPZjqG9U,2022-03-25,215564,30,2023-03-03T12:59:03Z,False
1OkZNv4phBbCZt707CxM4c,Beyond Light,TRYM,5Nd385K2g3s0828W8Ab70z,Trinity,1EqeS2WcAaUwzVGsDGiJBN,2023-02-17,313293,29,2023-03-03T12:53:54Z,False
061DJMdRy2fnuwdL5zZpYG,Earth Matrix,Robert Babicz,5XFQLyJekhzCO7PiTqboOB,Earth Matrix EP,2bnywQAUzCE3v1hgTxbscU,2023-02-13,311321,2,2023-03-03T12:48:10Z,False
6wW7DmFqGHQFqz0rp1OvBq,Somber,"ELIF, Gespona",1yatuhSYBeceXdDRg67hrm,Letting Go,1RTf9tsu9nA6G2PXX0k7sM,2023-02-24,405563,6,2023-02-24T13:16:03Z,False
4gIXnT4VbM21eqhWMinnpo,Nu World - Solomun Remix,"Maceo Plex, Solomun",3TXQ1ddouwQAI78hV4hXDj,Nu World (Solomun Remix),3N2BT7AISV9IgwfursJE3D,2022-12-16,234285,0,2023-02-24T13:09:00Z,False
5wOG3kFpEMB9psdUYIYQna,Let Go,"ELIF, Stil & Bense",1yatuhSYBeceXdDRg67hrm,Letting Go,1RTf9tsu9nA6G2PXX0k7sM,2023-02-24,448295,8,2023-02-24T13:01:58Z,False
5qAMxKqDoma0mBmfQ0v2O6,Converge - Elif (TR) Remix,"Lauren Mia, Fractures, ELIF",5HWKpmCYAFYybu5WKtxnnq,Eternal Existence Remixes,4tPD6a1BZzueQOHsXxfIcS,2022-06-03,406779,1,2023-02-22T21:36:54Z,False
2CLNN8ISyHMCBpxHYVBPR4,Koan,"Marat Mode, ELIF",19XhLrOhP5dcXWXrfryVcD,Harabe Nightmares II [Compiled by ELIF],5ceoxOUidaRCgVSDR7UX09,2021-03-19,376331,5,2023-02-22T21:10:34Z,False
1ffXmvAVzxOGTbsxgKxJrk,Moonspell,"ELIF, Eleonora",1yatuhSYBeceXdDRg67hrm,Moonspell,0XoIr7qWzP0nAY80UmnLAF,2020-07-24,466479,13,2023-02-22T21:01:59Z,False
2EPFNgckNrQMgpORGZBa1u,On The Edge Of Adhesion - Original,"Voiski, Hadone",6YlLUbef5d4ptmxkMKsrlK,On The Edge Of Adhesion (Original),0FZDkJZ8eRUzaRmnK9qQne,2021-02-18,387754,27,2023-02-22T20:36:07Z,False
1UVIkAQy7lOrFC0OMPgDpY,Won't Let You Go,Rose Ringed,1KML3dPprByep3tRnYSJDj,For Us,74WbDVzMudSyjOeibSdkwo,2022-11-03,424990,13,2023-02-22T20:05:32Z,False
4Iy0bmPLIOglTSz47y6x0s,Spark Of Light,"Giorgia Angiuli, SQU4RE",4iHnLagnnmgiIwMSm1wuTq,Spark Of Light,1X45OgcaviF1Scc3U7ht6p,2022-11-11,284500,15,2023-02-22T19:42:05Z,False
4vmzFOCbjeV9cIvVqS3DKC,Lets go,Karashnikov,0H6wjgFfHI7vf5SaX2T14n,Brilletje,2xmq2AcsQDHmSMRu6YGGsz,2022-03-05,174811,0,2023-02-22T14:50:07Z,False
7t6KUlGnmw2DIdruzv8Hnd,This Is Love,"will.i.am, Eva Simons",085pc2PYOi8bGKj0PNjekA,#willpower,6edYDxspt9uQj21mbAfFIb,2013-01-01,279026,46,2023-02-13T22:02:20Z,False
2iJuuzV8P9Yz0VSurttIV5,Scream & Shout,"will.i.am, Britney Spears",085pc2PYOi8bGKj0PNjekA,#willpower,6edYDxspt9uQj21mbAfFIb,2013-01-01,283400,79,2023-02-13T22:02:06Z,True
0FIANH2kdrgrIQgaB0FQzL,Trinity,TRYM,5Nd385K2g3s0828W8Ab70z,Trinity (Amelie Lens Remix),3bH5A96xSwh8C1Qb1Mn3qU,2023-02-10,411151,0,2023-02-10T13:13:45Z,False
7vptmeNwSEVkcwDdqk7UQO,Lauren,Men I Trust,3zmfs9cQwzJl575W1ZYXeT,Lauren,3rlpbpAzZUayIquPKgqpfX,2016-06-13,218210,0,2023-02-09T13:40:01Z,False
0hjRzBuGh9qGGzcbW7xK12,The Sign,"CamelPhat, Anyma",240wlM8vDrf6S4zCyzGj2W,The Sign,1ayB1Y1h0ZNW9MECEA7QSb,2022-10-28,213495,2,2023-02-08T04:17:57Z,False
0kXPOcMLExBxGeS4YJexzk,Dreamcast,Mind Against,48LWLoeY0dhwaiX1FRsn72,Dreamcast,4y3Og1wV6ODVRpado3WilW,2022-12-16,325744,0,2023-02-08T04:13:01Z,False
3jxbAI2diYt8Hub0KMX4Vy,FATE,"Aexhy, DJ Traytex",1R3HRBLa5jwIKMWLMVpJZR,FATE,1NivKCwtGG3170xnJ0dY4n,2022-01-28,202181,29,2023-02-07T16:47:30Z,False
6B6KmId3nOhNEm49ooJw8f,Trust The Process,David Strasser,0SvNYvVa4b9LK2swVJ1Lqk,AKR 003: Trust The Process,7HBhKJdco8CDeoESSgEfU0,2021-06-04,320416,2,2023-02-06T21:29:43Z,False
23uwZfP2stQ7dNdIJBwuJx,Devils Daze,RIOT CODE,014MCldxKfmqOwFhWcTmwo,Euphoria,4Duq0TZOAnNR8NXx50Ae0E,2022-12-06,348706,6,2023-02-06T20:15:24Z,False
0ItU52h7VCywUAy1UQ3CsN,Out Of Order,David Strasser,0SvNYvVa4b9LK2swVJ1Lqk,Euphoria,4Duq0TZOAnNR8NXx50Ae0E,2022-12-06,316466,6,2023-02-06T19:46:42Z,False
1yWuThcACYYqe79I2UDtNy,Absinth,David Strasser,0SvNYvVa4b9LK2swVJ1Lqk,Absinth,3bBLnNMW2k5XbZyzsyIQUk,2022-05-27,376666,0,2023-02-06T19:40:24Z,False
7oAM2GxHCTKTLU3gXvkuuj,Die Welt Brennt,"Klangkuenstler, Obernauer",6H77vD9YyhyxHBTkRpbMBk,Die Welt Brennt,44WQTL892sCs09rNu3hSLJ,2023-02-03,310400,52,2023-02-05T19:58:33Z,False
6X7kFQAv7hTVh8hbmkL5ki,Mein Wille,"Klangkuenstler, Obernauer",6H77vD9YyhyxHBTkRpbMBk,Die Welt Brennt,44WQTL892sCs09rNu3hSLJ,2023-02-03,265600,47,2023-02-05T19:58:31Z,False
0FBcZk6M28DDhdO9JI6mWr,Zerfall,In Verruf,5EnbpUtGIk2qPzGgNE75m0,Sektion 1,4C3R1RL6h7EkNvTJnwwV1j,2020-06-01,80466,0,2023-02-05T19:58:29Z,False
7cffHI56eBiji4a7g3YGeq,Quality Control,David Strasser,0SvNYvVa4b9LK2swVJ1Lqk,Absinth,3bBLnNMW2k5XbZyzsyIQUk,2022-05-27,311666,0,2023-02-05T01:47:32Z,False
3Ft4L53Uyz636lzdVsTnsA,Paimon,David Strasser,0SvNYvVa4b9LK2swVJ1Lqk,Absinth,3bBLnNMW2k5XbZyzsyIQUk,2022-05-27,319448,2,2023-02-04T18:25:01Z,False
5YNfbxb7pn7NZhoVraIcco,Tygar,Volaris,1gitvozvRIt6HisVREf3Hy,Tygar,0ku8WJz3ZoZYIi6BqMwy8Q,2022-09-02,224640,0,2023-01-30T19:30:28Z,False
6GJYSPLEP0sjZzzpuiKIcx,Shine,Modeā,6dsy10LVNALrvHyVEadrsJ,Shine,5rOgqcs2ZryO3cZg03B27l,2022-07-01,244886,0,2023-01-30T19:30:25Z,False
47vvEfogPCgjCJk72FWKFi,Danz,Disfreq,2r6S8dhE6TLxyYJndSd345,Picture: Disfreq,07bPNT9oLiFi5EiC0p4sAO,2023-01-27,393105,5,2023-01-30T19:15:21Z,False
1NHcL4xqhUZ9CW69msSN8F,Innovator,Disfreq,2r6S8dhE6TLxyYJndSd345,Picture: Disfreq,07bPNT9oLiFi5EiC0p4sAO,2023-01-27,322461,9,2023-01-30T16:04:56Z,False
7pZ0GyilVy6tUriFrSfPmD,Flame,Disfreq,2r6S8dhE6TLxyYJndSd345,Picture: Disfreq,07bPNT9oLiFi5EiC0p4sAO,2023-01-27,419052,13,2023-01-30T02:41:42Z,False
59s4wikOZ2H0YpHVz9Bfsu,Wardenclyffe - Mees Salomé Remix,"Joachim Pastor, Mees Salomé",6eNOjuJSfKkAvbiGW90AkZ,Wardenclyffe (Mees Salomé Remix),3EJfghk29a7DK2Rp8AJZ2Y,2022-04-01,234390,38,2023-01-29T20:27:41Z,False
0h9xxCoXw2LkdJG9pR79RN,Neutron Dance - Edit,Krystal Klear,0jqr8aeeHSn5pMEVD4aTrI,Neutron Dance (Edit),29IOqEVLVgmD0VOxCsniJi,2018-05-04,171613,34,2023-01-23T02:32:35Z,False
6fBiLOkPcQ3iFUpmIv88fQ,sure thing (sped up),"accelerate, creamy, 11:11 Music Group",7IErGg6ZCfFyJJoKGUUBpv,sure thing (sped up),2OcWg39f3Ms3Zsf01J7asL,2008-06-19,113053,52,2023-01-21T14:39:17Z,False
6it7E8OADgdkcacQHOYqN7,Swelter,ATRIP,4fu0Er7pG6kZZa7Awf3NMI,Patchouli,2lJhS3fcp0c9VghdU7YSfU,2022-11-03,265611,21,2023-01-20T15:50:46Z,False
1Yi2zuTqWJq7ZDgXCpPipk,together,Noah Giger,7HA3KRyzYtfySv1q0BtGnU,together,2r0R5ACu1ccLc4D78ji18Z,2022-11-04,353789,0,2023-01-20T15:17:05Z,False
5g6Cfxj9yxOhwhTSzwqFki,Distress - Original Mix,Andrea Signore,1oa3TW4eYVXbvX0Ur9VxYp,Distress,4tfkAltXBfyTgPWWGCr91w,2020-04-24,242812,29,2023-01-20T14:14:51Z,False
1hzZV60ecplc7UWTeW37d0,Romantic Dream,MATRAKK,5YJQDXCY8nFTf6BuHcYvJn,Romantic Dream,1RcYl5O6yh2X7tKYJiaO1D,2021-01-31,396407,27,2023-01-20T14:04:36Z,False
1yfUYv5TOkuFbePQubZlEk,Sun Phase,Pretty Girl,6KkltYAOOGsCaW7dO9jF98,Sun Phase,39UdQPn62ARMPc0NUNQOLE,2021-07-02,316454,41,2023-01-19T22:52:25Z,False
4TAoAmo9IGV8Z1jvJxOG8u,You Need to Understand,GHEIST,60pOigPjgmU7AzmZmWEQZU,You Need to Understand,2FdsXCSmZEfkIyyJffHQ2r,2023-01-12,301520,8,2023-01-15T19:41:25Z,False
0yLdNVWF3Srea0uzk55zFn,Flowers,Miley Cyrus,5YGY8feqx7naU7z4HrwZM6,Flowers,7I0tjwFtxUwBC1vgyeMAax,2023-01-13,200454,15,2023-01-14T02:10:50Z,False
5w4iizOwm46grMUcn9QFcY,Fantasya 3000,Spada,2hPCF7VDHhihvNdobslOHw,Fantasya 3000 / Euphoria,1j365fbLyFXOYr1JOlwpvY,2020-12-18,205887,21,2023-01-13T21:41:01Z,False
6h1hZnfvSEG1wipCq4nQsX,Who We Are,"Hidden Empire, Felix Raphael",44Ga1YqZthFOzZSTHiNWkC,Who We Are,33nieBsC7v1PaZEtZJ5WXV,2023-01-13,263452,14,2023-01-13T16:39:01Z,False
5GDhxndpilh5O6BDNFwN6f,Brigada,"Barbara Boeing, Phil Mill",7uf1b4UI1VVKwwcQO0laWZ,Brigada,4SYy5FSilSqQRkWBrKzp9n,2022-11-30,323025,0,2023-01-13T15:43:00Z,False
6kZOfRM1yZUyLGATRhPTuf,Cenote,Sainte Vie,30oVwXZSlElygdNpcUIFBk,Cenote,1TXpoAyR5Z3q3IixFnUiwf,2021-07-01,298335,37,2023-01-13T15:15:38Z,False
42jTsCLNaBG2o9N01DPiI4,Anderswelt,Roman Gehrecke,7g2FnYwHfBBbE7YihQcG1O,Schutt und Asche,39idKqpFh8Ft41yM8tFgpv,2022-06-10,358034,30,2023-01-04T13:18:21Z,False
1IEMI8XjtORqBnqc40SX8X,Hypno,Funkin Matt,11chB4Th19iMA7j65oGMk1,Hypno,6aeAzL8ytjwJ0L4HGwZJP8,2021-06-25,238544,0,2023-01-03T14:01:22Z,False
6ve6SoRuWVZ9kBP1frZTW1,In the Dark (Oliver Heldens Remix),"Purple Disco Machine, Sophie and the Giants, Oliver Heldens",2WBJQGf1bT1kxuoqziH5g4,In the Dark (Oliver Heldens Remix),7ww3KQOHIZOc95zjxm99c4,2022-02-18,267706,39,2022-12-31T17:27:10Z,False
0nGqpM1FC31Pnofc8K4b1h,MACHINE,Mild Minds,3Ka3k9K2WStR52UJVtbJZW,MACHINE,44T3g6iiEfy2Sre3LPsBbA,2021-09-01,197018,40,2022-12-24T18:58:35Z,False
5WvPEl0KLH4XqIM9jFF9kL,With You (T Dog Remix),Tourist,2ABBMkcUeM9hdpimo86mo6,Inside Out (Reworks),3cmxH4VRQSdQZMIaiRqTKz,2022-11-04,312179,19,2022-12-23T22:30:48Z,False
0uKrhHBDUQ4w5fv4qwOubP,Breathe,"Télépopmusik, Angela McCluskey",3aKCo8gLJfuPYtr88aWKjF,Genetic World,1H10CTGW4xbk0IQewKbK50,2001-01-01,282240,62,2022-12-20T12:58:24Z,False
79X4fsJnREBHwFlA2nqzxo,Nebula,Ilija Djokovic,58fmi15nN6S2nqZLRRtdtc,Gravity,2oSNcfPSuPgiQoPfbHGjb9,2019-01-11,387619,0,2022-12-18T23:08:57Z,False
6oRT5OFlHDLyJtVcZaaq4X,Paulus,Teenage Mutants,3IFgjVPT8yeB4UnJCWOpZA,Rebirth,59WoCic1VzW9qox5cE3u0p,2021-10-08,375523,0,2022-12-18T22:44:09Z,False
7sjVAPfY8dbmFmJlUzAg6C,Brachland,Teenage Mutants,3IFgjVPT8yeB4UnJCWOpZA,Brachland,0MAgVSuH9W466y8riLCWGn,2022-12-16,268615,20,2022-12-18T22:41:56Z,False
5oNYVOay2VEOUD4hyQ4raJ,Fragments Of Mind - Original Mix,Skryption,1gdY1gkwzBJKMCkNIMju24,Fragments Of Mind,37SRCEhWV1M3A5iOwWJVyl,2022-11-24,346122,12,2022-12-17T01:42:23Z,False
37upVAPmp7BP20BpllpncP,Awakened,MOTVS,11jBSslmTEkEGXxpFfy91F,Cannon In G# / Awakened,1sZmrLZ2tcmDRBWGdpUSlD,2020-12-14,273864,17,2022-12-17T01:32:46Z,False
5F6WrVyHysJYu8q0lP0nDD,Tourmaline - Mixed,Elise Massoni,74prXGxK87TZLhOg99jncN,Global Underground #44: Amelie Lens - Antwerp (DJ Mix),2TGeXmcebG4mLWM5t2t1Tg,2022-12-09,245103,12,2022-12-16T22:51:54Z,False
3AhVVxlZItTx212QoL3j9C,Absinth - Mixed,David Strasser,0SvNYvVa4b9LK2swVJ1Lqk,Global Underground #44: Amelie Lens - Antwerp (DJ Mix),2TGeXmcebG4mLWM5t2t1Tg,2022-12-09,245103,16,2022-12-16T22:45:21Z,False
6dzqqQSSuqH5CEEyeYwYJU,Unloved Hate - Mixed,Der Lehmann,2r165oz2pHL9bWVCmoRsiZ,Global Underground #44: Amelie Lens - Antwerp (DJ Mix),2TGeXmcebG4mLWM5t2t1Tg,2022-12-09,222582,14,2022-12-16T20:18:02Z,False
3rZjBoRVc8wrtfTSJykBtI,Uncount - Mixed,"Bones 33, Sens-ID",5pMRLLb2h7HflXTCi3RMD6,Global Underground #44: Amelie Lens - Antwerp (DJ Mix),2TGeXmcebG4mLWM5t2t1Tg,2022-12-09,300432,17,2022-12-16T19:09:02Z,False
2czrgMyXvVwxBPVY4ucJBp,Illusion,Roumex,6PMzrBpWzgAzj3yOGjwQJJ,Illusion EP,2Omd5zL9e9MYUlHAlZFKwB,2021-02-01,434000,5,2022-12-14T20:51:18Z,False
7w73iRqTbFFSGtMG8q8Ixj,Illusion - Raphael Mader Remix,"Roumex, Raphael Mader",6PMzrBpWzgAzj3yOGjwQJJ,Illusion EP,2Omd5zL9e9MYUlHAlZFKwB,2021-02-01,442000,1,2022-12-14T18:57:44Z,False
17vo1Z8DkuQET1BUqZLG9e,Breathing,Mall Grab,7yF6JnFPDzgml2Ytkyl5D7,What I Breathe (Deluxe),696j98HfflKXkJ1jDIzaJI,2022-12-09,286555,14,2022-12-14T13:15:49Z,False
79h6g8tTsMYcV5ZL1kQJch,Patience,"Mall Grab, Nia Archives",7yF6JnFPDzgml2Ytkyl5D7,What I Breathe (Deluxe),696j98HfflKXkJ1jDIzaJI,2022-12-09,257424,14,2022-12-14T12:40:44Z,False
3sZcGCUXvr45syuNyTUC1Z,Crer-Sendo,Castello Branco,18mXdMHUw1ULPaeW1DNy90,Serviço,5WCVs6FJvyIH9Zr0ZVGmge,2013-09-29,207882,0,2022-12-13T14:28:38Z,False
44IDBp1nDAa1qcoZ6IU7YP,Die Transformation,Teenage Mutants,3IFgjVPT8yeB4UnJCWOpZA,Die Transformation / Vidy,5rzipv2nMRtGU1AA35Ig6H,2022-10-28,383095,0,2022-12-11T04:15:29Z,False
4QNKvO4ojKESGaIjUNfoYc,Fallin - Trance Wax Remix,"Agents Of Time, Audrey Janssens, Trance Wax",6Jbyd4qzEtbFtswZP1o6Ht,Fallin (Trance Wax Remix),77u8yF6jR4mrKWKwW3gUDg,2022-12-09,441904,16,2022-12-10T20:01:06Z,False
5LXPtSbeAQoxk9u9rayfur,Talk,Stefanie Raschke,6IJSvFITTxANPakKiCYyl7,Stil vor Talent Rising,5cKVVxxuIAequZPeqzGabm,2022-12-09,406101,2,2022-12-09T16:18:07Z,False
0ddC48e0XVsjoczyIYiGCr,No Hay Mañana - Club Mix,"COCO-PALOMA, Héctor Oaks",08jPWr83bzp3LZVnRu5D19,No Hay Mañana,7tvBTREzJRkLQKhsvNCbt9,2021-07-30,423601,31,2022-12-07T05:36:29Z,False
5ix8OYFmbkHzDcYfX8tT95,Destiny of the Moment,DJ HEARTSTRING,5tcwaJBUyEdxQxvieuQxU7,Destiny of the Moment,7BMspgO8qEiB6JWyQ9IbOG,2021-07-28,336000,33,2022-12-07T05:27:45Z,False
3GehDReyP4wkozHESnPcpT,Holy Gucci - Clair Remix,"Krl Mx, Clair",49e9A9elFAUS9sCDMTyiWC,Shifter Pro,1R9N9WyOIZH4tyL8zmkZfh,2021-07-23,369570,10,2022-12-07T05:20:43Z,False
7rMy6o5htW9MNnYjDEkR45,Meta,"Automates, RAUMM, BXTR, Saddie",18kTIZV4kjCxazzUK3WXCk,Meta,2xVjjDaJODPLhVL81UwUur,2021-09-27,341000,31,2022-12-07T05:10:37Z,False
7E9W1bl8OuPn48NcqnQ1mz,POWER - Radio Mix,TRYM,5Nd385K2g3s0828W8Ab70z,COLOR 003 POWER,1MVqgDYzt2bQIJgf6atE9B,2021-06-04,184347,0,2022-12-07T04:52:14Z,False
39JofJHEtg8I4fSyo7Imft,B.O.T.A. (Baddest Of Them All) - Edit,"Eliza Rose, Interplanetary Criminal",4XC335ouK6pXyq4QiIb8bP,B.O.T.A. (Baddest Of Them All),2lQgd3Svp1ZWAzZPLobAPK,2022-08-12,226626,71,2022-12-06T23:41:39Z,False
3l5nLPEbDAbVsGGtu4OQVU,27bd,Binary Digit,3de6mAIrsacJj1uU0zfTSs,Dump (2011 _ 2018),7xHkl5Z9itG6en8bTv8h7p,2020-01-31,148837,21,2022-12-03T23:00:52Z,False
51cfYPKmavPCpttVPmV6Y7,B3 (Summer Tape III),Binary Digit,3de6mAIrsacJj1uU0zfTSs,Summer Tape III,74D6KWPH1x75VY5X591iie,2020-09-29,191607,37,2022-12-03T22:51:37Z,False
2mmlZmSxKixWUwQyjLI0hK,Purple Clouds,Hidden Empire,44Ga1YqZthFOzZSTHiNWkC,Schneeweiss 14: Presented by Oliver Koletzki,58ROoz6HWISF9VQFO0qX15,2022-11-25,428145,4,2022-12-01T22:13:14Z,False
4e2Ls4uu0tEgicHsotJSYs,Mercury,Daniele Di Martino,1P0crNTkAtkSEDCGsbd2JJ,Schneeweiss 14: Presented by Oliver Koletzki,58ROoz6HWISF9VQFO0qX15,2022-11-25,445245,4,2022-12-01T21:08:06Z,False
3ZEQt1VMyvTTQgkamnFEgy,Under Water,Avis Vox,0C7l2N7H3hTYb3ZGRD4BNc,Schneeweiss 14: Presented by Oliver Koletzki,58ROoz6HWISF9VQFO0qX15,2022-11-25,357514,12,2022-11-30T01:20:05Z,False
11jsbGPzyG8mmwoZ5uNtgp,Speeder,Cinnamon Chasers,3q7uty73JMtjzCSJdGQD7B,Doorways,77BphdStN47PTh2OOBwXaE,2021-05-07,290392,38,2022-11-29T15:22:20Z,False
1Lxk3mCujdrtlgAjCL9VgI,1AM OMW,Ballpoint,5vbgY6zVUKz1haJv618QvC,The Choice Is Yours,44ZXqZgZX3zuiKwiWpfczc,2021-07-16,138000,30,2022-11-29T15:12:11Z,False
1lZKN7UQZoBESyCg81jXNn,Reconfig,Shortwire,68bAI2WX5wKSRMTx1qZafO,Reconfig,2f6z6gQUUTEVcegql9DbUD,2018-05-08,230565,37,2022-11-29T15:08:11Z,False
2DayOatjyTqcjPy15Mh1Tr,Quai 1B,Grand V,4bfsj3FOrfPAvZNbV27WHl,Trainspotter,5r2JMOKOSm4jMQYtawrqLa,2019-12-17,440500,6,2022-11-28T20:55:01Z,False
5MaRkBsOJyrBuDMzBny61r,Anything Else Feat. Alix Edwards,Carlo,4Ip5zlFraFIrxciG5Luxlo,Carlito Archives,27Jl3uPG5MgOGp7enJJvTg,2022-06-03,363960,27,2022-11-27T20:49:28Z,False
1HIalwjo1TQVaB63BXbkQu,Toro (I Hate Models Speed Up Revival Edit of Andre VII RMX),"El Columpio Asesino, I Hate Models, Andre VII",7oXqKY12gSK5Q37dWZYWT0,Toro (I Hate Models Speed Up Revival Edit of Andre VII RMX),3J2Hrh8Zz20bTRTgKSBz60,2022-10-21,371801,1,2022-11-22T17:10:23Z,True
0hiO2RFYyqPfbocxkkZ3wA,Eclipse,MOTVS,11jBSslmTEkEGXxpFfy91F,Eclipse,1ZE3aeIWjfyIEqL63Tg6xr,2021-05-17,282595,40,2022-11-18T22:08:36Z,False
2w1JSr3I1BXnTRyGskbJ45,Juniper,Matador,1UcYY5JDPe05nqjODiVkx1,Ramaha,258mX8I2ElkfO0LNwI3J8i,2017-10-06,414193,40,2022-11-18T19:36:24Z,False
0VmJzhgE3LmfzJa1FdYHkl,Elysium,"Clap Codex, Patrick Scuro",56e9JiuPAOzwsOa8TDe3xj,Elysium,524kHwv2rSFladLRO8ipCw,2022-05-20,253242,41,2022-11-18T19:04:56Z,False
7cEbICGWeFyBTmijsRtbjr,Vega,Ilija Djokovic,58fmi15nN6S2nqZLRRtdtc,Vega / Neon,4D1WC7jQ5m0per5yzOHzSO,2021-08-20,201290,52,2022-11-18T18:20:16Z,False
3io0PEtfa1UTBUZn53lU1f,Fading to Black,Eli Brown,5lVNSw2GPci8kebrAQpZqU,Fading to Black,2Q2IpmlBCux7yndZHWJjrr,2020-12-11,209763,42,2022-11-18T18:01:14Z,False
4T2i7b1SkRTGHmT5Xr6ym9,Rabbit Hole,"Layton Giordani, HI-LO, Oliver Heldens",7mC3RkNNTV6p2j9w4F8Ip4,Rabbit Hole,0wanFcSpIzJwxpEIgr7sVe,2022-11-18,238736,0,2022-11-18T17:21:54Z,False
72fS4JvztocT9TmvYx0Wzd,Dawn,Cosmic Boys,2jvTYwyzxK1FVYGEoKfZLQ,Dawn,2dHRu0SrIEYL7CloW13urr,2020-12-28,381093,0,2022-11-18T14:42:55Z,False
0AQTIkIGNv1mJANLK12GfK,Lovely Vicious,Patrik Berg,13SB6LyYpsdN2QPEqpYS9l,Running Numbers,6CmwhELECnzil7zPwPtyWV,2017-06-16,435840,0,2022-11-18T13:41:39Z,False
3fFrEqJUxGgjRsRJ8QEj6h,Timeless,Cosmic Boys,2jvTYwyzxK1FVYGEoKfZLQ,Digital Love,6SvrOAwvi5ntaLKqsHjwQc,2020-07-31,384375,0,2022-11-18T13:28:45Z,False
49ClMrWOGPPeeuSKOGQ76C,Places,"Akros, Umali",7yAlWk4uPbxfRuDn15cs9k,Places,5Gp1P4R5PyIXHhEWPOji8W,2022-03-24,218004,0,2022-11-15T23:45:52Z,False
73vIOb4Q7YN6HeJTbscRx5,Miss You,"Oliver Tree, Robin Schulz",6TLwD7HPWuiOzvXEa3oCNe,Miss You,32G4vFNwLJQjpzkOoGEUUo,2022-08-05,206000,15,2022-11-15T23:35:47Z,True
4RADreHMvMkZwsPgPr9z5c,"Rhythm Is A Dancer - 7"" Edit",SNAP!,2FrKQPjJe4pVMZOgm0ESOx,The Madman's Return,2TrNT4qm7qDIRTUVn9jBW4,1992-01-01,225882,7,2022-11-14T16:46:22Z,False
4aiXO7343Z6i88xaINZYqa,Another day,DJ AEDIDAS,57fdhgwtiFHYagHDTZG7jP,Another day,7uMqy1dwrpb1vFG6LZa6PN,2016-11-08,251008,0,2022-11-12T23:59:11Z,False
4fI461wHCNlAX7pNIhnSys,Like A Friend - Radio Edit,Goom Gum,6D36JCiONtO40ykvT5RBec,Like A Friend,7AdBvQZPfDBAbwbXXcOxpe,2021-06-04,202926,35,2022-11-09T20:05:28Z,False
6ziqWx82jgkQYhyIALoraH,Transmission - Joris Voorn Remix,"Eelke Kleijn, Joris Voorn",1FY8kqUQKHwjibwLbp5cey,Transmission (Joris Voorn Remix),0140Vqwx9gWCGWQKTsQ8Cx,2022-10-28,224274,57,2022-11-09T13:24:27Z,False
0g4A9LoGKShZIE3y0OGbF4,Shadows in the Dark,"HNTR, Elliot Moss",3R0yz9xgTmCOLQMPcJ6MuU,Shadows in the Dark,76bw6SqVK82VetmRj5pGy9,2021-05-07,188379,10,2022-10-31T18:48:59Z,False
5CvaeEX9dU9ZhwyoVIIgTO,Gratitude,Nora En Pure,24DO0PijjITGIEWsO8XaPs,Gratitude,3fRe1aTVYRwLNGOcLpnDXk,2022-08-12,210000,37,2022-10-31T18:40:55Z,False
4rMOMzdO1tlcayilkK1AML,CIEL,NASAYA,5932gYdqLCu1ftKVXf1PO4,CIEL,22U8WncH3Ih48jcY83lw41,2022-07-07,250553,30,2022-10-31T18:32:50Z,False
7ons5HsFQUnWu2x7dXNZAa,Vibrant Air,"Klaus Layer, Rick Flair",0qU9C0toB3cUdPP8NMZl9x,Vibrant Air,7L6AoK0MZ3JMMLgKskMmsq,2022-05-27,251000,0,2022-10-31T00:42:34Z,False
3k18fp37kIzetESCfiA2fP,Neptune's Orb,Trancemaster,1ltmzHvseKWZDjQotyJX1l,Neptune's Orb,3Sd5CP7l9f5Reborh1tebz,2018-09-14,589375,6,2022-10-28T00:08:45Z,False
18pCFVNOgVpEMnFNyH0YdS,Move Next - Original Mix,Midnight Vices,3W78Ijxf9NLajxshD7Zwvu,RAVE05,2nK7wyHI9iDot41ZB2d1Fz,2020-04-22,346270,19,2022-10-27T16:41:26Z,False
22ex3jj1Iiym4nT1ikmnNE,Speed Trials On Acid (feat. Dan Diamond) - LF SYSTEM Remix,"Carl Cox, Fatboy Slim, Dan Diamond, LF SYSTEM",19SmlbABtI4bXz864MLqOS,Speed Trials On Acid (feat. Dan Diamond) [LF SYSTEM Remix],0n4uX4f6dVUlvd5at2wezx,2022-05-20,183423,0,2022-10-25T18:45:23Z,False
5UujU8i6K36nTX5TT9p7O4,Energy Is You - Vocal Radio Edit,The Hitmen,44de5I8rbCwTAjBF1xYv75,Energy Is You,2u5OWowgkEgjygxe6hJ6Bq,2006-05-29,234355,32,2022-10-25T03:02:07Z,False
5OGxMx0isDhF9fHBKiqPSQ,Make Me Cry,Shaolin Cowboy,3SLV96o2Xa4oOZpSl5FwgD,A Story Of Innocence Lost,0ZtXZYMUIHG485UFCGg9hX,2022-09-19,310588,25,2022-10-24T00:09:37Z,False
6W8obDvuhzu19zKMMUR8nL,Something To Feel,Shaolin Cowboy,3SLV96o2Xa4oOZpSl5FwgD,Kombava 07,3jCisNuppznDH4AdbvKX7O,2020-06-12,298044,25,2022-10-23T23:57:22Z,False
3T2frfWU5vhWdrvCKY67jZ,Catch Feels Get High,Shaolin Cowboy,3SLV96o2Xa4oOZpSl5FwgD,Catch Feels Get High,0x6pl26jND4Gw4akomXVXE,2020-07-24,222580,46,2022-10-23T23:49:58Z,False
5KbhvaeqKIB2bZcJMyfezl,Hold Me Closer - Joel Corry Remix,"Elton John, Britney Spears, Joel Corry",3PhoLpVuITZKcymswpck5b,Hold Me Closer (Joel Corry Remix),6cZP7F8HkDeMAsCcfCyRWa,2022-10-07,248594,50,2022-10-22T05:10:18Z,False
5rFfwssa9fgfBikDG5lGOn,Pulses,Agents Of Time,6Jbyd4qzEtbFtswZP1o6Ht,Universo,6myGAZHh7d3FbQUFHnN9WT,2022-10-14,364810,26,2022-10-21T05:34:20Z,False
3QRji4m3jZKoJHHDfYEvFf,Welcome To The People - Baltra Remix,"JADED, Baltra",6tCJN1fQNdFCEaOa8Da9Wf,Welcome To The People (Baltra Remix),2sXgUoAOzEvpPIbTPlAZL3,2021-11-03,190181,37,2022-10-19T16:18:45Z,False
5ib4WcUut7MjAuX1OvnHvP,When You're Gone,Moonwalk,1khyIydqanugacJyKdmceT,Rapture EP,7etJjUMyK9hUkIGcp9hxN5,2021-03-26,255799,35,2022-10-18T12:41:28Z,False
0esqnRo6slUc3hjqppnVAn,About My Dreams,Stephan Jolk,7w0ddx9rFndvpiqO1VOxJM,About My Dreams,5IQWTaU7T5EQk6zzQZZfod,2022-05-06,320000,36,2022-10-17T14:14:16Z,False
4HS3K0TViMj5rGwxPWagna,Stranger Things,"Max Freegrant, Miss Monique",2q4QQApDOk5PUdFGWfHmJR,Stranger Things,01NhjjCDIEHuEzeD2BfYsJ,2019-05-24,212484,39,2022-10-17T13:57:46Z,False
7roC5cw9SgdB6AijXoKTbz,Prospect (feat. ÄTNA) - Carl Craig Late Island Mix,"Solomun, ÄTNA, Carl Craig",5wJK4kQAkVGjqM9x46KQOC,"Nobody Is Not Loved, Remixes, Pt. 7",68bRKgof42GwLaN9CLGDXP,2022-10-14,467263,0,2022-10-16T16:13:15Z,False
1U9DTcVgCPu7GEZXMeQ4Uu,Bomb Drop,Less Than Jake,20oQv3LStCKCjI9oQ0JNha,Sound the Alarm,3NbdWdzUtgijqhFldEXD61,2017-02-03,186069,0,2022-10-13T02:31:12Z,False
2y2E0ix0iJWQWUMmlbTWjg,May 16,Lagwagon,66riGCPfih1Xqk81dDvpvf,Let's Talk About Feelings,3Em5AaNRlG0G2ktBYDNQaz,1998,176960,44,2022-10-13T02:30:39Z,False
6ngaOZmoYDSOILK4XfdJBW,West Coast,FIDLAR,3P6duIn7oHeiBACZfYeNud,Too,6RbjVCyaSSRM7RIjRnKOR9,2015-09-04,202573,36,2022-10-13T02:29:53Z,False
0VuJkzId5KlafuZTN38P4B,Duck Eat Duck World,Destroy Boys,7KeN0XX71T4fGysIYLB5J5,Make Room,7aTumdbpn2n1AG6CjCqvnR,2018-10-19,130694,0,2022-10-13T02:29:10Z,False
4X3qGigyU6ARi3HP4lWD95,Superman,Goldfinger,7sVQKNtdP2NylxMgbNOJMM,Hang-Ups,3htGAnJ90pQHse0tRzxC56,1998-06-01,185026,62,2022-10-13T02:27:32Z,False
5rzwaJ4x3067nM3YmG99V0,Afraid of Heights,Billy Talent,08yf5A2nS4XEeNvabDXqyg,Afraid of Heights (Deluxe Version),2kqjqQneZx935suPAhokuj,2016-07-29,225680,50,2022-10-13T02:26:24Z,False
3xhvI8X8PGCKuKd49ZyFNJ,All My Friends Are Nobodies,zebrahead,6SiyKSeJo6gcsS2NvuAbsl,Brain Invaders (Deluxe Edition),5JxQ55Wvq2kCWtOQ0gSr9h,2019-08-09,183242,42,2022-10-13T02:24:36Z,True
7kBP4kOVgeAv7NWcpowA4y,The Struggle,"Black Prez, KID SOMETHING",3kGJGwSmyImKKigpSkKnTz,The Struggle,67HP7rGmoX7rZGAFEC41Uc,2020-08-04,211310,30,2022-10-13T02:24:01Z,False
5ff77CZZUpY8Gvu5GuA6vb,HAUNTED,Isabel LaRosa,5arKwJZEvT5uKq4o0JfqR4,HAUNTED,4QhZwVQuNbbXtMgjp2Ngp2,2022-02-24,137851,61,2022-10-11T04:34:52Z,True
6TR0FGw4zhlGbQALN065AI,Breathe,"CamelPhat, Cristoph, Jem Cooke",240wlM8vDrf6S4zCyzGj2W,Breathe,7c4A33WznTkdnqBEmLsWWF,2018-11-16,194232,61,2022-10-10T04:09:23Z,False
4eSPKciUMc2ZzzCqwBuWNA,Losing Game,GHEIST,60pOigPjgmU7AzmZmWEQZU,Losing Game,5QP8mNwbdpxuz9cLG49igL,2022-09-30,331457,23,2022-10-05T00:16:18Z,False
4ZTkGG6r8Ipqax0iAl46Mq,Frozen - Short Version,Blindsmyth,316jj0bjhfXGHGBEraGy7P,Frozen EP,1j5DBaJghkpWSnA75sWHPP,2019-07-05,236679,0,2022-10-03T23:28:25Z,False
32H7fwKsaYtSl6qiXFI6I6,U,"ꉈꀧ꒒꒒ꁄꍈꍈꀧ꒦ꉈ ꉣꅔꎡꅔꁕꁄ, Belle",3PvbcfORzI3TVPlBxsTmhU,U,6geoEKwXSuETawoDPOkfV7,2021-07-12,187266,0,2022-10-01T13:33:59Z,False
3UXaftDIMmSdvn3VIQJBhj,Orbit - Adriatique & Ae:ther Remix,"Nuage, Yellowitz, Adriatique, Ae:ther",40aC0ICH8LjuNvZrh30WtD,Orbit (Adriatique & Ae:ther Remix),3PuUgHUpUC0E7sPLSaDd5z,2022-09-28,394677,22,2022-09-28T21:04:18Z,False
2FqOpyYhgo3ZMgtkY55PVz,Kaleidoscope Colours,"Jan Blomqvist, Maybemahri",5wMlMjOLeJfS5DfxqGfm83,Kaleidoscope Colours,3kzL5SQAckdGoe8pZHtrm9,2022-09-23,255466,40,2022-09-28T21:03:42Z,False
3fxHtZcT9NnbtvH2oJwCOE,Altered State,LOSTBOYJAY,1k0BkkbwTGZGBqrNWwuucL,Altered State,7JSD8HiQ8Y6SgzgKvLjtJj,2022-08-13,236307,27,2022-09-27T23:16:26Z,False
0tPk6OPi760BD6C5WtqcqG,Kyoto,Angara,14MtSANT6PClR71nsqXhy3,Rwanda,2EJha1iSDvG06t7tUrkrnV,2021-07-21,195243,51,2022-09-27T23:11:24Z,False
6nGhGBz7uaE1RngnIFRKep,Meli (II),BICEP,73A3bLnfnz5BoQjb4gNCga,Meli (II),6pDZnLDqV5XuiVmuSw7oZs,2022-06-28,417431,41,2022-09-27T21:01:04Z,False
1CySFxnVmZ4ss602pZ1syF,Ah Oh Uh,"Niconé, David Hasert, Diode Eins",70s3JhU9Ai0cIowagibjNI,Ah Oh Uh,5PyaZzom3Pfl2jNZZOh8Q0,2022-08-05,403756,17,2022-09-27T17:54:17Z,False
2R5j17Th87vImCG2YEQY6p,The Door,Space 92,6TVdVlY6irsNPkMHT2HkfD,The Door,66aDv1U1CYdiipT7fS4Z17,2022-01-28,378184,0,2022-09-26T03:42:58Z,False
7mykoq6R3BArsSpNDjFQTm,I Really Want to Stay at Your House,"Rosa Walton, Hallie Coggins",1X0HaTcdkHW7LviblBiEeq,"Cyberpunk 2077: Radio, Vol. 2 (Original Soundtrack)",1VGVJdmvOSRK2w9RKXk18A,2020-12-18,246652,77,2022-09-25T21:21:55Z,False
42RIuav2MTQs3TEelnQDa3,Bleu (better with time),Fred again..,4oLeXFyACqeem2VImYeBFe,Bleu (better with time),15vlMi5OpGkF6JSxwUTYjF,2022-09-23,196965,0,2022-09-24T13:44:16Z,False
5vGzgDKZkOx0yH7NZXExrf,Danielle (smile on my face),Fred again..,4oLeXFyACqeem2VImYeBFe,Bleu (better with time),15vlMi5OpGkF6JSxwUTYjF,2022-09-23,201230,0,2022-09-24T13:43:37Z,True
4bVhV8i3Uk7Trs69X6UYzF,Positive Vibes - N.O.B.A Remix,"DJ Jordan, N.O.B.A.",5bwTl3iyhj2j9hXlMTAZzM,Positive Vibes,4QGxP7P9LTwnvmoHVQltxy,2021-05-10,361714,26,2022-09-23T23:44:31Z,False
6JIC3hbC28JZKZ8AlAqX8h,Cold Heart - PNAU Remix,"Elton John, Dua Lipa, PNAU",3PhoLpVuITZKcymswpck5b,The Lockdown Sessions,2Gd77sRs3Y8z8V08Hj6EzC,2021-10-22,202735,78,2022-09-23T17:40:00Z,False
3wJVBz7gvGTwTWVAxFa6ny,Fever,"Dua Lipa, Angèle",6M2wZ9GZgrQXHCFfjv46we,Fever,35c9iadFgrCWLY0tuJH23H,2020-10-29,156910,59,2022-09-23T16:36:03Z,False
6Qn5zhYkTa37e91HC1D7lb,Whatever It Takes,Imagine Dragons,53XhwfbYqKCa1cC15pYq2q,Evolve,33pt9HBdGlAbRGBHQgsZsU,2017-06-23,201240,82,2022-09-23T15:50:55Z,False
6CjbLEPcubhGJAlAQAruvo,Leave a Trace,CHVRCHES,3CjlHNtplJyTf9npxaPl5w,Every Open Eye (Special Edition),6pcfjrxlkf7fk9irlvJUzG,2015-09-25,237483,0,2022-09-19T21:37:35Z,False
59lq75uFIqzUZcgZ4CbqFG,Let Go for Tonight,Foxes,7qRll6DYV06u2VuRPAVqug,Glorious (Deluxe),5AQ7uKRSpAv7SNUl4j24ru,2014-05-12,238413,40,2022-09-19T16:01:31Z,False
5qv8RDbrZMdmXs23yqavHY,Freedom - Original Mix,"Mind Against, Dyzen",48LWLoeY0dhwaiX1FRsn72,Freedom (Original Mix),2KvceQDbrBZp9wA5VQcJNP,2022-07-06,283645,0,2022-09-16T06:41:56Z,False
2sLVs5iX0osogh4jcsAJkv,Danielle (smile on my face),Fred again..,4oLeXFyACqeem2VImYeBFe,Danielle (smile on my face),7xni0tZQ8q2rTHkIeBYr1Y,2022-09-14,201230,54,2022-09-14T12:16:50Z,True
5B83lmCIpUZbp3llYUN3Mg,Hope,Nall,1TTP6vJbLEjFnjflpE4ahI,Hope,3XukZxrnN93zd1LCIHztVc,2017-12-18,220425,31,2022-09-13T01:13:10Z,False
4rkx80LC1A3RpTLkjJ8m6C,Tao,Cheap Monk,6oa6wet2erehWqnsFS8ZJx,Tao,6zbI9ob1cNE7baZyzfFaRs,2019-11-22,128788,25,2022-09-13T00:55:07Z,False
6tYlLMni6GwUksie3N6IPA,Dockyard,Paul Kalkbrenner,0rasA5Z5h1ITtHelCpfu9R,Self,6BTgqsN2O8OTquzXfZQh0E,2004-03-01,339880,53,2022-09-13T00:48:53Z,False
7nZNvE2EdKrH127yzBMW8E,Love Is Real,"Loods, Mall Grab",1uF7AFfGahplhiaHEy9NNl,Love Is Real,2zQJvUy9Cw6BGlYBBL4f8X,2022-09-08,197727,44,2022-09-11T18:02:28Z,False
6dPv87Rh1VEavjyWCr84Bu,The Void,"Lee Foss, Ferreck Dawn, Alex Mills",44T94QQEc60Jf7kqGY6Rip,The Void,2ygzsSsplPHHBohrRm1Xls,2021-01-29,203589,0,2022-09-10T19:34:49Z,False
0zXjUo1w3t9MNT6RKYmNHv,VIEWS,Mild Minds,3Ka3k9K2WStR52UJVtbJZW,MOOD,2Eh8MVthc1OiqAQOgQClVl,2020-03-13,288387,55,2022-09-10T17:29:16Z,False
5lTOYADoL5tJq6SZcqXRnw,How Will I Know,Tensnake,75nC6MXUalYZSOd7OfNkwq,How Will I Know,74Nkxj48PhowNWMxoIz9SH,2022-07-29,229266,20,2022-09-09T13:28:25Z,False
7cbsuVHDGO1QWG15TUOOtp,XYZ,deadmau5,2CIMQHirSU0MQqyYHq0eOx,XYZ,3w9iuZp9kg9WxPLOw6myZu,2022-06-17,575625,0,2022-09-09T13:20:09Z,False
0Q1F2YDblewui4j2MoGgX5,HEARTBREAK3000 - Bleeding Heart Mix,"Aexhy, Funk Tribu, ANTNK",1R3HRBLa5jwIKMWLMVpJZR,HEARTBREAK3000,6YifbrZCb8j4GLF4vR27Dj,2022-04-01,349636,36,2022-09-09T12:52:12Z,False
1x6QsTByS55Xm4cM0oAYHO,Total Recall,Deorbiting,17qE2mJQTOOEyHch0DxyNr,Space House,5pV68287GmXjouIpIygzsN,2022-03-18,406474,3,2022-09-08T22:49:37Z,False
6W6sLE6lR8WXMzGBFCtVUv,You Inspire Me,Giorgia Angiuli,4iHnLagnnmgiIwMSm1wuTq,You Inspire Me,4afGc57icTauYqr2NiXmVi,2022-09-02,240000,33,2022-09-04T22:32:23Z,False
2B0Mt9mDdiL7F267kY7PCS,Blinded - Colyn Remix,"Coloray, Colyn",6a3p6ZKDkTzrVbloxkD73E,Blinded (Colyn Remix),2ohmjRcbnmP2cmCAyXTb72,2022-07-29,343125,0,2022-09-04T22:29:01Z,False
5XhrEEggrJkL7tTbSQLgYN,shutyomouth,DJibouti,2PyUWRpP3uy6MrZB1rPxQw,Chez Critique: Ephemeral Blue,3itS7GVsMlc9TyrHlnhGPv,2021-03-19,192048,0,2022-08-30T00:46:37Z,False
232MaL4l6IsYtRSN8wo5lG,I'll Give U A Feeling,Hush Hush,72lGnGZvP8ZUeOAnc8GoDU,Double Vision,3hW0NCGiWjy5NCxSMuSlqa,2020-04-21,243307,12,2022-08-29T00:07:44Z,False
6o1EptGgPdUdsW3NIYo1QW,All Night Long,DOS,4H4hsVb7pwQOL6uY4ZcC09,Cant Even,4lsROdaX3xhomcoHMgYzX8,2018-11-09,376524,20,2022-08-26T16:33:28Z,False
24CoUR3GwPXeWJzGizLzhR,Angie (i’ve been lost) [feat. Angie McMahon],"Fred again.., Angie McMahon",4oLeXFyACqeem2VImYeBFe,Actual Life (April 14 - December 17 2020),6o86bV7TAt5x4exc2qLDqC,2021-04-15,285093,54,2022-08-21T21:47:26Z,True
1NPphx1vkPrjAINoGROYA7,Luftlust (Original 120BPM Version),Harald Björk,2VvFUDg4FDXzEQkQdgWz9h,Luftlust (Original 120BPM Version),2Qrk7p1OUsGhOnbeLl619h,2021-12-03,360960,0,2022-08-21T21:04:22Z,False
5UatawMsGULDVG2h8wE1KS,Lights Out,"Fred again.., Romy, HAAi",4oLeXFyACqeem2VImYeBFe,Lights Out,4q2ICY0OEEblDgkjKHkwPE,2022-01-20,288348,46,2022-08-20T09:04:49Z,False
31B7wLv4yvtjDoTTmbnxeE,Jungle,Fred again..,4oLeXFyACqeem2VImYeBFe,Jungle,3iDLGLmecmdkmdxYmuol5d,2022-06-29,198805,61,2022-08-20T02:36:49Z,True
0Ydwuuoi0EbDWPuiITxjoi,Missing You,Pandar,2zZ1SrHD5FqPVXgBIH7Xe1,Missing You,1WowJAcBCn0yLsWJ40ooh5,2020-11-20,407040,0,2022-08-17T20:52:57Z,False
6PaNFqmGM7Uah8ehK1A7Jx,Oxygenium,1luu,6H7YXIE4ZT1Nxa2krwL6N4,Summer Vibes From The World,5gKIAH1rk2gGYeJXkeq4ki,2022-02-21,522500,22,2022-08-14T20:57:16Z,False
4MyPLcBTpqfXZJKcUhMXOg,Set You Free,"Lucas & Steve, Laura White",5wwneIFdawNgQ7GvKK29Z3,Set You Free,1cQwMGOrpiXTdeot0bdplB,2022-01-28,169523,34,2022-08-13T06:16:06Z,False
1CL8xcR9I43Yp0VFc0zG7W,Chased - Radio Edit,John Dahlbäck,15xvsJMf8phaNa1LYvL9Qv,Chased (Radio Edit),5hZObARlt5YfThCFm8kuiU,2020-05-08,186666,27,2022-08-13T05:56:46Z,False
4Fm5E7KOTEKWBR3YwhgMM0,Touch,"Golden Features, Rromarin",2SrWifjYv7b5tR8EzEmn1x,Touch (Solomun Remix),3OzCCg2DJ8wpKZQzoXm5Kq,2022-08-04,206250,7,2022-08-11T04:44:52Z,False
6JjWBvHpTLT9ngwr75i5pt,Touch - Solomun Remix,"Golden Features, Rromarin, Solomun",2SrWifjYv7b5tR8EzEmn1x,Touch (Solomun Remix),3OzCCg2DJ8wpKZQzoXm5Kq,2022-08-04,173949,30,2022-08-11T04:41:09Z,False
2N8m6CYs74qQO4mjVcXO30,Dance Monkey,Tones And I,2NjfBq1NflQcKSeiDooVjY,Welcome To The Madhouse (Deluxe),1AZjTOqvw2ZogWZxnDlhEN,2021-07-16,209438,74,2022-08-09T05:32:04Z,False
2oRrosZu67qZ1g0FvxFVBS,Shake This World,Konstantin Sibold,5Ls75umF4lBOQVp3pJAlbW,Unity Pt. 3,6oQPnEVls3b5rYADbS1TvE,2022-07-20,344761,0,2022-08-01T21:17:39Z,False
6gdDu39yYqPcaTgCwYEW8i,Turn On The Lights again.. (feat. Future),"Fred again.., Swedish House Mafia, Future",4oLeXFyACqeem2VImYeBFe,Turn On The Lights again.. (feat. Future),2jiMeC1iUWVYmvXSIiO8ks,2022-07-29,267946,62,2022-07-31T21:00:58Z,False
60IGjCo9qOkbwDnZpI8ROE,Drain,"Agents Of Time, Fideles",6Jbyd4qzEtbFtswZP1o6Ht,Unity Pt. 3,6oQPnEVls3b5rYADbS1TvE,2022-07-20,369303,0,2022-07-28T15:51:09Z,False
1Bc1YCkgdW1AJ2GchM7g2C,Transhumanism - Transhumanism Project (3/3),Innellea,71rqI5HtraA3qXBwatyG6e,Transhumanism - Transhumanism Project (3/3),66uGV21DSQjZPb8ItzXgYt,2022-07-22,424903,28,2022-07-27T02:07:15Z,False
1QGrTw097SZrDpYrFtbWXN,Summer Mood - Andrey Kravtsov Remix,"Deep Sound Effect, Cotry, Andrey Kravtsov",1AkBA6pjCQnb7vfVU8rZxf,Deep House Summer Hits,4Fc2XvA0yx9w6TrJ7NOq7w,2019-07-26,434930,2,2022-07-23T22:02:58Z,False
1VMBJXHXPziSGwcKVOEqHv,Gamble Game - Wallie Remix,"Deep Sound Effect, Irina Makosh, Wallie",1AkBA6pjCQnb7vfVU8rZxf,"Underground Nu-Disco Sessions, Vol. 9",5EB0Fbfn5rzgZthxjPDeOt,2017-02-24,375384,0,2022-07-23T21:56:08Z,False
6mrwve7gZ6eDGjeSS3pHJ9,Back In - Original Mix,"Deep Sound Effect, Dina Eve",1AkBA6pjCQnb7vfVU8rZxf,Back In,3G0FPLe2alc2TqRq22qdyZ,2019-02-15,297966,0,2022-07-20T22:28:44Z,False
22D1qXv47znoAPzQMzlT59,What Would You Do? (feat. Andrés & Amp Fiddler) - Folamour Remix,"Dames Brown, Amp Fiddler, Folamour, Andrés",7Hgnu346InP2IcZoMGGT8B,What Would You Do? (feat. Andrés & Amp Fiddler) [Folamour Remix],5pRrnJlo9SxRjK1RtTeTnf,2022-07-15,270152,0,2022-07-19T00:39:09Z,False
4s5mx3YtyFVsbCux2zrdDm,Home - Boys Noize Remix,"Solomun, Boys Noize",5wJK4kQAkVGjqM9x46KQOC,"Nobody Is Not Loved, Remixes, Pt. 4",6NwJLoXyGez4imDQrZOLD4,2022-07-08,377612,0,2022-07-16T00:35:54Z,False
7HOKaFnIorTiqDV38gFmsu,mein boy,Blond,4WnfD0e5J91W7zyHBK6svA,mein boy,5s6IWROO1M0Jtk7xw3hVXl,2022-05-20,211443,0,2022-07-16T00:25:18Z,False
35e35lxA5bSZzYFtwXT9Pe,Hund,Yukno,01JZtu3hMY7lmY36RCqzIl,Ich Kenne Kein Weekend,07Zz6B4KSDhn2LyWETJ8Ii,2018-02-02,219974,35,2022-07-15T20:21:48Z,False
0NWPDWotDiwNs201knUlsH,Dre,Solomun,5wJK4kQAkVGjqM9x46KQOC,Customer Is King EP,1XGo0OD90wIlRccwLe29L9,2018-07-13,522926,0,2022-07-15T18:03:40Z,False
73MO7cp01ZVfxuv7Pvr1U1,Hilflos vor dir,diggidaniel,4hRNAyGnGpRlCXooSE9Mvw,Hilflos vor dir,7CZBdkMPCfjPByTMFHN6Zx,2021-11-30,184781,35,2022-07-15T17:59:55Z,False
1WMYS2BA6fxRaD97kywBE5,Night Travel (feat. Tom Smith) - Trance Wax Remix,"Solomun, Trance Wax, tomsmith",5wJK4kQAkVGjqM9x46KQOC,"Nobody Is Not Loved, Remixes, Pt. 1",1924zJTPx2ueAzi2p9wU2Y,2022-04-08,305135,0,2022-07-15T17:53:18Z,False
5BAJDNTutBFJL27pKunac1,Shadow (Maceo Plex Remix),"Maceo Plex, Chromatics",3TXQ1ddouwQAI78hV4hXDj,Shadow (Remixes),0UN2MKtYHmSYDOXTgWls4q,2021-02-24,298705,49,2022-07-15T17:48:57Z,False
1eU3xrZnlzqxTKHsLRUQvG,Synthadella,Yukno,01JZtu3hMY7lmY36RCqzIl,Synthadella,10qNafWjj0KiRfE47CEwvF,2021-07-02,243405,20,2022-07-15T17:34:04Z,False
5pUrfRLMogqISEM5mdSVZo,Night Walk,Theo Kottis,3qEwwb8O7MSkGRohGYEzkO,On Your Mind EP,5zHZ9SebzhDNQtiYsNKGyu,2022-07-01,214633,0,2022-07-12T03:00:55Z,False
4vsUpykz87uhbH2oK7auJm,Kreatur der Nacht (feat. Isolation Berlin),"Solomun, Isolation Berlin",5wJK4kQAkVGjqM9x46KQOC,Nobody Is Not Loved,2NarmNFabeJTZpjO4VL1eF,2021-05-28,295500,0,2022-07-11T02:26:55Z,False
1nawO2xKQj1haBWWhLpUfG,Lunar,"SKIY, Galexis",39JhQRThBhrHgjXtIK3dGZ,Lunar,06R8GH8lr3HkN6amHyZU8w,2021-01-15,192016,33,2022-07-07T22:20:50Z,False
5wxSvvLTBMxrXi2EB6FjSz,Sandcastles,"Kadosh, Johannes Albert, Abrão",3e1Dyl2ZhXliPe3Mls724W,Sandcastles,2tWiZunnla7G5rQ9LgxMxV,2022-07-01,311666,10,2022-07-03T13:50:43Z,False
4Tla2jt77nO70DgGwFejbK,Run It Up,"Snakehips, EARTHGANG",2FwJwEswyIUAljqgjNSHgP,Run It Up,6YIohFFdeMmUqjMXLoe4Iq,2021-06-11,178218,40,2022-06-29T15:29:45Z,True
7cn2gHnDem0tI8rZXaBmXp,Alive,Mainterm,7f7f9se1wn56qhlAWMT4eI,Alive,1QXGtZPuWcFFqaz3IidO7y,2022-05-27,358144,30,2022-06-27T19:21:03Z,False
4LRPiXqCikLlN15c3yImP7,As It Was,Harry Styles,6KImCVD70vtIoJWnq6nGn3,As It Was,2pqdSWeJVsXAhHFuVLzuA8,2022-03-31,167303,15,2022-06-26T03:07:12Z,False
6koq1DWY1e6JVFy7wQgYCo,Leaving Earth,"KAS:ST, Gordo, Ki Bae",7orlzf5LTqSnCzURkZFebN,Leaving Earth,751Dn5vH2f5uLyjUB5cYje,2022-06-23,303431,36,2022-06-26T03:03:29Z,False
0x7ZNngk1r1tPGM9OShuTe,Multiverse,Alignment,4eFbq5PZgW7YbtA65PP4wS,Attack EP,00q4IT2FUpuDI5uqRw126r,2022-06-24,351732,0,2022-06-24T16:42:56Z,False
6pDFS313jjuoDKq4DeUvOH,Orderly Chaos - Original Mix,Alignment,4eFbq5PZgW7YbtA65PP4wS,Orderly Chaos,1HlasxTEMFaXmOivyptMEk,2021-01-22,377306,0,2022-06-21T17:13:49Z,False
35jcIpSQ6MDCuAuS2pwZMB,You Take My Hand - Reinier Zonneveld Remix,"Tinlicker, Jamie Irrepressible, Reinier Zonneveld",5EmEZjq8eHEC6qFnT63Lza,You Take My Hand (Reinier Zonneveld Remix),7cIzIBta1fbtAvS1y51Byn,2022-04-11,317272,16,2022-06-15T17:42:13Z,False
47ZjZFZIbIzQ9I2dccR4ge,Fading - Anjunadeep 13 Edit (Mixed),Nicky Elisabeth,7nt1M2NuH98Fr9c69lscEE,Anjunadeep 13,0UadfyD6H5G4fnb6kjpV6M,2022-03-25,231293,19,2022-06-13T18:28:35Z,False
1t0Jmqg1pKVBbxjQFZebeR,Marea (we’ve lost dancing),"Fred again.., The Blessed Madonna",4oLeXFyACqeem2VImYeBFe,Marea (we’ve lost dancing),3AAwKutHRWyftJ2GrFdPX9,2021-02-22,285375,66,2022-06-13T03:27:05Z,False
2bTbJevtdXgvMHuPo9CJVi,Too Much DMT,In Verruf,5EnbpUtGIk2qPzGgNE75m0,Riv1,28pO2inQmQzl2cRPAEltDw,2020-01-17,406790,0,2022-06-11T16:40:43Z,False
0vduvDIA5KjiidpVFRJfpG,SeeSaw,"Jamie xx, Romy",7A0awCXkE1FtSU8B0qwOJQ,In Colour,4gaNWHu5Caj3ItkYZ5i6uh,2015-06-01,268788,46,2022-06-09T16:39:50Z,False
6EdWL8fb9d2sZM7hxdYS4A,Too Late,NIMMO,76MojWoWNPzzKdrEspy5sl,The Power,5L76JF4j46E7IhCTDEmmr3,2019-06-20,324906,0,2022-06-08T01:49:00Z,False
3aCswZ5PsRftwHpEyfk1xw,I See The Devil,In Verruf,5EnbpUtGIk2qPzGgNE75m0,Sektion 2,0qBglUNygi3FkqEkSETbQ7,2022-06-02,378414,0,2022-06-05T17:24:38Z,False
42l08uBs0d5Y6oaemVYVkq,Where to Start,"Q.U.A.K.E, HRÄG",3xcRMBXy9wnPg0pUH76w91,Where to Start,31ev0Rr4dY0aqbgqZ6mwxp,2022-05-13,402000,4,2022-06-05T14:28:14Z,False
6qCXdVh110E8HmfbPDaazn,It's Easier,NIMMO,76MojWoWNPzzKdrEspy5sl,Songs from the Credits,3yx69PV1Dji9Rpa04duQZW,2018-11-15,197226,0,2022-06-03T17:51:15Z,False
0mogpLJRPJTCCdy5yV9qhl,Fireworks,Qrion,0bGDTQ78MVgI5Snqo9KJZw,I Hope It Lasts Forever,4Xim1jo6ziwJ1Qu6QkoLPj,2021-10-29,264698,22,2022-05-31T21:36:18Z,False
6dOLWS1ee89ZezU4aRnpaX,Your Love,Qrion,0bGDTQ78MVgI5Snqo9KJZw,Your Love,2qlU5QR86qqrdWDG3UvGTT,2021-09-07,249984,39,2022-05-31T16:14:48Z,False
5jotgqiS2ueWyLiwb7Usdl,Someone That I Used to Know - Radio Edit,Pete K,2kwivERZbT1vThOGo32Wx6,Someone That I Used to Know (Radio Edit),55UWOAdWjdVngvLgRRWDls,2022-03-18,219335,13,2022-05-30T17:37:24Z,False
3qjZJg6mW6RFUj8M324Bed,Unknown Structure,Plant43,1Knqr98gY1JxSElifR2aNW,Unknown Structure,17PkXX1GEZnmKbSa6yU49z,2021-07-16,354499,4,2022-05-30T16:50:22Z,False
6S4O6IGUaxUQ2g6EcHh2B9,Melodrama,Nostrum,0ZeoVL9OTpXXqYV3pmdrVh,Melodrama,0gzSWQ0atAz5rRmZJLjsma,2012-01-01,425133,0,2022-05-27T03:53:34Z,False
0VeogjoXU5XykEMyv3eFzb,Innocent Voices,"SHDW & Obscure Shape, SHDW, Obscure Shape",3pqHn0bHhBjL0duQ5xesFe,Techno Against War,13aL3MCBxe4NmbzxLH6PT1,2022-03-30,341473,4,2022-05-27T03:37:12Z,False
1TnUURhehaoMWKAqQtirm6,Colors,Halsey,26VFTg2z8YR0cCuwLzESi2,BADLANDS,5U5rt98q8Jqx4lP3RdqYfO,2015-08-28,249499,71,2022-05-23T00:35:37Z,False
1rqqCSm0Qe4I9rUvWncaom,High Hopes,Panic! At The Disco,20JZFwl6HVl6yg8a4H3ZqK,Pray for the Wicked,6ApYSpXF8GxZAgBTHDzYge,2018-06-22,190946,80,2022-05-21T02:35:13Z,False
1DOuZaf52j4O1zlyQpxSQx,Consciousness,"Anyma, Chris Avantgarde",4iBwchw0U0GZv5RfVYSMxN,Consciousness,3PXBTfh5elG5YjbNM3QWAP,2022-05-18,274551,1,2022-05-19T17:40:00Z,False
5RBOcBpJXaNnHCGViJmYhh,The Perfect Girl,Mareux,7riQPkkGZBnTh9ve5qIhYo,The Perfect Girl,2JnZQM70jbT0J1Xq0qgl24,2021-12-08,194423,76,2022-05-16T04:30:15Z,False
7DLxRocVGAXVaq63ZuuIby,Reclaim Me (feat. Nimmo) - Maya Jane Coles Remix [Edit],"Wax Wings, NIMMO, Maya Jane Coles",36GCZfnizKMEEkU9k79Sm3,Reclaim Me (feat. Nimmo) [Maya Jane Coles Remix],2a6PATwWoogkNkzaWI05vU,2020-10-09,203267,19,2022-05-13T01:01:37Z,False
4ztZ2DZsuwUbaeQdvpY78Z,Resurface,LESSI,7q2jGRZqowIJPZV0Ds00PF,Resurface,3M73zMomIlYvJfsqoIPmOl,2020-06-11,453288,25,2022-05-03T04:19:27Z,False
1wyxZN6qLcJlYf9qtbSFym,Offset - Diode Eins Remix,"Øfdream, Tomeo, Diode Eins",70P3LvwslDBQicUfL2Ix02,Offset (Diode Eins Remix),3ENwIL4d0zouKi6dRA0tN1,2020-10-23,401250,22,2022-05-03T04:00:23Z,False
1vk5NG0J6yuI3PdZtsEnXk,Best of Me,"ARTBAT, Sailor & I",3BkRu2TGd2I1uBxZKddfg1,Best of Me,1pQU2Qm9YN84Ur6XW87pfT,2020-09-11,552960,0,2022-05-02T20:36:17Z,False
7f60h7a6XrU3kaA8zGnfip,Osaka Madness,Locked Club & RLGN,1Wt0C06sJUc0YKQbpFXWdy,Lomay,5e5IOshxtdgSDQ6UYQeMzC,2017,316082,24,2022-05-02T14:06:58Z,False
7gwcVydlmPFGeBogdmxckf,If Chickens Could Talk,Budakid,2MNTXvxPuFuHRYSMN7EEFL,If Chickens Could Talk,7LDXz9qo5NTNu2ivwwNX0G,2021-11-12,436640,0,2022-04-30T06:09:08Z,False
4cjYbAMy81xoKpiRmDBgGy,Sun Is Setting,"Artaria, Jean Vayat, Evelynka",54LH798QKraEZosT57zMqU,Sun Is Setting,7l6ElzvvCMM2jo0kLJumhP,2020-12-18,458239,0,2022-04-30T05:40:34Z,False
0pRIs6EFRLniTBxEsR0g0g,Arcade Mode,Adriatique,02DWGcShQivFepRvGJ7xhB,Arcade Mode,0EM80Qxhya5qB06vdnBAMX,2022-03-18,408011,0,2022-04-29T06:04:57Z,False
42dvF4habiX6w9f9UnrXEE,Burn for Love,Pitto,4qGSmvW1ZXE9qeXUdoFuTG,Burn for Love EP,6ZeI0ipPnd0Fh39v60Ngde,2021-09-24,419500,0,2022-04-29T04:24:26Z,False
0hRFDhaHRJt6cz69n78G3f,My Heart Beats Like A Drum (Dam Dam Dam) - Radio Edit,"A Touch Of Class, Le Koma, A. Buggle",5wTdspmxzb8V4ZjvDodpBo,Planet Pop,2kBFECL9a71fNRXbRW5xO3,2000-11-06,222266,56,2022-04-21T02:52:26Z,False
1amfDxySvja0PP6LjosvNB,The Mirage,Agents Of Time,6Jbyd4qzEtbFtswZP1o6Ht,The Mirage EP,7h6U7WviIp19ArtCstpINj,2022-02-18,371903,0,2022-04-16T01:53:29Z,False
3LvvIhumturTVuHFgpgrb4,CSE,Reinier Zonneveld,21A7bhIL1m6CNZn8y57PIZ,CSE,2Re9FuBXmfB6WVdROMTfwO,2021-08-20,193082,0,2022-04-13T16:17:58Z,False
3TQj0vUT4FDIkIDqhTFPxd,Balearic Mornings,"HI-LO, Reinier Zonneveld, Oliver Heldens",0ETJQforv5OXgDgidQv9qd,Balearic Mornings,3KNDonp1UJb2dZ0XYLJsuQ,2021-07-30,290247,0,2022-04-13T16:17:51Z,False
4dV41PHdrCn9aJ00ZMYgq2,We Can Dance Again,"Armin van Buuren, Reinier Zonneveld, Roland Clark",0SfsnGyD8FpIN4U4WCkBZ5,We Can Dance Again,5qpl9mVFukRjC5PO42Gk4C,2022-02-18,196052,24,2022-04-13T16:09:20Z,False
5MAM4PXb95MPl2JWSlMI6L,Against The Sun,"Rootkit, Anna Yvette",01olvHW7uzIInQx9VTNuJm,Against The Sun,7GV1NGxqCeVlyJInQhk9t0,2014-10-01,212288,45,2022-04-11T23:38:20Z,False
6RkjIKqt09dSasxdX0bH2P,Burning Chrome,"Christian Smith, John Selway",0Z2EpubIhxnq4B6PV0I8n3,"A-Sides, Vol. 7",54hP4J2ajhT8n4nw4ePZfI,2018-09-24,427500,0,2022-04-06T23:36:11Z,False
1kC27viAcWat4KnWvrte6s,Medusa,Michael Klein,1CIuNl1eWjkoPrhWdMK8L6,Medusa EP,1mclC44Pei9iq4udx63cxR,2020-07-17,366044,1,2022-04-06T23:19:33Z,False
3HpsLogBoKDq4u0YWxxoZz,Signals,Hidden Empire,44Ga1YqZthFOzZSTHiNWkC,Signals,3YWkAZqJYfmZAAtqdLUXJ5,2022-04-01,379267,8,2022-04-05T18:55:45Z,False
5hs9t1kp6iQdiP6VTiJztS,Cold Since '81,CamelPhat,240wlM8vDrf6S4zCyzGj2W,One Hump or Two,2jXNCQO2aTQHMB47ZrajAU,2014-04-04,431636,24,2022-04-05T16:56:34Z,False
3LteC4B7ByWRoVBnMF9A76,Moby - Tale Of Us & Anyma Remix,"Moby, Tale Of Us, Anyma",3OsRAKCvk37zwYcnzRf5XF,My Only Love (Tale Of Us & Anyma Remix),41D050xGHysMtbsSO2QM0X,2020-07-03,348643,28,2022-04-02T12:49:07Z,False
4SnlvgH1WS4Nrsg52kNjRX,Warning,Cymbals Eat Guitars,580mg2IiCqPs9dmDUkJj2x,Lose,0nrCloIvPV7sedHfKvz48z,2014-08-26,200466,3,2022-03-31T05:23:11Z,False
6jHvX8ZnHKC1PnrPMJ0Emt,Cigarette Daydreams,Cage The Elephant,26T3LtbuGT1Fu9m0eRq5X3,Melophobia,5nJ9B1KiydXoYWAcyqlG76,2013-10-08,208760,73,2022-03-31T03:42:38Z,False
4UyAtnwhaKv7EG1BdkBYRI,Ready To Let Go,Cage The Elephant,26T3LtbuGT1Fu9m0eRq5X3,Social Cues,2VuZJsJBPLwg9BeQFQle8G,2019-04-19,187973,61,2022-03-31T03:28:23Z,False
2T5lAs95i1Gx6FjYYJZ1zr,Running (feat. Meg Myers) - Extended Mix,"Anyma, MEG MYERS",4bJrKY4RcJYqSp3fHonWa8,Running,16Kon7rTm0D4jOwEu2me2c,2021-12-08,385436,0,2022-03-27T04:22:05Z,False
1lfVngSLGVB7016sN7aT4P,Picnic,Digitalism,2fBURuq7FrlH6z5F92mpOl,Diytalism EP,6YkBuXdyyWlsSTI1hmcXm3,2022-03-25,338295,0,2022-03-26T16:57:44Z,False
32uzMvtg0JKDKZzg6KhHoZ,Angel 1,"Innellea, Anyma",71rqI5HtraA3qXBwatyG6e,Angel 1,0omfFup8BUBLpflIPlo4gz,2022-03-18,346587,0,2022-03-25T03:11:53Z,False
2sI0Geda1N0cAjKnbzujHs,Blooming,BAND-MAID,5Wh3G01Xfxn2zzEZNpuYHH,CONQUEROR,6EWwxljjETbLPzecEIaiqd,2019-12-11,229619,34,2022-03-24T04:21:01Z,False
26P0PvxuRYcgzxeHZ4rjD0,DICE,BAND-MAID,5Wh3G01Xfxn2zzEZNpuYHH,WORLD DOMINATION,7126IZsEVmCi2VxASFaI1c,2018-02-14,242744,41,2022-03-24T03:56:28Z,False
23taGXZI9sFYIxdBrqeVaz,Different,BAND-MAID,5Wh3G01Xfxn2zzEZNpuYHH,Different,4LF8VqmmnKz9NTmYWvPA7b,2020-12-02,213453,38,2022-03-24T03:48:21Z,False
130dsYbbXp9jQnETiJ7axI,Choose me,BAND-MAID,5Wh3G01Xfxn2zzEZNpuYHH,Daydreaming/Choose me,6u0ZnCbMJZdi07crl7hAnE,2017,221400,43,2022-03-24T03:44:54Z,False
4ByEFOBuLXpCqvO1kw8Wdm,(I Just) Died In Your Arms,Cutting Crew,3cniTumSiUysiPWXapGx1i,Broadcast,3wCe8HjHk6QNGcf5D3jgW1,1986-01-01,280400,79,2022-03-22T17:05:38Z,False
5f5oCn8eUGl3Elcp5wKrfc,Best in Me,March 13,1HFMq4FxAkAIGOedJoCBDO,Best in Me,3imCSMDrH2A9LZJG9v9FPZ,2020-04-30,334153,24,2022-03-21T14:23:50Z,False
6CFPFnS9EcLs2I0nWqtWci,Because Of You,Ne-Yo,21E3waRsmPlU7jZsS13rcj,Because Of You,52q9xNv8COtSU9phlbO5sg,2007-01-01,266840,77,2022-03-21T00:44:53Z,False
6ZKiUyhKPQtuSlPGDJ3cqd,4GET,RYSY,1g8ymDLzZuSX7H7QGY3mGX,4GET,6tKN4uk1gE04dSVt5LfYT4,2021-06-25,151098,0,2022-03-18T14:48:24Z,False
7888F1QWPTn4cPbuknNV4T,HIT EM WHERE IT HURTS,PawPaw Rod,23KIrX6iPiVOkx60F4bjNq,HIT EM WHERE IT HURTS,2w4bxNOt8ZLIBaKH2oi6ij,2020-09-18,165499,49,2022-03-11T12:45:40Z,False
0DAb8uXdSsQpuhfbOUWVOg,Aurora,"Andfølk, REYA",5cBaXhK9HFIEtpBmmEbh68,Aurora,1a32feDakSH0uiAYW2NmQy,2021-03-26,267096,49,2022-03-11T01:26:19Z,False
1kS50dU3ilf4sNIgG2huZg,People From Another World,"Alessio Pennati, Vincenzo Sarti",4qwWjZxwVT489GORkKjU1z,People From Another World,3IxnS3aQz7UBzH3uj1wn2w,2022-03-04,421463,0,2022-03-10T19:12:53Z,False
5GebfPWEFlZg7cguHGNYEH,Mashyna,Nikita,0pwlotVpchkMNPglJS6EOv,Mashina (Special Edition),2HnnFBqIncjjcRmhpIFcNm,2010-01-01,211600,44,2022-03-07T15:18:00Z,False
3JxRp08R1RfqUjcFqAr6lk,Late Night Seq,Binary Digit,3de6mAIrsacJj1uU0zfTSs,The Scene,5YpeptefCmwi47jl2Js7Qx,2020-12-28,327875,28,2022-03-07T12:33:30Z,False
5EbsnehSVc033qtcejTU4I,Trust,"Miguel Campbell, Martin Badder",4uZJDUKi3NXQsuMKP3rOeC,Trust,5f7e7l2P7tv0jPEvNvVagh,2022-03-04,170028,32,2022-03-04T12:54:41Z,False
04U5eAyK9aRbmmJV3kaAVx,Magic Order,Argy,1NaQOKgddaJipUtmptb7GI,Tataki,2TIki9mmFhTGkyJM0Svses,2022-01-07,321147,0,2022-03-01T16:15:29Z,False
2KZgEZ9k2HKKrveX7pqXjz,Verevki,Nikita,0pwlotVpchkMNPglJS6EOv,Mashina (Special Edition),2HnnFBqIncjjcRmhpIFcNm,2010-01-01,209546,38,2022-03-01T01:24:17Z,False
27ycaQnQAxaPiyeg3nr2aB,Midnight Sky,Miley Cyrus,5YGY8feqx7naU7z4HrwZM6,Midnight Sky,7z5fmW3FDD6jlpJtwMXV51,2020-08-14,223279,3,2022-02-25T19:48:55Z,False
05mAIVLkIWc2d1UBYZBCp8,1999,"Charli xcx, Troye Sivan",25uiPmTg16RbhZWAqwLBy5,1999,49Teqcxp4dOBayTBtR3j5W,2018-10-05,189000,59,2022-02-25T15:32:27Z,False
5aZE1JRO2x1YvBQr5ssHK2,All The Little Things,Giorgia Angiuli,4iHnLagnnmgiIwMSm1wuTq,All The Little Things EP,08VBmpMr5rhtIWx2oI4Pc5,2021-07-02,416128,26,2022-02-25T14:49:55Z,False
4y3dmfHc7IJRaFWV1wGwrO,Looking For Purpose,Amazingblaze,5Z6jglUTEzwgV5LknPAYDQ,"Speed Tracks, Vol. 1",3KTb3C9kIXhkXUQJH65c28,2021-02-01,387428,0,2022-02-16T00:35:37Z,False
21ou62oeHsugLd9JL2VXcC,Stargaze - Original Mix,Amazingblaze,5Z6jglUTEzwgV5LknPAYDQ,Speed Tracks Vol.2,6TUo67H4sKu0Bt8ZDBzYyN,2021-05-26,336000,0,2022-02-15T23:30:08Z,False
3FnXhLPVBik48h9OVIu9eo,Dust - Original Mix,Amazingblaze,5Z6jglUTEzwgV5LknPAYDQ,Speed Tracks Vol.2,6TUo67H4sKu0Bt8ZDBzYyN,2021-05-26,314000,1,2022-02-15T16:26:14Z,False
1S3wM42IWR5DDukmZo8GwV,I Go,Peggy Gou,2mLA48B366zkELXYx7hcDN,I Go,6BaEmgJe4ryoOHQa3BI9dz,2021-07-09,358614,0,2022-02-14T12:35:40Z,False
0KGc8uyIXJdZjyMe8Jihdk,Heavenly Maybe,Gengahr,2ATweaQe83QUQVjM8LMh7J,Sanctuary,6TpdsAKl6qB08qTqkerwZw,2020-01-31,206960,28,2022-02-11T20:48:07Z,False
5QRhs05R9MOXHQC2OOn5bq,Loss Of Hope,Innellea,71rqI5HtraA3qXBwatyG6e,Distorted Youth EP,65OPNarZvRrfJM2BDyHAVi,2022-02-04,439024,0,2022-02-05T01:43:48Z,False
2euBWg0NcyhmKC51wfPDRY,Confronted Reality,Innellea,71rqI5HtraA3qXBwatyG6e,Distorted Youth EP,65OPNarZvRrfJM2BDyHAVi,2022-02-04,402711,0,2022-02-05T01:42:44Z,False
2NeSirLM2VHQW4upn0nMfB,Starry Night - Edit,Peggy Gou,2mLA48B366zkELXYx7hcDN,Starry Night,6EgGBFTnsLi1WZaHDtpeie,2019-03-22,233978,2,2022-02-04T21:21:49Z,False
5kAwEqCAJ4yHdHmlAMSczs,These Are Just Places To Me Now,Folamour,6pJY5At9SiMpAOBrw9YosS,Ordinary Drugs,3na24PKpM5Bh0xwvIcpPms,2019-02-15,421700,56,2022-02-03T14:45:36Z,False
0mqObq0LCWmM0P0zLQd1eh,Moment In Time,"Icarus, Jamie N Commons",0nUF7iT0e6D5xEl743Jfu3,Moment In Time,29wquy11Iersljz5usyVA2,2021-04-16,237251,37,2022-02-03T02:39:51Z,False
0SDh7AAKlUSzzzXfuB1aVw,Memory Arc,Rival Consoles,05lIUgmmsmTX2N9dCKc8rC,Persona,1BI2mpiBt99NlNvLka4QhG,2018-04-13,133206,45,2022-02-02T13:24:34Z,False
6clsKQRcqbewqlucoqQNXi,Rever,"BICEP, Julia Kent",73A3bLnfnz5BoQjb4gNCga,Isles,0EdtTRCl3J22AnWrNpH1w9,2021-01-22,319280,33,2022-02-01T11:57:40Z,False
0O4H5enNBIDR3k0ibZBKa2,Journey To The Underworld,ANNA,3wkaDi2HJV3eCaBJ4iH6om,Journey To The Underworld EP,4EJWa7yqX5QKTBMqxugtgB,2022-01-21,459720,0,2022-01-27T22:55:56Z,False
15KUiWZCdAq458QQR9eygf,SuperLove,Charli xcx,25uiPmTg16RbhZWAqwLBy5,SuperLove,5fVKH7ReWO441v5LIFJ2fU,2013-12-06,193163,41,2022-01-26T17:56:37Z,False
113sWqjcYyjbb4caE8wVsV,Boom Clap,Charli xcx,25uiPmTg16RbhZWAqwLBy5,SUCKER,4UWPrrDdzEsdMUDzYM8FC6,2014-12-15,169866,49,2022-01-25T17:28:30Z,False
0Hv2WZINE15lpLUzOyJMst,Definition of Mimosa,Township Rebellion,4gGD7nrLZRnnCSz3KGEu4R,2020,3xGoLXIEu4dwzy5um6ArVH,2020-10-23,349268,0,2022-01-22T14:46:38Z,False
0dMFNDD16Sm04MIq7vaeuT,Home - Eelke Kleijn Remix,"Coast 2 Coast, Discovery, Eelke Kleijn",5o92GLs23EvUulPx2l5qu9,Home (Eelke Kleijn Remix),1S1ExVIVNk2dmaH2uevFPl,2021-11-19,242809,32,2022-01-15T01:10:52Z,False
4Iv2jOCKQakC3YWhijrRKK,Jimmy Jimmy (feat. AJ Tracey),"Gorillaz, AJ Tracey",3AA28KZvwAUcZuOKwyblJQ,Meanwhile EP,0q19TmDISPRbmRIZJyrEz6,2021-08-26,183440,43,2022-01-09T15:03:03Z,False
1UrvOgh8GajpKp39Qj2WUR,No Hay Mañana - Club Mix,"Héctor Oaks, COCO-PALOMA",2FZAQdFEANNv5Gi29PI10x,No Hay Mañana,5cVrEBqan5YnLhr4Blo83u,2021-07-30,423601,0,2022-01-06T21:58:33Z,False
6k0BfmLZYYo1aeL7fokcKx,Fax From Mars,Doctor Dru,3vjQVx1KiW9b8VpbRMWfpl,Fax from Mars (Original),4UAbPaGLIxtr0F9f9k8n0G,2021-08-27,389459,11,2022-01-02T20:22:41Z,False
5sbooPcNgIE22DwO0VNGUJ,POP/STARS,"K/DA, Madison Beer, i-dle, Jaira Burns, League of Legends",4gOc8TsQed9eqnqJct2c5v,POP/STARS,0UnBZ8laFgLUq5Ty5vbikQ,2018-11-03,191100,70,2022-01-02T05:13:49Z,False
4nRd68hrqr2b5gKLX154HY,Vinyla Sky,Vibe Tribe,0B4Z8L32aIQLItb34i3Dt9,Melodrama,0MCZXhJhkBtUUDiXc3aCT1,2016-07-15,482253,0,2021-12-30T19:43:41Z,False
7rEf5Ovd0SETSiqYdbVlpG,Invedi,Angelov,1gfKoKe7IlVgI1rL6qG7J2,Scena EP,1XaQkW4nR9nUNJSG6L8A6M,2020-05-15,408062,7,2021-12-24T02:58:36Z,False
5qpS8gSEodhhemzJMTMDMR,Capella,Binaryh,7zw8gWmNncuk2QZHIc70So,Stardust,7BERWPmht3xhohFQMKtt54,2020-10-05,462580,15,2021-12-20T22:55:58Z,False
3qVvO8WZQPpxmtb7URr2b2,I'm Not Afraid - Binaryh Remix,"Malov, Binaryh",7DKjCeDq3gE36MUSwvmBXN,I'm Not Afraid (Binaryh Remix),3XlxpfUKu4tI6Tl8CXExxb,2021-12-20,399360,10,2021-12-20T22:47:06Z,False
6rbmwyYijUseUs6Rn1qP9w,Maggos,Keistep,0ZVJH7GiYt4DWAZActmnth,Maggos,716EzcvOz7OuH731yAiY8q,2021-07-02,427327,0,2021-12-18T06:03:22Z,False
5EYlU3M7d53aDLzxJCIUqu,Ya Know,Mat.Joe,38jpuy3yt3QIxQ8Fn1HTeJ,Ya Know,6Se3iXik6J1cDZmq5EuH2f,2019-05-24,332903,36,2021-12-15T13:24:56Z,False
25vlJNu2c9f6wHj5Z7CDCF,Away - Binaryh Remix,"Voices of valley, Eleonora, Binaryh",5edaxHhJmLxJuxEhO5SMOG,Away,52AJajJvoMOzfEnIL1XQlp,2020-07-13,428298,4,2021-12-13T20:25:15Z,False
0f69kmykZGERLzywXJQ983,Time (feat. Jules Buckley),"Tale Of Us, Pete Tong, Jules Buckley",1UL813H5aj3e8ekE5RqWqc,Pete Tong + Friends: Ibiza Classics,6t9MecARSZoPZScE7kk3sP,2021-12-03,310986,20,2021-12-12T15:13:21Z,False
1SHCK0LuIl8yD5hmFEGTzU,The Illness (The Teenagers Remix),"GoodBooks, The Teenagers",0pwItbAKmeSTovWzxzkkbg,Control Freaks (The Remixes),4lPBSP3DIiXn2ktREAsoHw,2021-11-18,234280,23,2021-12-11T05:12:19Z,False
4RWQ6PBepDkzf1XrVIbFeW,My Wings,"Fabio Vee, Dafnesia",1KtT51ksm6OrjbhVOUyXMu,My Wings,0jSXBLjRJadRoGW3JrRL2H,2019-04-08,247625,27,2021-12-09T17:28:03Z,False
0B2GWovtxzsh0a02PBbNl7,Aura,Avoure,37S9qlW44AiakSF45Vra1E,U,01iKVCYJMpU65vZRIAQWu7,2018-11-29,521401,54,2021-12-08T21:50:17Z,False
3eTLlDRs4areEg79zapizJ,Zeit,GHEIST,60pOigPjgmU7AzmZmWEQZU,Zukunft,7egVvoX1tiHQDFPXJKYNfA,2021-11-19,452459,0,2021-12-02T17:04:48Z,False
7sKHpJDF1UZV55r02po1xm,Careless Nights - Original Mix,Biesmans,1RR1AtX6SAujecwlLacHRz,Careless Nights,580UwejFZKqKTd6qf29VbY,2021-10-15,389000,7,2021-12-02T16:57:39Z,False
5zstGbYLZtqURQGakwa3gZ,Noso,"Edu Imbernon, Nico Casal, Solomon Grey",0Vr0xxcbllx4JWHHxio088,Noso,3dlsgQpKfWqdYBAKUvm70Y,2021-07-09,443189,0,2021-12-02T16:30:58Z,False
1v3uqT4bpRaHLfxtHJgQwL,Home Again,GHEIST,60pOigPjgmU7AzmZmWEQZU,Zukunft,7egVvoX1tiHQDFPXJKYNfA,2021-11-19,358911,0,2021-12-02T16:25:22Z,False
4h92Z1GFBigNPN2JeHzWu7,22 Police,"19:26, BOg",2IelDQgKvM3U4P7HVVmaOX,22 Police,0MUC6I33MCJjobQJVLJLdb,2021-10-22,336188,19,2021-12-02T16:04:52Z,False
7EBx3o9ENjW5ZcjuoLlXRY,Never Ends,MRAK,4JLXtk9bdFy9xkslFY91dY,One EP,0MCd3eOJFu5zuaeLbEU043,2021-11-12,400352,0,2021-12-02T15:48:47Z,False
0wE5Tbuyc37b1ToM5BohuN,BIRTH,BØRÅ,45MRw1GI57XRdZr0JS5xh2,BIRTH,4AS9cfqHKvFc15RhUlZ0CI,2021-07-16,517210,0,2021-12-02T15:18:24Z,False
4QLMwCkl22SOEBHftdIWjw,Protocol,Tal Fussman,6kZ2X9nu0o6eFilCWtufPb,Underneath the Surface,7n8p81d8ZgsqyGc33SHfzT,2021-11-19,315076,5,2021-12-02T13:03:54Z,False
4hOEudiI5Nk0ONBnl0eH3s,Dancing With Demons,GHEIST,60pOigPjgmU7AzmZmWEQZU,Zukunft,7egVvoX1tiHQDFPXJKYNfA,2021-11-19,385034,0,2021-11-24T15:10:53Z,False
3HJfboybh7xnKrm1jnVJ0g,We Are Not Alone,GHEIST,60pOigPjgmU7AzmZmWEQZU,Zukunft,7egVvoX1tiHQDFPXJKYNfA,2021-11-19,386341,0,2021-11-24T11:42:29Z,False
5UJz1LtMsCQRobdWIQ6e9U,Ambient Dance - Radio Mix,Earth Trax,2aIG9sDL3yGi38BST8RNmQ,LP2,5FXBaxxcRle10vDaOjiaRI,2020-11-27,231820,23,2021-11-23T18:52:48Z,False
2k12yhqdmeWawv8nGHwgPs,I Used to Dream,Aleksandir,671aO7xxWHFDZ4Y115H89b,Skin,2K9xvmH8Y0mbZjwZCesfFu,2020-12-04,234500,0,2021-11-23T03:54:45Z,False
04JOneSXzqAz9V64gpYwUG,This Must Be Illegal [Mixed],Uniile,4YDUa4vMajWyirBG0PiGwX,Ibiza Appreciation 18 (DJ Mix),4XbHX9VQr3HlsYVvN2l0SX,2018-10-24,385921,0,2021-11-23T03:54:41Z,False
2ElP1vhQkX30BqLqeXXSh6,VFP,COMPUTER DATA,5wwnitxvqbrtiGk3QW3BuN,VFP,7j9kxRsVI9myxoZns54IRm,2019-06-07,432000,17,2021-11-23T03:41:29Z,False
0TsXdSKxK3Snezeuw88RnO,Roach Fingers,Jesse Bru,3TQ2taKTip3uFICbu5aIJq,Roach Fingers,6TDPaaKFzZV8ervSTWl45w,2015,445799,39,2021-11-23T03:32:16Z,False
3ZZwblSjDYLSgHDIV3EApr,Fade Away (Vocal),Baltra,2tEyBfwGBfQgLXeAJW0MgC,Knowes Universal Broadcast (Seg. 1),64ygYVMyiSIbhS8sNxlUpT,2016-08-15,417704,0,2021-11-23T03:21:30Z,False
1m2GfwJEr5UULC38LxFHO8,Goosebumps,MØ,0bdfiayQAKewqEvaU6rXCv,Brad Pitt / Goosebumps,6hqILisIRev9wwnscJlwjR,2021-11-12,196600,19,2021-11-18T00:43:40Z,False
5kjjmOGjOSdzp9jUIrQhuq,By Your Side (feat. Laura Mac),"Delusion, Laura Mac",2SO9RO86Vz1nUMBOKaznQK,UK Bounce,6j4idpDdKReNolb4DfVNjJ,2009-12-12,252746,1,2021-11-16T21:27:05Z,False
04XwCAIXhv33kyLsu28OBZ,Poison - Delusion Mix,Inertia,0PWpEpO2fX7lAwThM22EEP,UK Bounce,6j4idpDdKReNolb4DfVNjJ,2009-12-12,230360,1,2021-11-16T20:59:44Z,False
0znKzeyw67Takvpt9Y3X9Y,I'll Be Ok (Corky Mix) [feat. JL],"Hyper Deejays, JL",3AFGHyxtvmEnjmMiJrcgpX,UK Bounce,6j4idpDdKReNolb4DfVNjJ,2009-12-12,254386,3,2021-11-16T20:50:43Z,False
5C0ivQMxes2lWuOANhvVAm,GIANTS,"True Damage, Becky G, Keke Palmer, SOYEON, Duckwrth, Thutmose, League of Legends",7xX15v6ahAkcT14kHfB9wB,GIANTS,1hK1lKNTYUM4wYRIY19CRO,2019-11-10,191720,60,2021-11-16T20:30:31Z,False
1r9xUipOqoNwggBpENDsvJ,Enemy (with JID) - from the series Arcane League of Legends,"Imagine Dragons, JID, Arcane, League of Legends",53XhwfbYqKCa1cC15pYq2q,Enemy (with JID) [from the series Arcane League of Legends],1bTgKomQYSkKYPD9UI9W4b,2021-10-28,173381,74,2021-11-16T20:22:02Z,False
2Uxn9uOgMUcGyy25SaMdq6,Break the Rules,Charli xcx,25uiPmTg16RbhZWAqwLBy5,SUCKER,4UWPrrDdzEsdMUDzYM8FC6,2014-12-15,203907,38,2021-11-16T03:37:09Z,True
2TrBUx5NKNRD3haOx9vgcO,Stay Curious,"Giorgia Angiuli, Nors Kode, SQU4RE",4iHnLagnnmgiIwMSm1wuTq,Stay Curious,3JcEvxlJclrkq5f2I6Qy9h,2021-04-22,243870,19,2021-11-10T13:38:00Z,False
5rPEVJlL4x5hOGttmxnkF8,Astral Talk,KAS:ST,7orlzf5LTqSnCzURkZFebN,Road to Nowhere,6E965scR4udFDoAnUgQjNC,2019-10-25,540341,30,2021-11-05T06:01:47Z,False
4td58LU39TUuZ5ksh5nkiF,Santiago,Agents Of Time,6Jbyd4qzEtbFtswZP1o6Ht,Midnight Drive In Santiago,3CSCtnl1DCV8CqRhfalwKX,2020-11-27,374093,0,2021-11-05T04:52:08Z,False
0eRbOJ7nguOh6UCV1Lbpwn,Two Steps from Heaven,I Hate Models,0KqSULB80ft2H3aFg6kJmN,Disco Inferno 01,2Knz72wmGmCdGPTRqJZWB6,2021-02-12,567268,0,2021-11-05T04:19:46Z,False
7eLFbEviNFKMmiRFLXuN7B,Omnia,Anyma,4iBwchw0U0GZv5RfVYSMxN,Sentient EP,53E9q0Gu0d3ROPgFKwSSNg,2021-06-04,286124,0,2021-11-05T03:57:28Z,False
7w6Qt3Yl6dIsVxHcy0nEi7,75ZOO,KAS:ST,7orlzf5LTqSnCzURkZFebN,A Magic World,3uW3PwT40SJKQDfhrLvwNY,2020-12-11,349672,27,2021-11-05T02:08:32Z,False
0hJe1vYGNravpYXAzRA3mx,VTOPIA,KAS:ST,7orlzf5LTqSnCzURkZFebN,A Magic World,3uW3PwT40SJKQDfhrLvwNY,2020-12-11,382943,43,2021-11-05T02:08:03Z,False
1N7Dlq5Y6e4QWij8wmAeJC,Road to Nowhere,KAS:ST,7orlzf5LTqSnCzURkZFebN,Road to Nowhere,6E965scR4udFDoAnUgQjNC,2019-10-25,434881,38,2021-11-03T04:38:20Z,False
0c5nIZsdOZOaaFE0OQuoyU,Hell on Earth,KAS:ST,7orlzf5LTqSnCzURkZFebN,Road to Nowhere,6E965scR4udFDoAnUgQjNC,2019-10-25,388254,46,2021-11-03T03:56:53Z,False
5Ih8kMx63U3j4srsR5UjfU,2094,L Ʌ V Σ N,5YWZmwPZ8PpWfnCS8lSfAX,Anywhere,3hpEH4fEI9ilTyQAPGnSZg,2019-06-04,379000,26,2021-11-02T04:11:25Z,False
257pFryhBAbTsal5U5m1Nj,VTOPIA - Chris Avantgarde Remix,"KAS:ST, Chris Avantgarde",7orlzf5LTqSnCzURkZFebN,A Magic World (Remixes),39rJ5ozCZCmmeC7N0e2JOS,2021-09-10,390000,20,2021-10-31T04:38:21Z,False
5qwfYbpVBRg2VfWpqh97aE,Nothing Matters - Township Rebellion Remix,"Mark Knight, Skin, Township Rebellion",3h11MHQeCrcsUgRRijI1zL,Nothing Matters (Township Rebellion Remix),4Woq6fXP9XgqQToVRsAc27,2021-10-22,309394,9,2021-10-27T13:47:01Z,False
6V8EnVuEb1qZJO4uGkmI7M,Lalala (Want Somebody) - X-Coast Remix,"TDJ, X-COAST",540RtWfpQokIlaRgMDjU9v,Lalala (Want Somebody) [X-Coast Remix],6cOs01qF2RKQWxwExYjhVz,2021-06-18,235428,0,2021-10-21T02:10:42Z,False
1MMz2PWhhXeJFdyUQlQVdH,Arms Around,"Ell Murphy, DJ Crisps",4r0F1gbqeQsaPg5d2nm5EJ,Arms Around,2UVx9yUS4kzNggv7uvjv2b,2021-02-19,306568,13,2021-10-20T23:17:41Z,False
17E3lZxFJnO49Gb0tdgVn0,Joy,salute,1np8xozf7ATJZDi9JX8Dx5,Joy,76GgZZUHQu2VQRLMXEIQcL,2021-09-17,281381,46,2021-10-20T18:48:20Z,False
1clTJy6A3bjlCsdy1FxkfP,Nimbus,Adana Twins,2JnkjHtuUjz83gkEx8QMS4,The Curve EP,7LlRWOEb8d9gQyiKqFwBVy,2021-06-18,392286,11,2021-10-20T18:39:38Z,False
76datygimt4z1KcZ3DcRLj,Hands Away,"HVOB, Winston Marshall",6RAx8RRxoHeJIqD2d0EjOa,Silk,59WGA6B0FTOFv8RYL8ZXlT,2017-03-24,301199,26,2021-10-20T02:19:11Z,False
4E8fZb0kEEexPMkIMwPTEj,Panama,HVOB,6RAx8RRxoHeJIqD2d0EjOa,Rocco,12IMbwbPoiFTbvphfCqNn2,2019-03-15,406450,42,2021-10-20T02:06:26Z,False
00nZjMB2Ts8Vy1OX7b6Jnh,Torrid Soul,"HVOB, Winston Marshall",6RAx8RRxoHeJIqD2d0EjOa,Silk,59WGA6B0FTOFv8RYL8ZXlT,2017-03-24,423239,29,2021-10-20T01:58:15Z,False
3Jin1pfuh3Y3qnDdKnekKb,Loverus,Tony Romera,7GQsOji7pfixzkLt63awo5,Loverus,2Gr6vOl6onLLmjZiRZiLGl,2020-04-03,216960,24,2021-10-18T20:48:53Z,False
7dQdcrLZiCXaL1zVgPaCiz,Saltwater - Kevin de Vries Remix,"Chicane, Moya Brennan, Kevin de Vries",5GxyeQagayzZOg4UwffQlD,Behind The Sun (2020 Anniversary Mixes),4IqAFXnkQLJdrTCg56vGiC,2020-05-08,247265,31,2021-10-17T04:50:01Z,False
0oPkb31xP0VwBkIuNMVN9D,Mondfinsternis,"Innellea, Kevin de Vries",71rqI5HtraA3qXBwatyG6e,Hoffnungsschimmer EP,3WAIgKiS0I7sVkRpoUow4r,2020-08-28,361032,0,2021-10-16T05:50:12Z,False
6OTxVSQr04IaDfipa3vyZn,Beul Un Latha - Kevin de Vries Remix,"Trance Wax, Kevin de Vries",28Rn5KfDspTUHLpPfPF8EE,Beul Un Latha (Kevin de Vries Remix),0vmMCwKtRY9mQj1wGfjiW9,2021-05-17,313548,9,2021-10-16T05:32:45Z,False
0b0IqdxnFSloffKBak9oOm,Mosaik,Township Rebellion,4gGD7nrLZRnnCSz3KGEu4R,Mosaik,16g7VqqG5hBQQOSZCmuQXD,2020-12-04,472483,20,2021-10-07T17:53:24Z,False
2YFL29XMrC2CJTtUJ1dssJ,Game,Joey Howard,6LODFSsk8IzeCBK5ZM2qMI,Game,2b5VkEVz5KcADhvP09ToMf,2020-01-31,136509,12,2021-10-07T04:45:14Z,False
0yqNGfESkxfNgc11ouwykd,Delta,Moonwalk,1khyIydqanugacJyKdmceT,Solaris - EP,7cZWNOGLJksSrJyE8OAEjp,2021-02-19,345926,39,2021-10-05T15:52:59Z,False
5BmSaVQ661kEkjVUjs1LXV,Infinite Meadow,Township Rebellion,4gGD7nrLZRnnCSz3KGEu4R,Rituals,7oAai60ZnH1HRMzUcEyAEF,2020-03-27,471497,27,2021-10-05T14:33:57Z,False
6RzgytIUqidxCjhMnpNy7i,Aeon,"Evelynka, Four Hands (GER), Adhafera",2GfOeShdTYQziYC2HjP8PN,Nativity to Aeon,5uakz8y3uWpmVnvslEIGmN,2021-05-14,377157,13,2021-10-05T14:08:13Z,False
5rLyYxZNzca00ENADO9m54,When I Grow Up,NF,6fOMl44jA4Sp5b9PpYCkzz,The Search,46xdC4Qcvscfs3Ai2RIHcv,2019-07-26,196800,71,2021-10-04T01:37:03Z,False
0w5Bdu51Ka25Pf3hojsKHh,Hard Times,Paramore,74XFHRwlV6OrjEM0A2NCMF,After Laughter,1c9Sx7XdXuMptGyfCB6hHs,2017-05-12,182693,79,2021-10-04T01:02:56Z,False
24G6CP8In91mf5faNb1xdq,Anxiety,"Black Eyed Peas, Papa Roach",1yxSLGMDHlW21z4YXirZDS,Elephunk,4jOESXHbPsfy1IYdyvwjYI,2003-01-01,218293,0,2021-10-03T05:36:59Z,False
1FreAz1lmnDi5aKLB6GdFM,Where Is The Love?,Black Eyed Peas,1yxSLGMDHlW21z4YXirZDS,Elephunk,4jOESXHbPsfy1IYdyvwjYI,2003-01-01,272533,3,2021-10-03T05:36:55Z,False
1v1cw4SFLh1ELs2VRAcJZt,Shut Up,Black Eyed Peas,1yxSLGMDHlW21z4YXirZDS,Elephunk,4jOESXHbPsfy1IYdyvwjYI,2003-01-01,296186,0,2021-10-03T02:45:17Z,False
14e7Xs24shtJXF05kOUjDz,Let's Get Retarded,Black Eyed Peas,1yxSLGMDHlW21z4YXirZDS,Elephunk,4jOESXHbPsfy1IYdyvwjYI,2003-01-01,215920,0,2021-10-03T02:40:59Z,False
3sFZpkPuNL0NIxBWof3WdN,Life - GHEIST Remix,"Joris Voorn, GHEIST",4jGpKAmwvU263l0tUh4xKU,Four (Remixes Deluxe),490CaV6FfZRzeKKjJzF0uT,2020-12-18,362926,0,2021-09-30T13:35:39Z,False
1mea3bSkSGXuIRvnydlB5b,Viva La Vida,Coldplay,4gzpq5DPGxSnKTe4SA8HAU,Viva La Vida or Death and All His Friends,1CEODgTmTwLyabvwd7HBty,2008-06-06,242373,86,2021-09-13T22:37:06Z,False
1mvZErZBp7WZT3HfGBykao,Cry for You,September,6VX2R9L0O0d6qPvqGuIH7b,Dancing Shoes,5ENrI2pojxE4XhSmncl4cz,2007-03-08,209800,70,2021-09-13T22:01:03Z,False
6vQL3vNCXOyOY65N0xXmwO,About a Tribe,Township Rebellion,4gGD7nrLZRnnCSz3KGEu4R,"Stil vor Talent 300, Pt. 2",5xFsfxroMesYeReDTzuwy4,2021-09-03,455688,1,2021-09-10T20:33:10Z,False
3LbW5DzMKBfJl6eG2Y11mz,Hidden Worlds - Rave Mix,Mall Grab,7yF6JnFPDzgml2Ytkyl5D7,Sunflower,0DkgADR31r9MdZf8n9ar2b,2020-01-31,339130,0,2021-09-09T22:09:17Z,False
1Ua4TSAqWUjyahR38Zjx5I,Leaving Tokyo,Mall Grab,7yF6JnFPDzgml2Ytkyl5D7,Sunflower,0DkgADR31r9MdZf8n9ar2b,2020-01-31,255766,0,2021-09-09T22:01:44Z,False
3vKEhpypVoV12vPyiSSB1h,Hidden Worlds,Mall Grab,7yF6JnFPDzgml2Ytkyl5D7,Sunflower,0DkgADR31r9MdZf8n9ar2b,2020-01-31,339130,0,2021-09-09T21:52:49Z,False
78y2jT2oo65EnsEIVxnqhF,Positive Energy Forever,Mall Grab,7yF6JnFPDzgml2Ytkyl5D7,Positive Energy Forever,6RNYzsdGMhe8WHvaneK3ER,2020-06-05,507428,32,2021-09-09T17:11:24Z,False
0RKx3ivZOpeAlr3jrw8m8O,Catching Feelings - Edit,Mall Grab,7yF6JnFPDzgml2Ytkyl5D7,Pool Party Music,6D0804q8EoEHqWUH3wGGxF,2017-03-03,372480,0,2021-09-09T16:57:43Z,False
0x9aRJNLcAtf0gb4Sy797b,Sunflower,Mall Grab,7yF6JnFPDzgml2Ytkyl5D7,Sunflower,0DkgADR31r9MdZf8n9ar2b,2020-01-31,395912,0,2021-09-09T16:50:32Z,False
2xLEReg75mzKpqyRs4DDKu,I've Always Liked Grime,Mall Grab,7yF6JnFPDzgml2Ytkyl5D7,Menace II Society,0SPNZHV0QTiuybj0k5CMlh,2016-07-08,408560,0,2021-09-09T16:37:58Z,False
1wnNgc3OmbtRsXBoCdQErn,Intro (with Chrome Sparks),"Whethan, Chrome Sparks",0vqJkZ0RpLZixt3lTmD8vP,Fantasy,1KrTC1K1M7kMAMDWlH1coX,2020-10-16,107836,20,2021-09-09T00:16:59Z,False
2Mz3PtSFlebt8exfgcZP68,Feel the Fire - Breath Vocal Mix,"pluko, pronouncedyea",01qbSocTDAe2DmKayS89A5,Feel the Fire (Breath Vocal Mix),1RBDrpoZXuL6BvXfYvPYGC,2016-10-28,201008,0,2021-09-09T00:16:53Z,False
5YPfFN0EsuvOgisgC4tzBq,Summer Luv (feat. Crystal Fighters),"Whethan, The Knocks, Crystal Fighters",0vqJkZ0RpLZixt3lTmD8vP,Summer Luv (feat. Crystal Fighters),3b35FYaef5SDlDjPWliK0z,2019-08-16,179634,31,2021-09-09T00:11:25Z,False
4USNiuIWqVI8zidlj2qsTJ,I Want It - Chris Carrier Remix,"Lazy Hartz Club a.k.a. Gavin Herlihy, Evan Baggs, Julian Ganzer, Chris Carrier",3znSkLvJm6ZQ563gedQuJV,I Want It,2az0ua5tjzD5dff7Kd4Ajs,2010-02-23,398392,1,2021-09-08T23:43:29Z,False
0UTHHSmU45BncinUKlbzhS,Power of Acid,NTBR,1Ye4UZN2QjBlSyZF1Ts2CR,Neoacid05,6CH31YvQNiOpTx8l9gZ9Dz,2020-06-15,291692,22,2021-09-06T16:52:52Z,False
7xZUNERKmjppBkuQTGktcJ,Stormia,Aalson,2tL0yAKQDnj1zb4V9uLeOY,Stormia,7mAKnEGgPt6hmjodpgMxAP,2019-12-13,369836,0,2021-09-06T00:01:16Z,False
0Wr03HrFK8eZiTwM2sHVeN,Dysania - Original Mix,"biskuwi, DJ AroZe",2wdY7YDYVddKtVbbgh1fCT,Ethereal Techno #007,6U3h7mxMVx5VI4sMSgnD2J,2019-09-13,440975,0,2021-09-05T23:49:02Z,False
1kWQ7Qfl0A2sQTu87zglNB,Half-True,"JOMA, biskuwi",7LnNjeMMOSvDNNoGOq0uK3,Half-True,2M4UTkKC53Kqcn16TQ8L0A,2020-06-26,362634,0,2021-09-05T17:11:45Z,False
6EuNFsvheKaPX9qQs0RcXD,Say It to Me - Single Version,Bertolt Meyer,6Q1qf7OgYILqbNNSzJFctv,Walks the Night,7lqLsapVPwEHXbyf523UjX,2021-09-03,509560,0,2021-09-05T03:50:36Z,False
3FwKj3JV8e0CZKKRlNJ2vd,Brahma - Original Mix,"Monarke, SEVN (CA)",5uPPX33s71WjX25P1DfqVk,"Quintessence, Vol. 3",3Im5sbkfCpgxSEDWKJGrsB,2019-09-06,322196,0,2021-09-04T23:55:24Z,False
2mMIxvzBeKOCBKRWAz3hU4,Wake Up Time - Original Mix,Alex Rusin,5ncIkDwysG4a84OvqiL4uS,"Quintessence, Vol. 3",3Im5sbkfCpgxSEDWKJGrsB,2019-09-06,360011,0,2021-09-03T01:53:52Z,False
4x381AWKVMh0eze0J34WsZ,When Things Go Wrong - Remastered Album Mix,Airwave,4WrJFQnID7vIIA3LZzkhcO,Believe - Remastered Edition,4BxyEbnBdK9Vtk4Mgi39Sl,2002,418800,28,2021-08-31T18:09:05Z,False
4EiKOYPmkolPEx5TmSkQGB,Netherworld - Oliver Prime Remix,"L.S.G., Oliver Prime",5bLpYSmewYdnv9djU3kwpA,In Search of Sunrise 4 Mixed by Tiësto (Latin America),3G2pJ9kALCIZSSoYjF125I,2005-04-13,357960,22,2021-08-31T18:05:46Z,False
6LLdbXuYvUAlfE05bBkcYH,Hearts 2003 - Oliver Lieb Remix,L.S.G.,5bLpYSmewYdnv9djU3kwpA,Blueprint EP,4KtpSouY9I9zX5c0xx89pi,2017-03-21,419307,0,2021-08-31T17:37:53Z,False
1Vseb5yC0uN4jhpeWF2nhY,Hearts,L.S.G.,5bLpYSmewYdnv9djU3kwpA,Blueprint EP,4KtpSouY9I9zX5c0xx89pi,2017-03-21,462629,0,2021-08-31T16:48:40Z,False
4Cgct9Vlype9cYZFW2wSnk,"Hey kid, Close your eyes (with Lee Sun Hee)","AKMU, Lee Sun Hee",6OwKE9Ez6ALxpTaKcT5ayv,NEXT EPISODE,0Pt0eGpyNO5dDN8PORypSy,2021-07-26,233416,42,2021-08-29T15:56:00Z,False
78iVPIyFgGjQ0g0TmDWYtQ,Tongue,"Maribou State, Holly Walker",7zrkALJ9ayRjzysp4QYoEg,Tongue EP,4dKPxlyACwA9N3BBYTDjm2,2013-01-01,304825,0,2021-08-27T12:14:58Z,False
3xl7PsO7Hzuig6To9FgDm6,Left Outside Alone,Anastacia,2siHvYaxjaW5rKVRiIrMYH,Anastacia,032ovDTHUzM5tWZeFqPPEA,2004,257426,65,2021-08-23T23:43:03Z,False
3DnUQXJqtTsS17KLeZQSh9,Live to Survive,MØ,0bdfiayQAKewqEvaU6rXCv,Live to Survive,4Bw8gXuaXOEFf5XEMMyIXl,2021-05-27,184666,34,2021-08-22T17:34:15Z,False
5XWtnEDX7CJC9yK6F7KeK6,Boavista,Stephan Bodzin,2nq2BeSbzExGAv3Y4HgUf7,Boavista,2v2BidodVf5z07M6Pofhx3,2021-08-20,457622,0,2021-08-20T13:54:47Z,False
2H66zNHEqwFckqVfxeFxIa,Boavista - Innellea Remix,"Stephan Bodzin, Innellea",2nq2BeSbzExGAv3Y4HgUf7,Boavista,2v2BidodVf5z07M6Pofhx3,2021-08-20,408003,0,2021-08-20T13:51:26Z,False
6tzt0c0K4KJCgn6MhJ5ig7,New Song - Jono Jagwar Ma Sun Mix,"Warpaint, Jagwar Ma",3AmgGrYHXqgbmZ2yKoIVzO,New Song (Jono Jagwar Ma Sun Mix),0ddAfejLEICubzbUu288AR,2016-10-07,498469,23,2021-08-18T03:21:27Z,False
7CaQbeNAccfyQrBQqu8X64,Hold On,French 79,6MJKlN8ya42Agsw3iQZs6e,Joshua,3yzN5sQahqRFKNtDM2YZSO,2019-11-08,256007,3,2021-08-18T03:18:01Z,False
4iH4o3PbnK9XVxtmh4iqMv,Back In My Life - Original Mix,"Boxer & Forbes, Dandy",35qJHJNTE8Vc7NNMO8TAxC,Back In My Life,0XAi9wQX0MQdXNriPSSdqy,2015-06-01,418983,22,2021-08-18T02:44:39Z,False
0bqjS54zmDlYanW8mlx28k,Lose Control,Grum,3VEqFWRt47xQAZJMBF3duQ,Deep State,52beQVaTRkEsdip6N4nWZo,2019-11-08,337500,35,2021-08-18T02:38:03Z,False
2TN8Xotr7HHoiT2tYekOHp,You Are My Life - Extended Mix,"Chocolate Puma, Mike Cervello",5Aw0IGM5JS3FuTgtRsDWGA,You Are My Life,4XdIx8D65ziUGCnmV4jl1W,2020-04-24,348571,31,2021-08-18T02:16:30Z,False
4YyTSL5nlHICPyX50Gc4aZ,Glacier 3000,Teho,7uZckwZIIL89Paj8E1GEFO,Glacier 3000,72EbBqNH5wb7bymoGwSjqV,2021-05-13,329240,35,2021-08-17T21:05:23Z,False
0AjOXYBi68jDSQT7n5Ng1c,Queen of Hearts,Monki,30C3E9bYfEQPAY9MweeUVe,Queen of Hearts,3ajvK2fDmbEuUrGCGMeque,2020-12-04,236000,11,2021-08-17T04:32:23Z,False
1VTtyDJJtHPSawNbFXpvRQ,Grauzone,"Tantum, Rezident",1zOlzO4RI2iNEcO7JkVWuK,Grauzone,3ZXr3XtOW0U5qh2yGMkoNj,2021-04-29,241259,17,2021-08-17T04:28:52Z,False
3LCIqm7lgutze17SHrMJuz,Evanescent,Reinier Zonneveld,21A7bhIL1m6CNZn8y57PIZ,Church of Clubmusic,3Ji4igo2WBzCC7Vlz72FCv,2019-04-22,292800,0,2021-08-17T04:21:35Z,False
5YQSFQloX2xo1RUYR89NFY,Rider,"Pavel Khvaleev, Miss Monique, PARAFRAME",04mfb9WF2sttD7r6SWMYRk,Rider,3H2zrGRHo07xEfciDKbkUF,2021-01-22,224518,34,2021-08-16T12:48:57Z,False
6JNJERZGJwDVgkmbohBw7u,Self Control,Laura Branigan,4463nfFMmK1cwAWBQDwT5e,Self Control,5cwUCXPFFfNsnk4qipc40D,1984,246440,78,2021-08-13T23:51:22Z,False
6T7F3BJJ5iFFef496Xuh4P,Time to Lose,Joris Delacroix,3HRRzIZNQFus3xlUx2xKy1,Time to Lose,5HMgAxX9vL31jJOA0na8Ab,2019-07-05,431343,27,2021-08-13T01:33:13Z,False
2eQ5IRgLQAVwTgCx4IfBDE,Fantasia,Fort Romeau,5MKqWyqq5CStK7AhkTvzQF,Fantasia,29uIxgnBAojrM6NFUBasxq,2020-05-08,393973,0,2021-08-12T14:26:05Z,False
1SuRiKKv55Q2JpWfitmAEd,Floating Messiah - Original Mix,"Guy Gerber, Diddy",3bqBkAzdPwEDe1JUvb7ZeC,11 11,48cxgJCwIa4VS27ILrpyeC,2014-08-20,598032,0,2021-08-12T11:51:32Z,False
7CvOnbFdnIoXMQ4eFCo5lB,Around the World (La La La La La),"A Touch Of Class, Pete Konemann",5wTdspmxzb8V4ZjvDodpBo,Planet Pop,2kBFECL9a71fNRXbRW5xO3,2000-11-06,214533,73,2021-08-07T21:13:10Z,False
4Ws314Ylb27BVsvlZOy30C,Lovesick Girls,BLACKPINK,41MozSoPIsD1dJM0CLPjZF,THE ALBUM,71O60S5gIJSIAhdnrDIh3N,2020-10-02,194765,72,2021-08-05T16:19:09Z,False
5FCgroYZWzNKp3bfWutIQo,Skyscrapers - Radio Edit,Nina Kraviz,1oZmFNkGAT93yD1xX4vTRE,Skyscrapers,6sGXaF5iJeuKlOgyPmMu03,2021-07-16,207110,28,2021-08-03T13:26:27Z,False
27tVIgnd3kk9Q4YVdhkRn4,Games,"TCTS, KStewart",1mFGfrveXbpolppPgO29Io,Games,60bRURUh3TLtyBRi5zglR7,2014-01-01,220217,23,2021-08-02T03:49:00Z,False
2d7zaNDgC4Vt1XlOug8wME,Hyuwee,Session Victim,4Hl6TEQAFgH0XrZq4f8okX,See You When You Get There,1SDUF56j6m0F8g1Nq8VMMr,2014-11-17,227690,32,2021-07-26T02:03:16Z,False
0163ud7I4Vb0ID5K7WBkq9,Piercing Light,"League of Legends, Mako",47mIJdHORyRerp4os813jD,Warsongs,25iitzpEYGoW3AxyWL6Zb8,2016-01-14,291314,55,2021-07-22T03:53:53Z,False
3jevgr3fYdv9wYO3IDJq2a,Awaken,"League of Legends, Valerie Broussard, Ray Chen",47mIJdHORyRerp4os813jD,Awaken,0faLimwDSn0fF0Y0fahCd1,2019-01-22,198187,60,2021-07-22T03:49:36Z,False
1Ek1oOZaKFPYsa4ri0yu4u,ノーボーイ・ノークライ,STANCE PUNKS,5Grq5bIeD9Vw6JyBiobSdA,ノーボーイ・ノークライ,2JKl9ToS8OrZ6bcMZq13gs,2005-04-01,214066,48,2021-07-21T16:57:18Z,False
1TWXNdKGsZUlz43oEmtYxt,Regarde,"CLAAP!, S.A.N.T.A.N.A.",4DK1qq54kEAEmFiQlDYAD3,One Night Stands 2,45xWF9qbUL18mJxzWO2Nsv,2020-10-09,254871,20,2021-07-19T14:21:46Z,False
3zBifh5Poc5NsZb8kEj9Jd,Red Racer,Europa,6n5tdwMQcxXNOgbagyTUbM,HARDEST SOFT VARIOUS ARTISTS 01 [HSVA01],3XT01xwnE4NrKOk7S2hL2F,2020-09-07,334736,8,2021-07-12T16:42:20Z,False
0tw92wfeS9hKtBSzuzt8ui,Into The Afterglow,Bubblegum Pop,0uimJrGLfKz5uk1IAmkETz,Into The Afterglow,3XHIApW6kaEopgNaCrdG8n,2021-07-09,213333,0,2021-07-12T14:48:06Z,False
0jtagVogty503eUAY7psju,Ultimo,Barretso,0G0B56LpavF77LhE2IGtgB,Celeste,2AkabzuOF5cIiED2GcgCKp,2011-01-01,324049,0,2021-07-09T20:54:40Z,False
4tjegaa9lSrtvVMq0PdiOR,Crepuscule,Fred Falke,0AfNNw1LS2i9KW4icd7inD,Alpha,0mXPAfu4L20ZfUPNLgXjEw,2015-12-04,280240,34,2021-07-09T19:48:08Z,False
208iV6AI3I3M7OHTI4vvJC,Trance,"Miguel Campbell, Bubblegum Pop",4uZJDUKi3NXQsuMKP3rOeC,Trance,2IU3Osixxqs6JvojEFOc08,2021-07-02,246667,0,2021-07-09T13:27:16Z,False
4mpZOqYF2GVJHqIghRueka,Dreams,Kilany M,4z9z9sS1gzYuG0Lzs8CmP0,Dreams,4jXCETbKHojhZLx4yPNgn9,2019-07-05,399344,0,2021-07-07T19:29:35Z,False
47eSFHsPDVJwssTTG62Af3,Lost in Music - 1995 Remaster,Sister Sledge,6gkWznnJkdkwRPVcmnrays,We Are Family (1995 Remaster),4GSidaoqyGNwaG5mNKmuLT,1995,287440,58,2021-07-04T22:49:52Z,False
0hVRi7Mc7dNfrDWKsCaRRS,Faith,Volkan Akaalp,3FWeWLVExAL0L8dEPhuDWg,Faith,3FwzBsR7l4BxXCzmAWy5hL,2021-06-25,456348,0,2021-07-03T06:42:21Z,False
1mMYaXpT65iZDtvfRA9EkE,Fresh,Kool & The Gang,3VNITwohbvU5Wuy5PC6dsI,Emergency (Reissue),1lLHdYAPp0kZdBiMrLbsJV,1984-11-15,266560,68,2021-06-29T16:01:15Z,False
6E9f8SeaMbq0eCeHkyKB1q,劇伴特化型1☆極★服,Sawano Hiroyuki,0Riv2KnFcLZA3JSVryRg4y,キルラキル コンプリートサウンドトラック,7hhI5DK0xtKjkBmmHUlTg6,2013,204440,28,2021-06-29T14:01:00Z,False
3xDqy782SXvnrMEA9JOQk7,ambiguous,GARNiDELiA,7MIbdLkqD1qQE35LSISIM6,ambiguous,3sQADvfY5EmrJDjZkWLxnL,2014-03-05,271253,36,2021-06-27T22:37:55Z,False
6j4FfM2pKA9Bfta9sgPvHB,シリウス,Eir Aoi,18moNotPmBWa2YZtRnIoZ3,シリウス,5cKu9WwZFQK9bfF7mLqi55,2013-11-13,266213,35,2021-06-27T22:33:17Z,False
3pjRSc5PoXa2LgZyDMjA24,Frequency,Alignment,4eFbq5PZgW7YbtA65PP4wS,Power EP,5FGxjyCy6PAMGFcvh8Kjnu,2021-06-25,363065,0,2021-06-25T16:22:03Z,False
4OTDX0aJB81s1MR0m9xyxH,Sand,Breitenstein,1ksDKTQ1DzaLdpVeM6bZcs,Sand,4xFSrUFm5o84XZFjSv7aKM,2021-04-16,527000,10,2021-06-23T21:24:01Z,False
2gTdDMpNxIRFSiu7HutMCg,I Think I'm OKAY (with YUNGBLUD & Travis Barker),"mgk, YUNGBLUD, Travis Barker",6TIYQ3jFPwQSRmorSezPxX,Hotel Diablo,0bJIHF1Or1YBLFBMwv53K2,2019-07-05,169397,72,2021-06-16T17:22:38Z,True
1F9kEuwT29fgqlovIclu81,love race (feat. Kellin Quinn),"mgk, Kellin Quinn",6TIYQ3jFPwQSRmorSezPxX,love race (feat. Kellin Quinn),3q4wUTOTsRASPClG5Fg3tk,2021-04-29,188779,58,2021-06-16T15:00:14Z,False
6mADjHs6FXdroPzEGW6KVJ,bloody valentine,mgk,6TIYQ3jFPwQSRmorSezPxX,Tickets To My Downfall,57lgFncHBYu5E3igZnuCJK,2020-09-25,205158,68,2021-06-16T14:25:12Z,True
0QNkVh7nw7KkQSPkjharYW,Liverpool Street In The Rain,Mall Grab,7yF6JnFPDzgml2Ytkyl5D7,"How The Dogs Chill, Vol. 1",6c7WKxOsmyo8lH9g5DIFuq,2018-09-21,332437,0,2021-06-16T03:44:53Z,False
0FibDOltyBD3ACAcpOJFbF,VI - Original Mix,Musumeci,5AezOTggHnFTiQ5AiowFBf,The Gemini Project,6opKYUOgpODGjMH45kVqEk,2014-09-01,319200,25,2021-06-12T15:07:06Z,False
3KLkRy9l3us98SIp6mmxkk,No Cigar,Millencolin,74xFFXkvOq9dPDigOWTHiX,Pennybridge Pioneers,5VWyJbfC4DUsnC1NLSjuWC,2000-02-22,163226,60,2021-06-11T16:07:38Z,False
6NiVbUwxuTETC56The3Sup,Mid 20's Skateboarder,Pkew Pkew Pkew,2wLjuls619sr3fihBDQigt,Pkew Pkew Pkew,2tFF5agrKKsDEtnh8gg1JD,2016-06-10,127986,30,2021-06-11T14:59:40Z,False
3uYM4wkn9YGSF3Keiu7BjD,Life Support,American Nightmare,5FBzEnwXCKl3GoZCeXGMNy,Life Support,4tg74FT3hH3C7DI91VfzaR,2019-12-03,135978,31,2021-06-11T14:55:10Z,False
1bWEngw5tAF7vWByrf5Oy5,bloody valentine,mgk,6TIYQ3jFPwQSRmorSezPxX,bloody valentine,268JRqKvCGhDrbqH74sDFz,2020-05-01,205015,1,2021-06-11T14:38:49Z,True
41hKOXSa1WMSpdQgsgK0fc,West Coast,FIDLAR,3P6duIn7oHeiBACZfYeNud,Too,0qI8J5xjJcdBG52FASB3RC,2015-08-13,202573,0,2021-06-11T14:30:36Z,False
2QDiQ50Xv9ICj8lINq1YDK,Come and Get Your Love,The Star-Lord’s,1MzelWmQBbjVwITngDTscD,Galaxy Guardians: Awesome Love Mixtape Vol. 1,5gVLMwKBm6J9SBA9wyIveG,2015-12-10,211000,46,2021-06-08T13:11:06Z,False
2JKBmzjlP3ss3BPZfRaTra,Perfect Strangers (feat. Luna Morgenstern) - Edit,"pølaroit, Luna Morgenstern",3B1BQHf6ExWixwqy9zRDZm,Perfect Strangers (feat. Luna Morgenstern),4FR53QU9MsR176Xp97PNil,2020-10-09,232372,17,2021-06-07T16:21:15Z,False
5noFr0H7xkDdpVa3jCdiDk,Nu World,Maceo Plex,3TXQ1ddouwQAI78hV4hXDj,Nu World,2bpSIid6m58K6LtEKOWDt7,2020-08-28,351723,0,2021-06-04T17:34:22Z,False
2SBoJys8JFTR1ntjP9L5wB,We Were Lovers,Buzz Kull,5RtyPqV9c3KizJ8pqJEcZl,Chroma,2w8PKuv1NkcY6QPFWDEuLn,2017-04-20,196422,0,2021-06-04T17:12:16Z,False
5Fr640BTR8otfcXKszYCqb,At the right pace,VONDA7,0Glk45UpQ9Tz1yp6GvhUBM,At the right pace,6Hm1sge9t5MVAfW3Ccx8x9,2020-02-14,420000,0,2021-06-03T03:43:45Z,False
0VoqjK1Nf9MjeRM60b8GiO,Sendeturm,PBR Streetgang,5PDEurVJJvitl9PGDjhPgY,Zoot Module,1znAzYbadOJI7CAc1HPZz6,2020-10-16,202314,0,2021-06-02T21:45:15Z,False
6H25oaQveD6JAUhUozeiI3,Survive,"Kevin Penkin, Nikki Simmons",4S33gEeiCjwfD1FJKfMT3Y,Cytus II-Paff (Original Soundtrack),7d2V7NMddJcVstcncpKQoT,2018-07-12,134656,25,2021-05-24T16:52:54Z,False
7jBeqtv9JMIbZnawM1iTJx,Name of Love,"Franky Wah, Lee Foss, SPNCR",3IG3Ub4ra8AuSxCFDVkVco,Name of Love,31GTEgN9MC8KuZL7zdRimm,2021-05-21,195483,34,2021-05-22T00:10:24Z,False
3vxCg0GijLasJf2CK7nbSn,MY LOVE,Niconé,70s3JhU9Ai0cIowagibjNI,MY LOVE,7arLQnyhIwPhga3UKerDN5,2020-07-10,482040,0,2021-05-19T21:18:30Z,False
1RpE81aLGGyxR9b9G6i60C,Saturday Night,The Pressure,2VtyXxK4nmVyMRWrcJf8wN,Saturday Night,33qu8k4d7IeeDPCjqA0yA6,2021-02-26,173242,15,2021-05-19T21:06:39Z,False
2Y9bKUE50cHsTNgYLpM8Pd,Better Place - Super Flu Remix,"Godford, Super Flu",4pUwtnbS6FdBniLp410AOu,Better Place (Super Flu Remix),56hJYPMJvT1VmVmpzYb9ve,2021-02-17,474193,0,2021-05-19T20:51:10Z,False
5WKd0kDV08zD5zjmrLZ22S,Extraction,Tommy Sunsets,7oSfWApb2FN1EZRbTKk7Nq,What Is The World EP,05xAF6J2di4OqQIx0jTzza,2021-02-12,357306,12,2021-05-19T20:36:14Z,False
5eD9og9nsNBCMkOKoTVvW0,Oph,Mark Hoffen,3A8kUNQpjSMpY7v37aw2Rm,Oph,6O3R8qIhzmpDxzDmqwgQiY,2020-10-09,507407,0,2021-05-19T18:51:06Z,False
72DJYvdItwcnDUzbViU1Kl,Breezeblocks - Tinlicker Extended Mix,"alt-J, Tinlicker",3XHO7cRUPCLOr6jwp8vsx5,Breezeblocks (Tinlicker Remix),4cyGkmKOzaMyiI4ZMHFOIS,2019-08-20,411172,24,2021-05-19T18:37:58Z,False
0OuGUoNWe91oGkJ0Wh0Je6,Everlasting World - Massano Remix,"Four Hands (GER), Massano",1yrjiUxFxcXAPUeZnbUrcL,Dive Into the Shade,1XvWW8bflAb84KR2r4e0yq,2021-03-05,394838,21,2021-05-19T18:32:28Z,False
1pCKUgc3yk3F9Mt0MTX51o,Toni,Kalipo,7ud6dY3K4gi4Q0uVlLd8Hi,Toni,3X2xoDkyQ7hVrelZbAiJJY,2021-04-16,298120,15,2021-05-19T18:21:35Z,False
4EdUozH018E3WgRC0P9yJU,Surrender (feat. Rachel Kerr),"DJ Fitzy, Rossy B, Rachel Kerr",3rEQLkOcsP1gzOVvrUxdF7,UK Bounce,6j4idpDdKReNolb4DfVNjJ,2009-12-12,231986,26,2021-05-17T00:28:04Z,False
5MAkNMKue5K80ldpsCDazN,Memory Fragment,Layton Giordani,7mC3RkNNTV6p2j9w4F8Ip4,New Generation,07reeQkGr9tpInczbAEoMK,2020-09-14,347804,0,2021-05-13T04:59:29Z,False
36FYGGxyVkRvzxRPy6gohO,Vanishing Point,Jonas Saalbach,1bLLaWOLavY2Tthjoz19mA,Midnight Sky,7izftnLamTOvnMDlw5LWxP,2021-03-05,399617,0,2021-05-13T03:53:26Z,False
0q5GenbnPKYk4dzCFIS6Qs,Battery Park,Paul Kalkbrenner,0rasA5Z5h1ITtHelCpfu9R,7,2ujt9WEAr3yiAMtQHHkyC4,2015-08-07,299840,50,2021-05-11T22:38:21Z,False
2aMcNzXdKf0WcXhO780MPu,Trendy - Original Mix,Miguel Campbell,4uZJDUKi3NXQsuMKP3rOeC,Community Funk 2,175C8GIHXOyi0tZVYhp2Qo,2018-09-07,233899,0,2021-05-07T17:35:35Z,False
3ymEudDqWNRSKdLL9sct2b,Chemistry - Original Mix,Miguel Campbell,4uZJDUKi3NXQsuMKP3rOeC,Memoirs,7qrRz4BesvphAY9mZk2T9r,2016-05-06,357950,0,2021-05-07T17:21:44Z,False
7nZe8w4yrqfI14UnHPFePC,Time - Miguel Campbell Extended Remix,"Yves Murasca, Rosario Galati, Miguel Campbell, Chasing Kurt",3SCsY2dcAOmDq5BJhz2Z1O,Time (Miguel Campbell Extended Remix),2q8kwMeUxjcHOR9q3eQhID,2019-08-02,348387,6,2021-05-07T17:18:01Z,False
7aS1xbh98Nu8KafEBBpCSw,The Stars (Are Yours And Mine) - Original Mix,Miguel Campbell,4uZJDUKi3NXQsuMKP3rOeC,Community Funk 2,175C8GIHXOyi0tZVYhp2Qo,2018-09-07,256000,0,2021-05-07T16:26:07Z,False
1Hns0agyN0hy6kwWwvmdTl,Walk & Talk - Original,"Miguel Campbell, SION",4uZJDUKi3NXQsuMKP3rOeC,Walk & Talk,1FxrcleWCu7smjjcLHKXAM,2017-11-24,342227,0,2021-05-07T16:14:14Z,False
1gRQxbfL4ULWyTosgXSbWT,You Little Beauty,FISHER,1VJ0briNOlXRtJUAzoUJdt,You Little Beauty,1voOnpa4pILlDPVsrIFl8b,2019-05-10,206587,65,2021-05-04T18:01:56Z,False
6faLXLiju97d1y3d72piKa,Born In 1968,Kobosil,2ZvIFwl0BuQgHqWvDE80hC,Rk4,54wnjcC3dJNRbibmwqAsJB,2019-03-15,307800,0,2021-04-30T07:36:50Z,False
0wiiDCxH7hjhUOQoltrTbU,Garden Of 3Den,"BLOND:ISH, Rowee",6zsJjoCtL1WByG0VsuFWzR,Garden Of 3Den,5KiQODx1crAQYvlpbB6TJj,2020-12-11,463378,0,2021-04-29T20:45:13Z,False
3T6NtWjH6klzhSsAGROlqY,Adrenaline,"AIROD, Amelie Lens",3oPI0nOC7MHooFy5qDsFrv,Exhale VA001,0po0rc9aEPhTZG6yTgmHgn,2020-11-13,411267,39,2021-04-29T19:00:02Z,False
6CiNtbuv8qYs4pqmmRDXOc,Pour Faith,Mehen,5HINpYjey6s2JapNjL0EXN,Pour Faith,5ZoMUNdzAbdOC9RXkuP4U3,2021-02-05,269516,0,2021-04-29T18:38:43Z,False
56ocGLqeGQshHCoKZJ6X2o,Broken Whisper,Mehen,2lul0GfhMBNfd61GNqGFBs,Exhale VA001,0po0rc9aEPhTZG6yTgmHgn,2020-11-13,371334,11,2021-04-29T18:32:44Z,False
7ejkF9KOwiMsOzwLJpJRD6,Silent Summer,Budakid,2MNTXvxPuFuHRYSMN7EEFL,Silent Summer / Story Of Tokay,4O5KIJWNdogob1S8Rd7tyB,2021-04-12,385580,28,2021-04-27T21:53:00Z,False
3KGh0aBKXeOM3QBnPmRXcF,Veil - Edit,biskuwi,2wdY7YDYVddKtVbbgh1fCT,Two Minds,3S9KEbNwdjwhI9IBG1OEAU,2020-12-11,199024,0,2021-04-27T13:08:01Z,False
0qGvVkfooMAUuQPe0NsFhn,Dreams of U and Me Above the Mezcal Moon,DJ Seinfeld,37YzpfBeFju8QRZ3g0Ha1Q,Mezcalita EP,7cclgYXKU8O904XmBJfnP0,2020-12-04,275686,0,2021-04-27T13:07:52Z,False
52PxZoVj4kjv3bKj3atzns,Idee,Daso,70PpOSePHXISY6UFBJt3K0,Meine Idee,6ZYktmUwXgkdP51jCZIQJX,2007-10-31,425533,0,2021-04-27T12:45:28Z,False
4nAsykHmK2N7clWhaxNKlg,Naturally,Selena Gomez & The Scene,6dJeKm76NjfXBNTpHmOhfO,Kiss & Tell (European Version),2z1lWNUoUIZYRY2kcana40,2010-01-01,202573,46,2021-04-26T06:56:18Z,False
2tOUWyMWcE1tT8YF2NVQ38,"Træt av lagen, træt av Systembolaget",The Empire Line,14sJjihp1JLoF04mYMgYPz,Scandinavian Swords IIII: Atlas of Visions Pt. I & II,5M8H8wObfXB8EcFXYVMPN4,2020-06-12,272509,14,2021-04-22T13:52:36Z,False
66MpvsWO5O7gy9LjXGFw6I,Maria También,Khruangbin,2mVVjNmdjXZZDvhgQWiakk,Con Todo El Mundo,42j41uUwuHZT3bnedq2XtM,2018-01-26,190999,0,2021-04-20T22:17:35Z,False
2KYnSFIrSbaKUXWetW7Klt,Looking For Me,"Paul Woolford, Diplo, Kareen Lomax",4CA8PTrbq1l5IgyvBA2JSV,Do You Dance?,6Az907HDvldO5qxqVyysz0,2021-03-12,211452,61,2021-04-15T23:23:03Z,False
1y7agAufBsudgRXuq6Ekqb,Ready For Your Love,"Gorgon City, MNEK",4VNQWV2y1E97Eqo2D5UTjx,Sirens (Deluxe),3u3wA2mFU0UgAtyMJW3xa5,2014-01-01,198880,59,2021-04-15T22:22:24Z,False
7DkabQv05RGD0Pj9zFhKKG,No War - Rampa Remix,"Âme, Rampa",5muFO8VqYRCRW13EkvX564,Dream House Remixes Part I,3Tt2oQO3FdY4FiFHHR9K34,2019-08-09,439226,34,2021-04-12T04:53:16Z,False
7v9eIYWANcRXHwAZQuf0Ux,Illusion,Malandra Jr.,7KgVyMfGnLuYLLbftkfVNQ,Schneeweiss 12: Presented by Oliver Koletzki,7bBzbHgcyuQUQPojhphWwx,2021-03-26,428138,4,2021-04-12T04:26:03Z,False
6rGqiK4oKP9RtRdTjGepNH,The Future Is The Past,Colyn,5vr1GvUstxr6nwxniKqLOh,Volume Two,29b1OZhPyjsNGTkukUt2OD,2020-04-17,283867,0,2021-04-12T04:07:13Z,False
4sDYTzjtuvRTNHj8gj5hHP,Herz - Original Mix,Robert Babicz,5XFQLyJekhzCO7PiTqboOB,Herz,4zAXvGXOnlEr9lW2RPJ9bN,2020-08-10,350817,4,2021-04-10T00:48:03Z,False
75wP09efeYdo6B644E33vf,Better On My Own (feat. Anabel Englund),"Disciples, Anabel Englund",5EehXjjMktLuJmbRsM7YfB,Only the Gods / Better on My Own (feat. Anabel Englund),4gaWk8Dxttn5CvKAN5kRYR,2020-04-17,288335,33,2021-04-10T00:44:54Z,False
1NTUoeDjcs6L6j8KuBb8oO,Symbiosis,Brigado Crew,4Oh4pMKSHRFuE8FbZdeh4j,Symbiosis EP,1QW5k8eR0WXPrRrd9tsEIN,2021-02-19,507225,3,2021-04-09T20:15:14Z,False
0sF6AQfF5bWQqNl5CuaXVM,Synchronicity,"Brigado Crew, Crisstiano",4Oh4pMKSHRFuE8FbZdeh4j,Schneeweiss 11: Presented by Oliver Koletzki,0vr7McpdphlRVBCJWFt1Oj,2019-12-06,413509,10,2021-04-09T20:14:34Z,False
2lSoLfYdOh8rRR2TKNmERE,Take My Time,"Pleasure State, Lee Foss, Anabel Englund",7mJYO2qwtt4sUj2JJLO58V,Break Away,6GQBBHWj5MNKNTEC1LIZw2,2021-04-09,227996,0,2021-04-09T19:58:55Z,False
3s5AvTRhp1fckig3Rts91k,Break Away,"Pleasure State, Lee Foss, Anabel Englund",7mJYO2qwtt4sUj2JJLO58V,Break Away,6GQBBHWj5MNKNTEC1LIZw2,2021-04-09,181328,0,2021-04-09T19:52:52Z,False
4deba2jLItEN6synngRl8o,Hoffnungsschimmer,"Innellea, Kevin de Vries",71rqI5HtraA3qXBwatyG6e,Hoffnungsschimmer EP,3WAIgKiS0I7sVkRpoUow4r,2020-08-28,286189,0,2021-04-09T19:47:14Z,False
7oPUTr7pO7Obt8brELTHlg,Rabbit Hole - Stereo Express Remix,"Marcus Meinhardt, Stereo Express",4yVEkQ8vCUQtJFRioN4Zhj,Rabbit Hole EP,3IJvKLxAZDScVOsNmfGcmH,2019-08-02,426885,0,2021-04-09T14:08:08Z,False
6BNghybstUhBqWPaoDFrpg,Get it Now,"Brigado Crew, Ubbah",4Oh4pMKSHRFuE8FbZdeh4j,Symbiosis EP,1QW5k8eR0WXPrRrd9tsEIN,2021-02-19,556913,1,2021-04-08T21:52:03Z,False
3qhW02v4Yo6d5lPhxE6iZb,New Era,"YOTTO, Stephan Jolk",5Dyfxq0ZrFjjeFBdSNxDbo,New Era EP,49LqNtUITrajPTnpwyC8tA,2021-03-19,221065,0,2021-04-08T20:15:08Z,False
71ty7upWSu5JxHcGfWSENY,We Are Not Alone,GHEIST,60pOigPjgmU7AzmZmWEQZU,We Are Not Alone,2yakKF1mzcUn6KpowUHtwT,2021-04-02,386341,0,2021-04-08T18:11:10Z,False
0FvP1wBXZGMkZPRyFEtkdN,Free Colombia,Alex Dovo,2dFwWoBhOLLBO9bfTUvqaL,The Dawn,0s1Uhx9QIQfSyFuGSI0OuT,2019-12-27,463563,19,2021-04-08T05:17:58Z,False
2bT2dwrc9YzyhVAK48IZ77,Un Rêve Étrange - Rodriguez Jr. Remix,"Rodriguez Jr., Hicky & Kalo, Seth Schwarz",6Th7POyVfZgiHJQ64ddV5Y,Un Rêve Étrange Remix,4ccRH9RUs9y1SgyDkKKLCA,2021-01-18,402520,0,2021-04-08T05:03:19Z,False
3TKSsfL038iwxiVcckl2UV,Fantasy,DYEN,6LFELkZXRJs04hi8gywM2A,Exhale VA001,0po0rc9aEPhTZG6yTgmHgn,2020-11-13,386083,11,2021-04-07T05:41:00Z,False
0bU7RBZ1tkm8XXZzDrdsMC,Need You Now - Adriatique Remix,"Howling, RY X, Frank Wiedemann, Adriatique",3WTWOrIS77vY3hkCFqTyIw,Need You Now (Adriatique Remix),4FUJ6ABd70kvF9GLT9EBAD,2020-07-22,380863,42,2021-04-02T01:34:55Z,False
2Y5njvhnLuwON1kdYE5qQB,Firefly,andhim,6XJeFzmI6vrWyHcdB7EImP,Schneeweiss 12: Presented by Oliver Koletzki,7bBzbHgcyuQUQPojhphWwx,2021-03-26,398308,1,2021-03-31T14:33:39Z,False
54JnzTOS1pJccGfM1OALYe,Symbiosis,Brigado Crew,4Oh4pMKSHRFuE8FbZdeh4j,Schneeweiss 12: Presented by Oliver Koletzki,7bBzbHgcyuQUQPojhphWwx,2021-03-26,507225,1,2021-03-31T14:04:16Z,False
705464kArbZGSFRkdEoQ2L,Reverie,Sainte Vie,30oVwXZSlElygdNpcUIFBk,Schneeweiss 12: Presented by Oliver Koletzki,7bBzbHgcyuQUQPojhphWwx,2021-03-26,520190,23,2021-03-31T13:54:36Z,False
2nNO3STc1GprRP3GaAxmJA,Participants,Gabriel Ananda,3YpEUCjdLuPmBspkmoPYnX,Participants,1hscOD8se5XWimHdIxPBos,2020-12-18,380487,0,2021-03-25T17:19:33Z,False
7ipJZu6VVkPmlqAQ74vLXY,Time - Edit,Klangkarussell,041iTeoMIwXMlShuQPIVKo,Time (Edit),6r5k9xylQcvQk2HpcIQGoQ,2017-06-09,299902,31,2021-03-25T16:27:35Z,False
73DxBkVdFfMajhuorFNIeS,The Hills,Kasablanca,297Z0teiCkp5s9eneWROpI,Human Learning,6spPmLIKAfVRD1EHJgIcnn,2020-11-13,298744,27,2021-03-25T16:07:09Z,False
5RfLtWraBg4wabh27yg09D,Natural High,Stil & Bense,5nuJOwgBqKBIWyCr0dQgEH,Natural High,5Xhpc4IcJSJHb8XLPvR6Im,2021-02-26,452882,0,2021-03-19T13:21:42Z,False
0s3wIBczp6TdSJ2y8cveJl,Confronted - Anfisa Letyago Stranger Remix,"Pan-Pot, Anfisa Letyago",6OQOvP7RAdmAKVXXQqD0Se,Confronted Remixes,1stGGSNEKVaak5xHPqTHEm,2019-12-06,387413,0,2021-03-15T17:09:51Z,False
5lvLiD5JeZuYdY1qIdrv5P,You,Charles D (USA),4JM9MtRRutmQVooyHnFTD1,You,1iBmmpiZ69uD1841dh6bMx,2020-11-27,408833,30,2021-03-15T17:05:15Z,False
2FTI3wlQEvXd8CSE4jv3fq,Indie - Mixed,"AMPISH, Songspire",22ZsUflL4JHh728ySmOBwy,Songspire Annunciation (Mixed by All Living Things),4NjKkBJitoP7pQZBx0tAu2,2019-05-13,125577,16,2021-03-15T16:59:04Z,False
2tZMPODaQpDNur3NH0Fsqq,We Had It All,Marius Drescher,4oU99ab1DTNIF3a9RHmnhf,We Had It All,0fdCLCmqYjdvGaYFCaB2Dr,2021-01-01,444807,0,2021-03-15T16:50:54Z,False
5aHe69GlfkyqywvENV9cmV,The King Of Our Days,Agents Of Time,6Jbyd4qzEtbFtswZP1o6Ht,Prince Of The Stars EP,1rw1bOC3O3RbEISFKXTB0g,2021-03-12,353488,0,2021-03-12T23:21:10Z,False
4k919G9E096WoXenUv0Hdi,India - Original Mix,EarthLife,5xaGKkAq8iQ3R3FfIL3DMG,India,1Xx50g2SZzrppxqQtYG4MB,2019-04-12,535370,0,2021-03-12T14:42:45Z,False
6JvRKVFkk6IjrHlIx0pb7C,Bombay,Miss Monique,29TpNOsTNYbLb6Xa10H0PR,Bombay,7pryYFSeFcRLzcFUA2K6rT,2020-09-25,358060,0,2021-03-12T14:08:26Z,False
2O3n9KQDZO4Peo08WfAb6P,Erq,"Super Flu, Angelov",1iZiG82D4w7FLHvOUUj4zW,Herberts Best XI,0vgX2pcJV23Oo1BHde8ZJf,2021-01-29,411147,6,2021-03-11T00:00:31Z,False
7wrzn0qwqIvhfsLAG5BimM,More,"Jan Blomqvist, Elena Pitoulis",5wMlMjOLeJfS5DfxqGfm83,Remote Control,35I5XwG6ZrpAM2RlYTgdXS,2016-02-26,526934,42,2021-03-06T03:52:43Z,False
4XU00BpedVeOUBUF3bCuBX,Attached - Rodriguez Jr. Remix,"Tim Engelhardt, Rodriguez Jr.",74HdscE6G74tt01dbVZULE,Idiosynkrasia Remixed,3GnJVCKyd9Gq1vyWbyPrsy,2021-03-05,360784,12,2021-03-05T12:59:41Z,False
45S5WTQEGOB1VHr1Q4FuPl,Golden,Harry Styles,6KImCVD70vtIoJWnq6nGn3,Fine Line,7xV2TzoaVc0ycW7fwBwAml,2019-12-13,208906,74,2021-03-04T23:43:18Z,False
7sCYOpKqgyUVCCHH3vEI7k,Burning,"Paride Saraceni, Monce",4QoLfjVJzb5qdQaXQFxlri,Burning,5GV9uzUxVHYMuTT02ZX2s8,2016-02-08,434285,14,2021-03-02T13:51:53Z,False
3RhoJBbU3aXy4hO9cFQZEL,Enigma,Moonwalk,1khyIydqanugacJyKdmceT,Solaris - EP,7cZWNOGLJksSrJyE8OAEjp,2021-02-19,377953,33,2021-02-26T19:16:15Z,False
6SWxQOJsuX80lBQsiig25v,Indio,Hidden Empire,44Ga1YqZthFOzZSTHiNWkC,Lost Spirits,2FvZLR93r1353mmUYf0ZDQ,2021-02-05,367277,8,2021-02-24T06:01:05Z,False
32jg6wKhcOzJ5Qkbqye7Df,Pina Colada,Hidden Empire,44Ga1YqZthFOzZSTHiNWkC,Lost Spirits,2FvZLR93r1353mmUYf0ZDQ,2021-02-05,377699,3,2021-02-24T05:56:16Z,False
0UA2P9bUJcajjb5AH2CO30,Lost Spirits,Hidden Empire,44Ga1YqZthFOzZSTHiNWkC,Lost Spirits,2FvZLR93r1353mmUYf0ZDQ,2021-02-05,285948,7,2021-02-24T05:50:35Z,False
4Cm8yhNY5NWVBJy0vPdskQ,Single Instance,Hidden Empire,44Ga1YqZthFOzZSTHiNWkC,Lost Spirits,2FvZLR93r1353mmUYf0ZDQ,2021-02-05,325338,3,2021-02-24T05:18:06Z,False
3cssADqtR70F9JhaMPJ3ol,Dark Matter,Hidden Empire,44Ga1YqZthFOzZSTHiNWkC,Lost Spirits,2FvZLR93r1353mmUYf0ZDQ,2021-02-05,388620,13,2021-02-24T04:06:45Z,False
2nQKIhmapBjiaZGUvCLXnw,Words Fell Down,Kim Wilde,73a6pNH4YtLNgDbPQwXveo,Select,4uwIpx0rsulTCNL1O3Mee0,1982,211360,0,2021-02-19T16:18:02Z,False
6U8p94C81h7f5hzcYqbQ8u,Sirius,Thomas Hoffknecht,5NZNUuAd9Z92Q4wAVRq3Cf,Antaris,7eSWCzQPbBKEALB251C95H,2021-02-15,385168,0,2021-02-19T16:17:50Z,False
0lnaif7iWeqadrei68x0qk,Pure Imagination,Fiona Apple,3g2kUQ6tHLLbmkV7T4GPtL,Pure Imagination,2zFUW6bto6AtC92QV8sgiA,2013-09-12,200662,0,2021-02-18T01:19:18Z,False
6cnfseLPZpaPq53XYw6NIv,Lady Science - NYC Sunrise,Soul Capsule,7cXMDkf45UtgRlxemP1I4o,Seth Troxler - The Lab 03,0mKtPZ9E96U6gQX15cfHto,2011-10-10,562301,35,2021-02-15T19:45:02Z,False
7Gzt9qqGINTiRzofYhAG8g,Hunting Grounds,La Fleur,5bt7DkWw4iHzjzRF2d9scU,Aphelion EP,7wEWYgMlh7QpSwOFWVnsV2,2019-03-29,387272,5,2021-02-15T00:31:53Z,False
4dTLjrXHpQLkvmKnyMShn9,G.O.D. (Gospel of Doubt) ft Casey Gerald - Spektre Remix,"Pleasurekraft, Spektre",4ipS3ZbqP46bs124yqp9N4,"Friends, Lovers, and Other Constellations (The Remixes)",28ZRfVEUrZ2SRHEiGmi9LC,2019-01-25,428520,0,2021-02-15T00:20:44Z,False
5pYDedJSZNhgWlGZpmEQdu,Deep Space Transit,Benjamin Damage,4erUkZEVS1jXi5kwEtNvjT,Deep Space Transit,009POr6lfa1rP0ITOihsOC,2020-05-25,440888,10,2021-02-14T00:49:28Z,False
5t7P4BzNwpWRmxAmUqKDqm,Radio Berlin,Pan-Pot,6OQOvP7RAdmAKVXXQqD0Se,Radio Berlin,2Gif9GhLNEYGeuGXvJX5zX,2019-05-03,390814,0,2021-02-14T00:38:57Z,False
5F84K2ltGbHKMYbmujjt8W,Thinking About You ft Juliet Fox - Original Mix,"Spektre, Juliet Fox",2jop7P9uKGHVtQAv59lDxT,Thinking About You,36tP6cgMZqgK3LzMKyTDc7,2019-04-12,402904,0,2021-02-14T00:31:55Z,False
28SD24zaaowYs7I3AJCRT1,Mese,"Symmetric, Future of Matter",02kZg5PipNuXMHPbcV85XX,Between Two Thougths,1kk4uFHZiHVqvZkym132jf,2020-02-14,440625,1,2021-02-14T00:27:38Z,False
25lXufqDMYpHCtPbwPX04U,Our Darkness - Original Mix,Ferhat Albayrak,1I8QV9H94JcJ0tvgkGZGPt,Our Darkness EP,2BmG6oZICDgeeJHadibh94,2013-11-14,408188,6,2021-02-13T23:56:18Z,False
6FRtjadDsEhZIQIlh1loEM,To the Moon & Back,Savage Garden,3NRFinRTEqUCfaTTZmk8ek,Savage Garden,64peTvbTLBDeSBu0GsCRE4,1997-03-04,341066,60,2021-02-12T23:42:13Z,False
7KTcccQfiGgaCsP8TpR9sf,You Need The Drugs - &ME Remix,"Westbam, Richard Butler, &ME",1zcj0EOWK3jRZKeh20dnMR,You Need The Drugs (&ME Remix),5AkD747GDJzTnwWAsWtYwt,2020-11-27,462726,31,2021-02-07T21:47:16Z,False
4zvqwaG4RBM6H8Fgf6Ym8L,Too Deep,Kontravoid,1cZNxWhPe9pKXdVZZdA9Bz,Too Deep,5nQO8vYOUC9QIND0seQzvT,2019-09-19,272275,0,2021-02-07T00:21:17Z,False
3wK37814vyrRNUvTV4R2MU,Waiting,"CamelPhat, Eli & Fur",240wlM8vDrf6S4zCyzGj2W,Dark Matter,6MMe5dAtwWrV0ldIPdctgN,2020-10-30,331511,41,2021-02-04T01:51:28Z,False
3kMrazSvILsgcwtidZd1Qd,Bulletproof,La Roux,3K2zB87GZv1krx031en5VA,La Roux,3CcCqXsbyjCDDSA3omcGoy,2009,205733,73,2021-02-02T01:47:09Z,False
3TGI4Ne2RNOQVsIgBYtJFE,Sex and Violence,Scissor Sisters,3Y10boYzeuFCJ4Qgp53w6o,Night Work,60reR4muRZj5MRsI9giZjk,2010-06-25,250440,31,2021-02-02T01:41:02Z,False
13LhBVx55bRRXcUQ7FTYQf,Beaches and Friends - Hey Champ Remix,"French Horn Rebellion, Database, Hey Champ",6G5wDM1Vmsscql7qRtcLH0,Beaches and Friends,5Juti2MiqQsGhXq3IpuZ8G,2009-08-11,286000,23,2021-02-02T01:05:44Z,False
5XHaIIkr21LdIAd6M6y2lZ,Scorpia,Marco Bailey,23zJj2W0TQ0SvF4Fwo7mZK,Scorpia,0Vf5sfcvRM9ZKfmuUyftUQ,2003,367226,27,2021-02-01T18:24:08Z,False
7egdagjq8ypTqzxolahfKb,Desire - Charlotte de Witte Remix,"Bob Moses, ZHU, Charlotte de Witte",6LHsnRBUYhFyt01PdKXAF5,Desire (Charlotte de Witte Remix),7IcJIb5P7YXmKq0FZdXMNM,2020-12-07,472289,29,2021-01-29T17:08:38Z,False
2ixabSVbccs9np9r5CpbWW,Don't Judge Me,"FKA twigs, Headie One, Fred again..",6nB0iY1cjSY1KyhYyuIIKH,Don't Judge Me,12xYnvNkZWg4yPn2edO0cm,2021-01-26,213679,34,2021-01-29T13:49:15Z,True
4GlWm67TOxQ27YRDMHCsql,Icarus Drive,"Diode Eins, Jannis Klimpel",6SDn6pAFOILXizOex6vrRr,Icarus Drive,65TVpafyEjlsSOIOPLSglC,2020-12-31,466668,6,2021-01-26T00:46:14Z,False
38hLVLAlCijnjvR4JHG9V2,Lately - Eli & Fur Open Air Remix,"Jody Wisternoff, Rondo Mo, Eli & Fur",5gTVJRQmuS88nOhhdHqErL,Nightwhisper (Remixed),6nN0NcPijdea8xcZdgkJaI,2020-09-18,238032,12,2021-01-26T00:12:54Z,False
5wJl7KkluLHi8zjxKTNdsQ,Excessus,Lukas Firtzer,39RmC5VDRv0p4f3L4Ph4bf,Exhale VA001,0po0rc9aEPhTZG6yTgmHgn,2020-11-13,332562,16,2021-01-23T17:30:31Z,False
15OXfehVIow8grAQhHCVMD,Confusion - Original Mix,"D-Nox, Beckers",1TqcQwnBqloJrKkGs4l4LT,Confusion EP,6I3r1ckjlXr2I0N5RVWg7M,2013-03-11,453266,33,2021-01-21T20:07:11Z,False
0zF94kkL1ywTwqSLqSLqOi,Brain Machine,Fideles,39RaU9BN81x3KBo299bwXs,Brain Machine,4QODm9H0BLjU241ndsaijd,2020-02-14,348053,0,2021-01-21T19:53:00Z,False
3425OMM9bb64VMNXXldLvU,Ray,Avoure,37S9qlW44AiakSF45Vra1E,This Time / Ray,44uAC9UVMSekbXyBJV8nMO,2019-07-25,414646,43,2021-01-21T17:04:24Z,False
202PWQOGivFvz1sIHWZsLg,Hypercolour,"CamelPhat, Yannis, Foals",240wlM8vDrf6S4zCyzGj2W,Dark Matter,6MMe5dAtwWrV0ldIPdctgN,2020-10-30,209081,35,2021-01-21T17:02:14Z,False
4sRmzVSedvFkENbSJ342Ex,Cherry,Chromatics,4tOVIRjlWWfR1RrAxyRqTE,Cherry (Deluxe),6OqegZkCUq29CJarqL8trP,2017-12-09,271952,57,2021-01-15T21:52:17Z,False
1mvch0zBPck6LGms7ZZxlH,All of Us,"Hidden Empire, Bebetta",44Ga1YqZthFOzZSTHiNWkC,Resurgence,6P3nsCwqmch2tuqaWiJKbm,2021-01-08,395012,8,2021-01-08T13:54:29Z,False
6EMjq6sGTNA6nhRt4uqjcG,Uneasy Hearts Weigh The Most - Tree City Sessions,Dance Gavin Dance,6guC9FqvlVboSKTI77NG2k,Tree City Sessions 2,5k9GQVFRUYG1Hy4NgIuB6S,2020-12-25,254232,0,2021-01-06T21:54:15Z,True
6EZx0YpJHf6nwQT6bKXq1o,Agitation,"Oliver Koletzki, Niko Schwind",1WjBIvYAnZTkTh5UiZNwlR,Agitation,4FoS91xptdEBZeWq4ymeuO,2020-05-22,520912,24,2020-12-31T16:54:58Z,False
6Pgmqg15yVexuOgtzuxwoX,Dancing in My Room,347aidan,0bBz5bRBkExaej2HxtVfCw,Dancing in My Room,3t1MvGhT6LU3fOIp3KMrta,2020-10-26,180138,65,2020-12-31T14:27:34Z,True
6hYyiunELXzyWnhqJhpoHW,Tracking Treasure Down - Original Mix,Gabriel & Dresden,64KfnYe81Wld2AkG4bkGIV,Tracking Treasure Down (Feat Molly),2UfL3aTq5Zl4lBMGzpJRoZ,2006-03-06,621640,22,2020-12-31T04:19:15Z,False
7r9geqLuUAnuLnlYn8DoqJ,Not In This Town,Two Door Cinema Club,536BYVgOnRky0xjsPT96zl,Lost Songs (Found),2B8XjtAmVjVTd6CMpMAosY,2020-06-05,196257,0,2020-12-25T00:48:40Z,False
0oEweHsuQagFuqXct9UvBm,What You Know,Two Door Cinema Club,536BYVgOnRky0xjsPT96zl,Tourist History,4VX87XKcBRsxIU6Yri4PFC,2010-04-27,191426,1,2020-12-22T20:03:36Z,False
3zEN0ii6s4DHHBpnTp3RP7,We Are The People,Empire Of The Sun,67hb7towEyKvt5Z8Bx306c,Walking On A Dream (10th Anniversary Edition),5B6XfyHHYawyLkEvNvhSPh,2008-10-03,267373,85,2020-12-22T17:10:11Z,False
7H5WVBQdSnJ1zmu8JoD6pg,Charlemagne,Blossoms,22RISwgVJyZu9lpqAcv1F5,Blossoms,7wCgsWaxfGis7NAHYn8JFk,2016-08-05,166791,63,2020-12-22T17:05:02Z,False
22eNdxGb4tEvBt0nBCp52o,Zombie,Jamie T,3Rsr4Z96O6U3lToOiV3zBh,Carry On The Grudge,3iRWCjHbKKSICMbXarCTRC,2014-09-26,246186,55,2020-12-22T17:00:13Z,False
3FtYbEfBqAlGO46NUDQSAt,Electric Feel,MGMT,0SwO7SWeDHJijQ3XNS7xEE,Oracular Spectacular,6mm1Skz3JE6AXneya9Nyiv,2007-12-14,229640,79,2020-12-22T02:36:37Z,False
1bHYLphlNkp5rHNRm72rC1,Lost,"Roger Sanchez, Katherine Ellis, Lisa Pure",1HT9k1ZSUL9IczSstOAgWJ,Come With Me,0sr9WYfWFkBNiNgtU2e1tf,2006-06-27,351906,0,2020-12-20T20:31:56Z,False
0yzfkTH0QKIAYVeTex1NKJ,Cream On Chrome,Ratatat,57dN52uHvrHOxijzpIgu3E,Magnifique,5bFeGIVw5pGnLamK7eVSef,2015-07-17,255983,45,2020-12-20T13:22:49Z,False
3jC87fox2sHZKY1VKHw7bx,Lights & Music,Cut Copy,4EENT7N7rCBwrddM3s0vFS,In Ghost Colours (Deluxe),34NNRiAunm4I1jvmviZrBE,2008-01-01,277386,0,2020-12-20T13:22:23Z,False
5bs8OXiOt4BPF2FAnRFP1u,Heads Will Roll - A-Trak Remix,"Yeah Yeah Yeahs, A-Trak",3TNt4aUIxgfy9aoaft5Jj2,Heads Will Roll (A-Trak Remix),4IZSrYZHALLavs8TTndGiV,2009-01-01,383893,67,2020-12-20T13:21:05Z,False
0mvjn9zNIfKZ2GPQA9wAve,Soul,Habischman,4X5dfqYyOaZ3ahnJWIkY38,Soul,6rQJt8kuGTTv6P6EqfMzsX,2016-09-16,475161,0,2020-12-20T13:19:44Z,False
6ARkW1CAmWcBEc7tCTubf3,Light Enchantment,AIROD,3oPI0nOC7MHooFy5qDsFrv,Venom EP,04nbDPZ2l83LYKqnlii6o8,2020-12-18,411215,13,2020-12-20T13:14:48Z,False
5oNeuOOo0U05wdEUbwOghM,Purple Days,"KlangTherapeuten, Max Manie",54gKd6ck4Kz5pigQLZUbkW,Purple Days & Purple Nights,7oKLl9fSeBhHl4XYIBJADm,2020-09-25,269531,35,2020-12-14T13:10:44Z,False
6vVnC2iGJWU2WbrEwdYt5Y,Taboo,Miguel Campbell,4uZJDUKi3NXQsuMKP3rOeC,Nights Of Future Past,0cbOMPimWQabH3zVolkZc0,2020-05-29,426885,0,2020-12-13T03:12:01Z,False
6p5XHlq18fKHj5ImzGRo1W,Tonight You Are Mine,The Technicolors,6hQS54VPpxunuwR0W7usuo,Ultraviolet Disguise (Deluxe Edition),2aWFe9zlSK3C6R87xWP7wM,2015-10-16,230000,0,2020-12-12T20:42:11Z,False
3yUcJwYu7fXAfqMj9krY6l,Thank You,Dido,2mpeljBig2IXLXRAFO9AAs,No Angel,7ydMeYrv8bFFRkkHepoJM4,1999,218360,77,2020-12-09T14:06:50Z,False
7ku9ctunOcfqWP6z04QTRY,Underwater - Tinlicker Remix,"Gabriel & Dresden, Jan Burton, Tinlicker",64KfnYe81Wld2AkG4bkGIV,Underwater (Tinlicker Remix),1wUUsvOlCZjYLG0d7VTAxR,2018-05-01,239894,28,2020-12-04T16:53:11Z,False
47sLhcvb6LEfVgnjFlyYgM,Options - Thor Rixon Remix,"B O K E H, Thor Rixon",2rQk5n2Rn4PSaBbbj3XgeO,Options (Remixes),6FfFvYLXvAcyiON7qGQkJa,2019-12-06,357125,0,2020-12-04T16:47:18Z,True
4FNcjHzCUyYXUhAKswVCzR,Emerald Rush - Solomun Remix,"Jon Hopkins, Solomun",7yxi31szvlbwvKq9dYOmFI,Emerald Rush (Solomun Remix),1aNHNh5fDmMtpRWc6j4QXi,2019-07-17,465649,16,2020-12-04T16:16:12Z,False
4aT9Pm5jhQBepwqyyuNbTT,Opr,Gesaffelstein,3hteYQFiMFbJY7wS0xDymP,Conspiracy Pt.2,4AzodrqIKD56B4sUMb5yqw,2011-07-18,233965,0,2020-12-04T13:55:15Z,False
5cAEZ2TXrysnThigwT73zr,Mind Games,Bukka & Molinari,7zyonpb3GZVq2CrbA48htj,Shir Khan Presents Black Jukebox Disco Jam 01,4MBqS1k8Ngn68DmpcrEFWB,2015-11-16,413569,40,2020-11-30T23:58:51Z,False
4gtXFNAT73fwZlLlrehHgF,Thunder & Lightning,"Lee Foss, Detlef, Anabel Englund",44T94QQEc60Jf7kqGY6Rip,Thunder & Lightning,5rqhISE4wBbWKR49iX5MDq,2020-11-20,255937,0,2020-11-24T13:15:56Z,False
081fOdMCZPk7D58RLxTIxD,u know,Fraunhofer Diffraction,3s001vzLUM01WSssGvHhXA,Clod #2.5,4VbATZf8QAMS0aDRlJqm8s,2015-09-06,308571,0,2020-11-23T13:35:05Z,False
1qBThSTpthKMrdf6px4qrQ,Force Majeure,Introversion,7qXRl6cKc9zsbV0ekjUQKm,"Ellen Allien Presents We Are Not Alone, Pt. 1",6DldQleQeja63hIZs2Id65,2020-10-09,303159,5,2020-11-22T21:10:33Z,False
5iCl6Usdm9afUpPvYqRPwC,Nyana,Tiësto,2o5jDhtHVPhrJdv3cEQ99Z,Just Be,3E8N6fNnqcOwNwUvALrqZ5,2004-05-14,404320,0,2020-11-21T13:42:52Z,False
4z7maGZkAonDlXlwo8q69f,Da Ya Think I'm Sexy?,Rod Stewart,2y8Jo9CKhJvtfeKOsYzRdT,Blondes Have More Fun,38tXOrjXUUfQWWV2DRwMio,1978-11-24,331333,74,2020-11-20T20:44:09Z,False
6yUZ7PYFTeqnrqOy5OL5AH,Prickly Pear,Woven,4s7sutoISpt6tbPFmQcYGN,Designer Codes,60QSq6D6VJJvJLZ6dBp3Hz,2008-09-23,302186,1,2020-11-20T13:14:50Z,False
27ITlhgZIx0ZYwaLYYDBsi,LOVELIFE,"Benny Benassi, Jeremih",4Ws2otunReOa6BbwxxpCt6,LOVELIFE,20z68r2DFjrTCCLLA9xTXM,2020-11-06,151475,0,2020-11-17T21:28:23Z,False
1o9VJSwuiMaTSbhOn3gEzx,Goodmorning Clorophilla,Deborah de Luca,144HzhpLjcR9k37w5Ico9B,Goodmorning Clorophilla,4H4BIAL3mHwLREfSAruHNs,2020-11-09,363636,20,2020-11-17T21:13:20Z,False
6uKp6XtuGx9oCI3j8SiHyd,Spreading The Cult,Regal,10RlWd6mCUDiRpQ30bGL2E,Spreading The Cult,4IO0LLNf9Ru4XI9nxOZIk6,2020-11-10,362078,17,2020-11-17T20:50:30Z,False
3lrqo0H2qAyGuaGMlckgBY,Magna Terram,Township Rebellion,4gGD7nrLZRnnCSz3KGEu4R,Memorial,6frDY8rWqFXwdmCjhiuho4,2019-08-23,505823,30,2020-11-13T04:49:29Z,False
66MU7CvsUaO6wGxThPGH4a,My Enemy,"Julian Wassermann, Artche",6QXqARXg4hZ3oAUitm2gU0,Muse,1n615rZW8opUmldNQdgfaq,2019-10-04,413243,0,2020-11-13T04:28:48Z,False
0bRXwKfigvpKZUurwqAlEh,Lovely Day,Bill Withers,1ThoqLcyIYvZn7iWbj8fsj,Menagerie,3QjPTUI6UcPr5m9RujkO3c,1977-10-29,254560,80,2020-11-13T01:45:18Z,False
0hoyNXfrjpEUxnWtrIIOsr,Part Of Me,Spada,2hPCF7VDHhihvNdobslOHw,Anjunabeats Volume 15,7pmQoBtPJ8f8HTlf1iyHfV,2020-07-31,295146,22,2020-11-09T02:56:16Z,False
2Sgd4RyAQqqwflUACAnXPK,Inglorious Express,"Biesmans, Vandesande",1RR1AtX6SAujecwlLacHRz,Inglorious Express EP,5lCI3qcSWRrIBATyqJZFtt,2020-04-03,430718,20,2020-11-07T16:33:15Z,False
60Tulr4o7ToJceRbaj5ART,Trouble Again,SWIM,1OxXLWb0AXEgOfTUzlDg3V,Trouble Again,2icwjnmjwwwrLB2wRyN7kY,2020-08-17,244921,18,2020-11-07T16:20:40Z,False
1g9Bz5zn7YW1MFm8PEAg2f,Use It Or Lose It,"Vitalic, Mark Kerr",4M84umUNRbZy1mJleyyRM9,Voyager,6Wb2fs8rdUkhHqfEqKPprt,2017-01-20,278880,33,2020-11-07T16:20:36Z,False
4AF01idljl2i6W24XRvgeF,Centro,MIEL,7KQCUauVB5CLGrJwq2JoVd,Centro,7ptU0Q3NCfnuaV0ES2jatP,2020-09-18,218814,0,2020-11-01T22:19:27Z,False
0as6oJCPjDtnhvTgH7yTYU,"The Wahiba Tapes - From ""The Encounter""","Touring, Marko Roth",1DKSHZmGXSlYlbUKFb6KXZ,"The Wahiba Tapes (From ""The Encounter"")",5EqQiidBsQw82OHWHbPebA,2020-10-30,324000,0,2020-10-31T14:34:33Z,False
1eV81a6H4xDdpi8r2C4tQT,Gravity,"Boris Brejcha, Laura Korinth",6caPJFLv1wesmM7gwK1ACy,Gravity,1p3Tbckk09MaXRz3Tf4dRK,2019-07-12,216000,1,2020-10-31T00:40:34Z,False
6zAiRKvAMlXHxEtyO4yxIO,Phoenix,"League of Legends, Cailin Russo, Chrissy Costanza",47mIJdHORyRerp4os813jD,Phoenix,6IatiP8DCUD2ps9KvocWgA,2019-10-08,197633,64,2020-10-27T15:39:48Z,False
1FpVJ7HpZInE2GvhVE2TwT,Legends Never Die,"League of Legends, Against The Current",47mIJdHORyRerp4os813jD,Legends Never Die,30gnisiaho0Y6KRWJ7gIaA,2017-09-15,235000,73,2020-10-26T03:21:48Z,False
3f4fc8c8unrQeKecmUPEDR,Warriors,"League of Legends, 2WEI, Edda Hayes",47mIJdHORyRerp4os813jD,Warriors,0uyb1O2aodxewxYrAHzqIn,2020-01-10,204586,63,2020-10-24T22:48:07Z,False
69Sy7207dnixZ6w7RSV9Kb,RISE,"League of Legends, Mako, The Word Alive, The Glitch Mob",47mIJdHORyRerp4os813jD,RISE,6sGWFXm5IKtTBMFdIhNB9C,2018-09-28,192881,67,2020-10-24T22:18:02Z,False
3TieIQTlipul7oxGldyX09,Big in Japan - Single Version; 2019 Remaster,Alphaville,0xliTEbFfy5HQHvsTknTkX,Forever Young (Super Deluxe Edition; 2019 Remaster),1BAmE3bdBnxej0umzyHQ5x,1984,234693,66,2020-10-17T23:50:06Z,False
1JcK6hdFLKddUVlm0JQeWj,Close To Me,The Cure,7bu3H8JO7d0UbMoVzbo70s,The Head On The Door,7zJzNs8eVgbkVVSQSwKRtx,1985-08-26,203266,55,2020-10-17T23:49:56Z,False
31AOj9sFz2gM0O3hMARRBx,Losing My Religion,R.E.M.,4KWTAlx2RvbpseOGMEmROg,Out Of Time (25th Anniversary Edition),6yEuIwTQpciH1qtj7mP5GK,1991-03-12,268426,85,2020-10-17T23:49:45Z,False
4tXr9v3K7nWW1aebWqR1B7,Anybody Seen My Baby? - Remastered 2009,The Rolling Stones,22bE4uQ6baNwSHPVcDxLCe,Bridges To Babylon (Remastered),6lbQFxYqubkf4GbEtXARE7,1997-09-29,271160,61,2020-10-17T20:52:30Z,False
22sLuJYcvZOSoLLRYev1s5,Material Girl,Madonna,6tbjWDEIzxoDsBA1FuhfPW,Celebration (double disc version),43lok9zd7BW5CoYkXZs7S0,2009-09-18,240280,71,2020-10-17T20:34:12Z,False
4EgHY4558DhL6BoTqmSIOH,Boreal - Original Mix,Shall Ocin,6OP6u8D2Icl5qmrCbyTY7M,Stay Here,6SgecOd53jipM1UyQI7aRr,2019-03-15,359546,0,2020-10-17T19:11:34Z,False
27VwsDL2mAveZzILCY9e8N,Human,"Gui Boratto, Robert Babicz",27LGatz1m8aJ7ZaVVWEphc,Human EP,77SgoQ8FnoPpNkquUrgxE9,2019-05-24,367029,15,2020-10-12T12:26:20Z,False
4yUXJSrxSBY885JFdBijk8,Darkflower - Fever Mix,Robert Babicz,5XFQLyJekhzCO7PiTqboOB,Immortal Changes,7yuJEojQ2uk4iUUtSFdkrd,2010-03-26,459519,24,2020-10-11T22:19:13Z,False
34ZLVo5BSTwvUs2INNmwnZ,Ignition,Einmusik,1LXTXZjheh25pXMEUT9iC1,Ignition,5mjMMPcdAu0EMK4ZqaP2W7,2020-05-22,437540,0,2020-10-11T22:15:27Z,False
7k7i5YHJSLTbBSuwnWtSBn,Twist of Fate,Olivia Newton-John,4BoRxUdrcgbbq1rxJvvhg9,Stranger Things (Soundtrack from the Netflix Original Series),0CTCk1eshEadFqZ4NBfe9N,2017-10-27,217053,0,2020-10-10T04:01:33Z,False
6WK9dVrRABMkUXFLNlgWFh,Enjoy the Silence,Depeche Mode,762310PdDnwsDxAQxzQkfX,The Singles 86-98,61h3VS8XDROIpvQznjTPTT,1998-09-28,255133,74,2020-10-09T20:45:23Z,False
6By1QudqrImFqh0wB4ODD0,333,Sam Shure,51YmUpitluHsvMTXJ2rsiN,333,1eVSAAQe8SO6WimGu9cZ9A,2020-10-09,425251,3,2020-10-09T20:16:37Z,False
6F6TsdD0ijquDSjcr9lgIt,Turn Me On (feat. Nicki Minaj),"David Guetta, Nicki Minaj",1Cs0zKBU1kc0i8ypK3B9ai,Nothing but the Beat Ultimate,1fAn5gw4Q5HN8Wpx2neYd2,2011-08-24,199680,56,2020-10-06T15:02:37Z,False
0LtSc0QEFNsCttEVUhxi3q,Neuromance,Fort Romeau,5MKqWyqq5CStK7AhkTvzQF,Fantasia,29uIxgnBAojrM6NFUBasxq,2020-05-08,521157,0,2020-10-06T02:53:02Z,False
0LnxTM7mgXz2iFNDC6ARtQ,Baltzar - Butch Remix,"Kornél Kovács, Butch",0Ij7th9uWcDVYNAIOn5W22,Stockholm Marathon Remixes,0fhCROsXsxSCYWuTua54af,2019-09-20,362177,0,2020-10-06T02:45:01Z,False
5EU8zef0iJH3xc39SbynXc,Enough to Believe - Eagles & Butterflies Remix,"Bob Moses, Eagles & Butterflies",6LHsnRBUYhFyt01PdKXAF5,Battle Lines [Remixed],1rVRWqock6arU9LRN0jHgK,2019-09-05,594447,29,2020-10-06T02:34:24Z,False
60ibWDsXrZ9ryDczCnMI6e,Caryatid,Keep Shelly In Athens,15cJEqQvfVczJK2DVdY6DV,FOF10: Caryatid,56YnWJ8wZpBnHlQlVJY74N,2019-10-24,220500,0,2020-10-05T19:41:30Z,False
0nQghefyNmY9gwEndKDiKp,From Another Space,"DJ KoT, Victoria Ray",05xLhr8ZkfULULjq78UCz6,From Another Space,6rYQIKhkD5t0pOOS7bKruQ,2018-12-08,444150,1,2020-10-05T19:18:30Z,False
2oQQa2t9mRmoqBuf1LVzb3,Calma Calma,Robag Wruhme,47UDvjDVedKddLfGWk3keI,Speicher 115,3kcHDQGZkMvt772LkM6B99,2020-05-15,408068,36,2020-10-05T19:12:00Z,False
441B57xPTJTUDxMNy2zwtv,Hint of '92,"Marvin & Guy, Underspreche",6mUe67fPenWJZXz5JalmjF,Hint of '92,3p6m8ReQzJkCSzLTy1KrhP,2019-06-07,469078,0,2020-10-05T19:06:08Z,False
74rXPs2D7Ztgt6Qm6I118D,The Key to Life on Earth - TSHA Remix,"Declan McKenna, TSHA",2D4FOOOtWycb3Aw9nY5n3c,The Key to Life on Earth (TSHA Remix),6MGgscJpuzy74MdB7f13MU,2020-05-08,325205,31,2020-10-05T18:58:13Z,False
5wAIZUcI26tzkKszTvwDDp,Closest Ever,GHEIST,60pOigPjgmU7AzmZmWEQZU,Closest Ever,5hCvXt2BQJMbwkouJMwcIc,2018-07-30,558095,17,2020-10-05T13:34:50Z,False
385poZDk3lEmonwvCr5XUl,Ihr Werdet Weinen,Klangkuenstler,6H77vD9YyhyxHBTkRpbMBk,Armageddon,2PyhYUfaJ4thVA0gxrjFEj,2020-03-20,373138,42,2020-10-02T12:09:59Z,False
0VsPwEFUMG3wYjAKtbddxq,Sneaking Hotdogs into People's Pockets,Tiger Stripes,5L56gAwU2WofuHHOpLC0BU,Sneaking Hotdogs into People's Pockets,6uzj9XRlh7x6bYOkkLMcd0,2019-03-11,321720,27,2020-10-01T18:53:38Z,False
3jgpE2RhPNOD98t5PoYTrT,Warped,Joyhauser,59a1Bp0JQfL2mGnpL0lW2Y,Warped,6XCDqHX603iScKjeb9ffAG,2020-06-26,450457,28,2020-10-01T18:40:11Z,False
22bNlvnDQbYAq0Ex2sduSu,Orbital,ARTBAT,3BkRu2TGd2I1uBxZKddfg1,Orbital (15 Yrs Systematic),4ir25CX8pHmpbuhCQDXsku,2019-06-14,546341,24,2020-10-01T18:04:55Z,False
2crGg0TLNfdh0BIzHiavoJ,Common Era,Charlotte de Witte,1lJhME1ZpzsEa5M0wW6Mso,Rave On Time EP,2p6nxXPKGvEofkOLtdeBs6,2020-09-25,405534,0,2020-10-01T17:52:22Z,False
0fyY9TXp31uGsH8gdVyxWh,Silence,PaulWetz,1uaDw0T6O916Kv8TxJsQzb,Silence,24xxhhrjvaAIeXgklt3zha,2019-07-12,258500,34,2020-09-26T13:58:46Z,False
4F9SgvPLsxFLVhJiyBb6Ae,Dark Aster,Hunter/Game,2EpNqFMVXOEGaliyKnZzDt,Unity,0HrDrQPhOBR04RKmY7DCJj,2020-04-03,320236,0,2020-09-26T13:49:06Z,False
64qqAndEvEwOcGlOYZnwqf,Sunglasses at Night,Corey Hart,0smy8yDrRoI4CnhpOuthg0,Stranger Things (Soundtrack from the Netflix Original Series),0CTCk1eshEadFqZ4NBfe9N,2017-10-27,233773,0,2020-09-22T18:34:56Z,False
0aKwL27ihyHJrmfAYKqB84,The Space Between Us - Original Mix,"Dominik Eulberg, Gabriel Ananda",44zcDDVZOY0ck7KECNUPK1,The Space Between Us,5mQIxpRBtA65AVciyiFlDG,2013-07-19,503325,40,2020-09-21T18:15:50Z,False
5A0SrIBNVIZ5o04VB59SWK,Never Back Down,Anatoly Boardman,5NnWgcsWQd4c4OmrW3nEQI,Never Back Down,0k88uVTz5V5UTy8pSV6DsC,2020-08-07,182438,0,2020-09-21T14:07:53Z,False
5DGsHMStyvLxUcPgAYHfLK,Vortex - Krystal Klear Remix,"Rex The Dog, Krystal Klear",5zbQoW1WWTzvITE8w4ckoC,Vortex - Krystal Klear Remix,4sPha2Qe6cLpmOg4FZV23T,2020-09-04,480168,7,2020-09-21T13:59:20Z,False
5esTnUp3cLgKsU2Etci2Ao,Ordinary - Lake People's Circle Motive Remix,Kollektiv Turmstrasse,1oXiuCd5F0DcnmXH5KaM6N,Ordinary,3dWqD6pjAcJmMwYflzbykp,2012-08-27,499282,48,2020-09-21T13:23:02Z,False
3K8TAJPGF06oDH9fV4YLNN,Paris Is For Lovers (My Love) feat. Tomas Høffding,"Terranova, Tomas Høffding",5ZrGK55yglfGEOvnB2japP,Hotel Amour,2SLPxtJzilcx5HsaMPPy78,2012-02-13,437373,37,2020-09-21T06:05:25Z,False
3xaYNulG8k2OZaAOpPbvbu,Doubts,Stephan Jolk,7w0ddx9rFndvpiqO1VOxJM,Unity,0HrDrQPhOBR04RKmY7DCJj,2020-04-03,340830,0,2020-09-19T19:17:10Z,False
2T9Lfn37asJ5Y4z1xJ9jj3,The Apl Song,Black Eyed Peas,1yxSLGMDHlW21z4YXirZDS,Elephunk,4jOESXHbPsfy1IYdyvwjYI,2003-01-01,174906,0,2020-09-16T22:14:28Z,False
7bbKq4vBslCHu8Ug1e1spO,Midnight Magic,"Layton Giordani, Bart Skils",7mC3RkNNTV6p2j9w4F8Ip4,New Generation,0fZK8oaJ5wnZZnBHBF0YHb,2020-09-14,263333,0,2020-09-16T20:14:58Z,False
6hjijDFct3dzg2gfxekETy,New Generation,Layton Giordani,7mC3RkNNTV6p2j9w4F8Ip4,New Generation,0fZK8oaJ5wnZZnBHBF0YHb,2020-09-14,284307,0,2020-09-16T19:19:58Z,False
7lu6YLrlB1MU7HW8DJSuPa,At The Door,The Strokes,0epOFNiUfyON9EYx7Tpr6V,The New Abnormal,2xkZV2Hl1Omi8rk2D7t5lN,2020-04-10,310373,59,2020-09-16T16:34:21Z,False
1BLOVHYYlH4JUHQGcpt75R,Ode To The Mets,The Strokes,0epOFNiUfyON9EYx7Tpr6V,The New Abnormal,2xkZV2Hl1Omi8rk2D7t5lN,2020-04-10,351786,70,2020-09-16T16:28:30Z,True
1lbXEepatjRVjoG8pZMtdp,Dreams,Fleetwood Mac,08GQAI4eElDnROBrJRGE0X,Greatest Hits,0LfM3PGkXE6KvJEE1HkOnz,1988-11-21,254453,66,2020-09-15T14:34:15Z,False
64b4imBQGVBSnv1tcnRr0e,Ultimate Seduction - Original Mix,Sept,1pteEYBBIJjSjZlgkvGjAz,Ultimate Seduction,34meQtuvVZD29a1GGmMVYS,2020-05-22,349800,0,2020-09-11T21:18:47Z,False
26kGpG63sjw8gvJJEUHN2y,Escape Artist,Otto Tito,64Tm1Kefep6fBn0bFZAtWj,Escape Artist,0MMrY2Tuhh35mk6WYEWRhp,2020-06-08,365416,5,2020-09-11T16:13:51Z,False
0Py0wDeEgTQJp2QC706sxd,Rave Instructor,DLV,7AkaRihy2hr1tjUXsjYK9x,Rave Instructor,3sm1Nn363G3hG2Io8QszgD,2020-07-24,344531,32,2020-09-11T16:08:45Z,False
7kBAvb6HSxMoeaOoQ5kYYl,Infinity - Original Mix,Alignment,4eFbq5PZgW7YbtA65PP4wS,Infinity,07o1VOp7PzqIEXDXDdq6rN,2019-10-04,315200,0,2020-09-11T16:03:41Z,False
727SCCXFpgIU9nYtS4OqgD,Borax - Oliver Koletzki Rework,"Mike Tohr, Amari (BE), Oliver Koletzki",1CA9TqR5efbt6FOxakWJB7,Oliver's Hands On EP,3k2a4Ed0BqFszLD9giacnl,2020-09-11,410803,17,2020-09-11T13:12:23Z,False
6ZIT7Isugjflmm3TDIkgji,So Hot - Original Mix,Funky Fat,1wh0HH0SbSIRIqOZkleaZm,Ride in the city,7gAmzNDhZHavmemlK2UaKU,2014-05-19,404548,0,2020-09-08T12:31:45Z,False
0GOxBVl062KmJt4Spnvjuu,Resolve,Colyn,5vr1GvUstxr6nwxniKqLOh,Resolve,1D3Ix43zZ61laz8ww0MFZ3,2019-08-30,442827,0,2020-09-07T20:56:18Z,False
6gvhHHTZuQfcKdrwrqEL5I,Enter the Stratosphere,Layton Giordani,7mC3RkNNTV6p2j9w4F8Ip4,Phase II,29eWVNArvswCUlbQm6itmv,2018-12-10,403526,0,2020-09-07T20:26:44Z,False
1jkfW6ZrEK5cBOE7OS9gv2,Good Violence,Layton Giordani,7mC3RkNNTV6p2j9w4F8Ip4,Where It Begins,7GeQYx6rwDCCVBkxjShWE2,2017-03-13,476287,0,2020-09-07T20:12:04Z,False
68UW3plyDDNg1dkNIZRezJ,Tinted Eyes,"DVBBS, blackbear, 24kGoldn",5X4LWwbUFNzPkEas04uU82,Tinted Eyes,63qrRZqzJKieNXIbN2Uvkx,2020-06-05,175081,0,2020-09-06T04:02:11Z,False
03DUANiFp4s6wMRfrbEeNk,The White Queen,Adi Dassler,7nvjwQyBwAaJrzc2Zq3OYK,Bella Mar 07,3tPn9u3v5izlQt2jEWhvNs,2020-07-31,398644,0,2020-09-04T16:54:30Z,False
5tLvVku5CuJQahuywJHpHn,The Way (Instrumental),Zack Hemsey,2Eg0o1Mok66akOkuOiGdEv,The Way (Bonus Disk),2bvJWz87hBWGiq10k2uN4W,2011-10-03,424848,0,2020-09-02T12:45:43Z,False
1x6JcuNsTk2jv6CszQqyC9,Take My Hand,Daniel Bortz,23B2qxOv4x5uzlyhfEuNQi,Take My Hand,5u0MC9Oaw6oahrK8OYgKiM,2019-12-27,383750,16,2020-09-01T13:12:43Z,False
09FhTsmePmERV5mWBpYBOH,"Please, Stay",Matthieu Faubourg,06H83NVSKFktt0x1opb3OD,Fair,52KuMdJPXIvwWNN17uYt4E,2017-02-17,605000,36,2020-09-01T13:05:50Z,False
1S7HLlLIKZ9jxi70qERuEn,It's Only - DJ Koze Remix,Matthew Herbert,0zdn1nNmOZXHZ9K28FvcFp,Blue Lagoon Soundtrack 3 by Margeir,1trdml68YXExQ9I3EB2dVx,2014-06-16,463160,0,2020-09-01T04:11:31Z,False
3rCtueI7qBN2kZBZnXuk5K,Linked,Bonobo,0cmWgDlu9CwTgxPhf403hb,Linked,6Eb3lH04iEMK0YJ8gk01MR,2019-07-01,369461,49,2020-09-01T02:42:26Z,False
2LOFNdt3yxKgx72gtArYut,Orchid (Inspired by 'The Outlaw Ocean' a book by Ian Urbina),"Rinzen, Ian Urbina",0kYFb6blNbeBAHaQqyURgI,Orchid (Inspired by 'The Outlaw Ocean' a book by Ian Urbina),0XXk4k7kE8BvsBOFnlTZW7,2020-08-07,258536,0,2020-09-01T02:36:23Z,False
3bUNyRrTFJDd4mqvUcb1Aa,Born Slippy (Nuxx) - Radio Edit,Underworld,1PXHzxRDiLnjqNrRn2Xbsa,Born Slippy (Nuxx) [Radio Edit],6p7gQ5S39dLxMvyqqnP9Qd,1995-01-01,264187,63,2020-08-31T11:56:56Z,False
2FFLbatfnMqIbIgZnTK1nB,Nothing to Lose - Oliver Koletzki Remix,"Giorgia Angiuli, Oliver Koletzki",4iHnLagnnmgiIwMSm1wuTq,In a Pink Bubble Remixed,03ex4kMOWVXYEshjRwuPo7,2019-07-26,411255,16,2020-08-30T01:22:27Z,False
2kf4dju8frqCzKbwKW1lnW,Sleepless Nights,Cristoph,532SqCIYmJyXEdEiCJLgYG,"Consequence of Society, Vol. X",1mXMsbA0JHpRjY6M1I1J5a,2020-02-17,437463,0,2020-08-30T01:09:30Z,False
6j0ao2DgHem5dpnGeHwufi,Walking Away,Mind Against,48LWLoeY0dhwaiX1FRsn72,Walking Away,7dEfqz2vpf9b77Lx4e4FkR,2020-03-13,425906,0,2020-08-30T01:03:52Z,False
42DrQ0vbP0U4CZWBgJhefw,Human Failure - Aves Volare Remix,"Joe Fisher, Aves Volare",2Xb3eFPBkGd3W7GnwKPE4g,Fishing Box V,7hsAFlOCmGn9xCsMIn9tkn,2020-01-09,453540,9,2020-08-29T17:50:28Z,False
4kPses4iniq8DoqKHWHtFG,The Granulator,"Rob Hes, Duss",3x7ReRfnt4LPXsEYxgsbgu,The Granulator,0mX1AlRZd6g3FOL7kBqaQF,2018-12-14,433548,11,2020-08-29T17:42:43Z,False
2LJFyZegquP5reY4Qi0egR,Last Step,Ramon Tapia,5BFl4h5TXYSSJsCteTX3s1,Last Step,6XWhttNgTS13vXLKnZn0BC,2019-12-06,456774,30,2020-08-29T17:35:17Z,False
5o51kWHj1mZEmyInUzdSsO,One Word,"Oliver Koletzki, Erich Lesovsky",1WjBIvYAnZTkTh5UiZNwlR,Oliver Koletzki presents Stil vor Talent 100,34C5Jdy7SPXuRBCeLtStjI,2013-05-24,492064,3,2020-08-29T14:37:13Z,False
01T9XQEBbU4HJodbfYFt2z,Relevee - Carl Craig Remix / Slam Rework,"Delia Gonzalez, Gavin Russom",45PgDpNWsI7nko36stpj29,Soma500 (Slam Remixes),7ECwn2qIiG7UJwVN2ic3ss,2017-09-01,475105,15,2020-08-27T19:31:26Z,False
3V9lrltfMysph2SJUks5Ht,Birds of Paradiso,Manuel Darquart,0mumYdYeqKkr99t3iDEHGS,All Back To: Jungle,5x8fi3qqHSWacxluhUNqW1,2019-10-18,448000,11,2020-08-27T19:27:29Z,False
5noQJkpVfHt2D4df2GXieV,The Reeling,Passion Pit,7gjAu1qr5C2grXeQFFOGeh,Manners,6H51jH1SuzV6ca1VxW2Tmv,2009,287906,53,2020-08-23T18:46:18Z,False
54W6gOLdyv0LEwqLXY0tLA,Kore,Boy Next Door,4i3d0rmYNpFqKYPk2437Qr,"15 Years Stil vor Talent, Part 1",4W9nMMfxhYdKpIswm5cAay,2020-08-14,460801,1,2020-08-18T03:52:37Z,False
3hA6TIMx12ERRQI1l3pVLK,Finally - Max Tresher Remix,Annett Gapstream,1aRB0SZZ28qswBQ037uYvD,"15 Years Stil vor Talent, Part 1",4W9nMMfxhYdKpIswm5cAay,2020-08-14,393432,6,2020-08-18T03:52:01Z,False
7KTfBHtAbkl8SSgdAuLyNs,Maybe Not - Live In Munich,Jan Blomqvist,5wMlMjOLeJfS5DfxqGfm83,Maybe Not (Live In Munich),7JO2aclEeqpiUcYUbXH9ms,2020-08-13,413832,3,2020-08-15T17:38:32Z,False
6DetvocRqx9ELX2aKmwj3g,How I Feel,"Martin Ikin, Hayley May",7DhdJhd6DrxeJlUajwttd1,How I Feel,2up8F1d6qw1c0vLaEex2dD,2019-07-12,189875,46,2020-08-15T17:01:11Z,False
5JBmynzG2GeDSmOCNd8C9T,Blind,Ben Hemsley,366L4EjZXBPYbHs9XDQILZ,Blind,59f3OjCUGKrfkQYwYRiuFi,2020-08-14,200314,0,2020-08-15T16:54:29Z,False
7C4q3iDYe1EwGAgXUKKtwU,Sexotheque,La Roux,3K2zB87GZv1krx031en5VA,Trouble In Paradise,5RDoYTf4YYNQby1ECCwR2C,2014-01-01,258946,51,2020-08-15T16:45:29Z,False
7egu63DOhNpivWOpGtzqGS,Lamb's Wool,Foster The People,7gP3bB2nilZXLfPHJhMdvc,Lamb's Wool,7lDB1EJc0c7wbH7j687S3a,2020-05-22,276360,57,2020-08-15T16:39:47Z,False
5guXwK8ut6xYlAjyy8IFW0,Let Me Finish,Drowners,6DcWdela2CbJGCyCZzY8tE,Drowners,1bnDiXlCtO8vrHC2UhqUYu,2014-01-28,151026,16,2020-08-15T16:34:45Z,False
6CDzDgIUqeDY5g8ujExx2f,Heat Waves,Glass Animals,4yvcSjfu4PC0CYQyLy4wSq,Heat Waves,69K1zrf6TkXHdYUO8n2qVi,2020-06-29,238805,7,2020-08-10T17:47:47Z,False
47fdWF1OF0tGhU1ogh6a8l,IMYSB,Qrion,0bGDTQ78MVgI5Snqo9KJZw,GAF 2,1krUK4F4wQ0O91zRDuQ3YA,2018-09-28,392000,11,2020-08-09T14:03:22Z,False
2Xo9aFhTys64zcIdh7F6Tp,Everyday - Qrion Remix,"Trivecta, Rico & Miella, Qrion",4AT7XlLBevgZIiKvZQ83ye,Everyday EP (Remixes),1dCWPzznU7F0QAVWjFfLvo,2020-07-10,402486,0,2020-08-09T13:55:16Z,False
2L1t4pbfukHd4tPPm69BsD,B4 Montreal,Qrion,0bGDTQ78MVgI5Snqo9KJZw,B4 Montreal (TSHA Remix),3uSvf7RfAPJXZeNjouxkyf,2020-03-31,280482,3,2020-08-09T13:40:17Z,False
2WlnczYDjRaMZNZCrCuxxo,Outro,Qrion,0bGDTQ78MVgI5Snqo9KJZw,Sine Wave Party EP,03ZLi3ZFad1jYhw8eq35qm,2019-11-26,264473,20,2020-08-09T13:06:40Z,False
74yuEXpdFx6UhOAOyTyPZN,Holding On - Qrion Remix,"Dugong Jr, Austen, Qrion",5CJyoIE9kMfWbFbdVk721i,Holding On (Qrion Remix),3JybfiLDB9jn0u7Yv4gZdr,2019-03-19,289715,21,2020-08-06T13:59:22Z,False
6QWNLZxImCJqqXAxIiEHIi,Gold Skies,"Sander van Doorn, Martin Garrix, DVBBS, Aleesia",22bukBZvUppuwQwmDz75Gz,Gold Skies,155NNvqxBzpUvXSzHLRj2Y,2014-10-06,328200,0,2020-08-04T05:58:05Z,False
3E7ZwUMJFqpsDOJzEkBrQ7,Can't Get You out of My Head,Kylie Minogue,4RVnAU35WRWra6OZ3CbbMA,Fever,4WzTXHp8bVKkKNu3UQ2Fqu,2001-10-01,230640,80,2020-08-03T19:38:14Z,False
1GctWYolAuSXxxT47K8j9o,Shine,Tim Engelhardt,74HdscE6G74tt01dbVZULE,Shine,6le67eBT3sBPJOmPp35rAV,2020-07-31,399354,3,2020-08-01T05:52:16Z,False
6jYXP1jrYIHkEYglFgeL2Q,Home,"Adriatique, Marino Canal, Delhia De France",02DWGcShQivFepRvGJ7xhB,Home,146ZQxIBQIyEOA2oCLGD1c,2020-05-29,330500,60,2020-08-01T04:48:52Z,False
6Uv0QLfMnAteF6KT0Fltbn,Rigid - Kobosil 44 Rush Mix,"Rosa Anschütz, Kobosil",1kjoxeQwJmoCfXT6j58MTm,Rr4,7Cpue8LqnmJi8wml74GLeA,2019-08-30,412920,1,2020-08-01T04:34:04Z,False
1YgsNnNKumUzrN7miPzQME,Can't Get Better Than This - Radio Edit,Parachute Youth,7y5xCKz1V2iSh1YsOLyOPH,Can't Get Better Than This,4W2t6o85nqMpZScCI8tlaH,2012-01-28,213750,46,2020-07-30T14:02:22Z,False
0Psz3az3RIYfJpnsajBT8N,Nanã,Polo & Pan,45yEuthJ9yq1rNXAOpBnqM,Caravelle,0SuFqlCe5i30Fr75ZlPQVT,2017-05-19,190826,62,2020-07-28T13:34:07Z,False
4y78bEIRTzNe2RbGAnX8zU,My Life,"ZHU, Tame Impala",28j8lBWDdDSHSSt5oPlsX2,RINGOS DESERT,1Cw2ULAWbEnGz9301uL9BL,2018-09-07,294351,53,2020-07-28T04:55:05Z,False
2NZJKUPIGfJqLAzONNr4gv,Kill Me Slow,"David Guetta, MORTEN",1Cs0zKBU1kc0i8ypK3B9ai,New Rave,0fKU8zzmBjXNAJp5Uo2dml,2020-07-17,208095,59,2020-07-24T21:41:25Z,False
3lkIfY7j5Lv5aRtnDubC2B,Un Prophète,Impérieux,1H44pbKMHDVSQcYW4joyLK,Vom Menschen,4oFW7sqCmTGeGQwJdPgYhV,2017-02-07,520336,7,2020-07-22T04:12:21Z,False
2uriNfddYGLCbxeqC14Oxk,Feed The Rhythm,Client Liaison,5TjlxSJvfrD5I2PWaEh4jZ,Client Liaison,0xCqrLxleyOGTv1mV9NddV,2014-12-02,280000,0,2020-07-20T00:21:57Z,False
0DVxWV6V1nWa7Ml68Frd3D,Movies,Alien Ant Farm,6TZdvF1kFzwnQLgHQynzsO,Anthology,5klPnHQ5dy6Qm2Ul7h1lp5,2001-01-01,195706,60,2020-07-13T16:36:21Z,False
3JG2Du9zu34cxWDTytS2sI,Sunset,Matteo Bruscagin,7qBrvn6RkNwxEbxff6hsCP,Rain Before Sunset EP,2x6jbT42pB7jvdqc7wIIAm,2020-06-12,328533,0,2020-07-11T03:03:04Z,False
4vCDiS7yK3WHOsGeLYvclV,The Light,Metronomy,54QMjE4toDfiCryzYWCpXX,The Light,3mn8z6hEn0eSYdTjmyrHEv,2020-07-03,272973,14,2020-07-04T04:06:56Z,False
2ae8Zir5qhtyjzlnqtJzX4,For a Feeling (feat. RHODES) - Layton Giordani Remix,"CamelPhat, ARTBAT, Layton Giordani, RHODES",240wlM8vDrf6S4zCyzGj2W,For a Feeling (feat. RHODES) [Layton Giordani Remix],0yHBN7E9bGRdOqHVP0dKhQ,2020-06-12,484218,40,2020-07-02T05:30:24Z,False
1NXlotmKyGHgoW0HSkn4bS,Moments - CamelPhat Extended Remix,"Kidnap, Leo Stannard, CamelPhat",3PvqCbhNlq96JXxPszCMZT,Grow (The Remixes),3dOltzM79aOC0iyFpxoZ9B,2020-06-19,520875,28,2020-07-01T17:55:18Z,False
2D0dj3hVkRQJCp63cxCPEx,Stunnin' (feat. Harm Franklin),"Curtis Waters, Harm Franklin",2JbE7jUIGtpXSzytnyMg6U,Stunnin' (feat. Harm Franklin),0ZC4lUnfcEFekGFELwHjZZ,2020-05-19,144000,1,2020-06-30T21:37:54Z,True
2MuswymkgHNvRQzLzwB4G3,Izakaya,Kalaido,5LXHT7v9uYGrsyEnL9q9K8,Izakaya,0owlYDFDkYTPhvALDvpUIH,2020-04-16,184927,34,2020-06-30T05:53:27Z,False
5kA2Odk6G20Ik5DCTVpC2R,Feel Good,Giolì & Assia,6mM9a86Nrw0y7f9MaJGbpU,Feel Good,6I8Q27MjoRGR9rf5WnMKwE,2019-04-12,218880,32,2020-06-27T23:59:56Z,False
7vgiGtKJ0uHroj1iyZwXuH,JPEG,Digitalism,2fBURuq7FrlH6z5F92mpOl,JPEG,1sHkNBY1Uy6H34UI6815jQ,2019-12-06,171866,38,2020-06-27T14:20:37Z,False
6zKdsZELsyx6lJpL0mmhuI,Winter,eyeroze,21owPh4qENmViXFjVkvJdd,I Gotta Love You,5B1iWa73wTO8XKl8cT0jLZ,2020-05-29,221586,0,2020-06-27T14:08:33Z,False
6D6tWIGq3KZ1DEQi4kvOYl,Anyway (I'm With You),Miguel Campbell,4uZJDUKi3NXQsuMKP3rOeC,Models Girls And Stars,6vQNG2TKOBdbgd8taXaAv1,2020-06-05,271475,0,2020-06-26T20:16:33Z,False
2HBgGjP4FsTxZK3uJ0ulEl,I'll Miss Her Stories,Shitty Guy,5ecVnHJsqZFEpNkcafINlN,No One Is Gonna Love You,3KcmPI1OCTX0eOeoU4i79P,2020-03-06,135366,7,2020-06-26T04:26:07Z,False
0aWbElueMlnjKiSH9pHpng,Midnight Meetings,"greenface, Stuffed Tomato",2aTEuIyczpLxQw9I0UiEFL,Thread of Life,6BLVxFXKZkfbWChpewNyZy,2020-03-10,162857,0,2020-06-26T04:17:55Z,False
7q3qX7Ees3FZtRFJXWgPZs,It's Raining Men,Geri Halliwell,5orH1OWgjAYUX8sZ5gihTv,Scream If You Wanna Go Faster,2sgOJkKcXuxEqXW26W3sQf,2001-05-14,254640,60,2020-06-24T06:57:42Z,False
6QXlH3zG3hHcSWygvI0uhr,Out of touch - Radio Edit - I Love You So Much Vocal,Uniting Nations,6EK2381dTQEvcn3KrnMOWQ,Out of touch,5vW45MM93U8FOQKDREnv9H,2005,209946,0,2020-06-24T06:43:50Z,False
2moCpTCCi83eCQwuovZgI5,U Wanna Little of This - WAWA Radio Edit,"Ricki-Lee, Wawa",07lgEPGfoA4Lqos6YGYPDU,U Wanna Little Of This,6qAlNkFqCfD6kLwPjJRCvK,2008-05-16,163200,14,2020-06-24T06:09:51Z,False
3fZTD8N43iVkC06CGU7qTL,UNITED,"Giorgia Angiuli, CIOZ",4iHnLagnnmgiIwMSm1wuTq,UNITED,76yJDfWKwDGqqWJQACNwmV,2020-05-29,361967,6,2020-06-19T14:52:30Z,False
18q8JBkyFztoUMYCpBKdlb,Bound to Be Something Good,The Crystal Casino Band,1ZOITEwKW2JCm6HDS96hwF,Bound to Be Something Good,0h4gW0p5CwdIfdCgj4djF1,2018-07-16,245538,19,2020-06-19T04:05:27Z,False
1XXa4K7p0q5990twdZEx6C,6 Feet Away,Chromeo,2mV8aJphiSHYJf43DxL7Gt,Quarantine Casanova,5mdkqTHEmp4RvBVU8hZZCy,2020-06-12,203560,18,2020-06-17T22:47:13Z,False
6xB7E0HOWznwiO0v56mqwD,Find Me,"Sigma, Birdy",01pKrlgPJhm5dB4lneYAqS,Find Me,07OMuzLQaQYDtWwFthy1Bg,2016-11-04,204444,48,2020-06-16T05:38:55Z,False
0irQRf0rsfuQTTkGXB2csl,Our Destiny,Klanglos,1jV311C5ADuBqCPpprsjUp,Our Destiny,1ZrEv1LhZ8D5ZlnMhRYanF,2020-06-01,480000,8,2020-06-15T14:24:18Z,False
43ra6sCSWB4vttGezXhGG3,Rain,"Matteo Bruscagin, Angelmoon, Visnadi, Danny Losito",7qBrvn6RkNwxEbxff6hsCP,Rain Before Sunset EP,2x6jbT42pB7jvdqc7wIIAm,2020-06-12,318610,0,2020-06-15T13:57:32Z,False
1pIBxvFjjnp7tAKOTwA0Az,Steps,Jeremy Olander,5vdjF79d5d2m12FOkJhxHB,Steps,0uin82gWKieM4DTE77Ayrk,2020-06-05,358095,0,2020-06-15T13:40:18Z,False
4JnkXaluAkzeFASpfdLAI7,Analogy,Stephan Jolk,7w0ddx9rFndvpiqO1VOxJM,Analogy,6NCPw0aT0ESMtJtVwaIKEt,2020-05-29,400427,0,2020-06-15T12:45:24Z,False
5uILRmyLHrXnYNHjgCiWrR,One,Felix Raphael,4nknUpUYu4baxWwkunq81Z,Shining One,57jQZUZfyeO9K3lac6K1WX,2020-06-12,433703,0,2020-06-14T05:26:56Z,False
0U3Y50k6J57a03jcB68Bp8,Relinquished - ALMA Remix,"Definition, ALMA (GER)",7KT19dObRj1T5OgnyQFm4C,Hold EP,552SzdFozZODcq84uhreUD,2020-06-12,384202,4,2020-06-14T05:17:19Z,False
03gvTVdvlQINg67PByMucq,Amadeus,Belocca,3jcvzSheHd14vjraXHLGPN,Amadeus EP,6xTcMYs3zbc8n7rG9F02WC,2020-06-12,450764,10,2020-06-14T04:02:03Z,False
7M0fsXo6rpXOKkveYooBob,Goodbye,Apparat,40Ojab0UtVQFjA76qXr8Ot,The Devil's Walk,3LDLJX6JTDZvcCdkK7JQit,2011,256786,0,2020-06-13T20:28:45Z,False
5f73EH8020u0znMDJUYTMj,Me And The Devil,Soap&Skin,2mAYpnSe3g2Y22JcZ2ddku,Sugarbread,4j96ghzFr5U0NUAG5Hkewh,2013-03-11,185000,0,2020-06-13T17:57:24Z,False
4LXXrj9TPsknzUDtNvDnrS,Lost,Francesca Monte,3dNj5EyhS5nt43qvEYcCNY,Alièn,21RaEhSiSVSzLXrafvX7Bc,2020-03-22,202443,1,2020-06-13T17:47:27Z,False
5TXAySV8WBjAIMg3lPDCLN,Shout,Tears For Fears,4bthk9UfsYUYdcFyqxmSUU,Songs From The Big Chair (Deluxe),00EZ3edHfcpcHJpRl3QcQX,1985-02-25,392675,0,2020-06-13T16:34:06Z,False
11tze8SQmwZ5RIlx5E1ajw,Hummingbird,Cocoon,15h5B5quwDm2C1rhbtvUPD,My Friends All Died in a Plane Crash,4oWpaJ9K4QXSrtjvHBwGsg,2007-10-29,207346,40,2020-06-12T14:29:39Z,False
40LGKU0kbnbx4NXEMhTTXT,Sway,The Kooks,1GLtl8uqKmnyCWxHmw9tL4,Konk,37he52Ye10gETvnot9bC2t,2008-01-01,216880,54,2020-06-12T02:41:04Z,False
6Z1yGU0zcUdlq2pwMGExxc,Venere - Fideles Remix,"BOg, GHEIST, Fideles",7FldCwBXVtA0TFbqxvaKZY,Venere,7LzrIgEiPN4JgGrpqfHV2S,2019-07-08,556752,33,2020-06-11T23:44:59Z,False
0BckJ6ungkyoq6NS5RdEed,Eclipse - Edu Imbernon Remix,"Soma Soul, Ed Begley, Edu Imbernon",2v1lMR0JYh6wjKxIfWwtXa,Eclipse,1EexCKEMJnjrZZi21uyd4Q,2019-11-08,517684,0,2020-06-11T05:15:49Z,False
0j36CNxT4hpel4SwkndMor,Miracle Aligner,The Last Shadow Puppets,2Z7UcsdweVlRbAk5wH5fsf,Everything You've Come To Expect,0vMqm7WSIXBWsiYrulKiCc,2016-04-01,245733,0,2020-06-09T04:03:59Z,False
3jTVk3yYzJ1QMkymFjIjid,Valentine,Kupla,7daSp9zXk1dmqNxwKFkL35,Kingdom in Blue,4n4VJqnZTaPg41iDIakpmE,2020-02-29,231529,0,2020-06-07T19:01:50Z,False
6qOxF7JKKNegcuocn14ukr,Things We Lost In The Fire,Bastille,7EQ0qTo7fWT7DPxmxtSYEc,All This Bad Blood,5G6oMu9zNW2acdV0lqzI3L,2013-01-01,240746,59,2020-05-28T03:18:17Z,False
6fx1fKIs5e0pBL5FpdC7RB,MakeDamnSure,Taking Back Sunday,24XtlMhEMNdi822vi0MhY1,Louder Now (Deluxe Edition),5yOQu7Ykcb7rlH6zt5jvL8,2006-04-25,208280,1,2020-05-26T00:26:20Z,False
1s37NcntsTnvtgxoYMOq2n,Warm Disco,"Lee Foss, Anabel Englund",44T94QQEc60Jf7kqGY6Rip,Warm Disco,5GKhB4gABGpsXSBXYnvNFv,2020-05-22,246967,0,2020-05-23T23:43:24Z,False
2rQqJPrPnA2U0EUx9qHLdf,Prison Planet,"Pleasurekraft, The YellowHeads",4ipS3ZbqP46bs124yqp9N4,Pleasurekraft presents: Binaries,5JST2mn1LZG6aCArcq09af,2019-11-01,454750,0,2020-05-23T23:37:55Z,False
65avt9HtCTofE3r4sYGs48,Time,Alignment,4eFbq5PZgW7YbtA65PP4wS,Time EP,76xInTfCMOwmZNKX7JdrkS,2020-04-17,363889,0,2020-05-22T22:05:55Z,False
5szJ8SMwQVEvvdk65w6M6g,California Uber Alles,Dead Kennedys,30U8fYtiNpeA5KH6H87QUV,Give Me Convenience or Give Me Death,5Xv8PCJ7ZMmRd3jXnJqg3V,1987-12-21,207040,0,2020-05-12T19:30:19Z,False
37TmjR8M8jWOCZp9YqHJkB,Be Mine Tonight,"Breakbot, Delafleur",0iui2Be5CP8EWxvHYsVspL,Be Mine Tonight,6QfbCqUEbhG3L4dXBOS3JN,2020-03-13,170466,42,2020-05-12T17:21:37Z,False
3lgoGEEfJNcRBBPKjFFPl8,The Blame Game,"HVOB, Winston Marshall",6RAx8RRxoHeJIqD2d0EjOa,Silk,59WGA6B0FTOFv8RYL8ZXlT,2017-03-24,354393,36,2020-05-12T06:04:12Z,False
6DuTXPpowLA1vk8fzqaLtB,Nothing Around Us,"Mathame, Lyke",6QSwQEz8CDMg8Rqk8dEkxS,Nothing Around Us,3S8eBDaNXOgauG0Rtco6Kj,2018-09-07,345600,0,2020-05-12T05:23:20Z,False
1SMrPiOamNQAkCfI1IFojc,Mexicana En Lelé,Le Gang,5LfHq4hpcssPXfBhIOgoOV,Mexicana En Lelé,1uQB6P4rNZob1Z3UkPxf9B,2019-06-28,168000,0,2020-05-11T05:49:50Z,False
7E8ub9tLrRVmgcFM8YaGGr,Zdarmania - Dizaro Remix,"Niwel, Dizaro",0cVGrRvml0zvR3G6GoG1TN,Zdarmania (The Remixes),1DBdWStjmJBOC8guSwiqBh,2020-05-01,188000,1,2020-05-11T05:49:19Z,False
49bOasbGve41kV4CM982rv,Bergschrund,"DJ Shadow, Nils Frahm",5CE2IfdYZEQGIDsfiRm8SI,The Mountain Will Fall,7jE9YhIA7xpxuTFGRDW6pB,2016-06-24,250542,0,2020-05-04T14:11:46Z,False
2WpflzU7NEgkJd3dZPGw8Y,My Mind Is The Weapon (Topic 1),Hawk House,0ot8XpQrZOe4nHZ6EMJHJ9,A Handshake To The Brain,13nel2sv4uGInxb1qlds78,2014-01-01,289832,13,2020-05-04T14:10:37Z,False
4d1nARrbVO8nQ6463It0LQ,About Us - Original Mix,"Helen&Boys, Miss Monique",1gGGprY6HTR6kOcuwUlaEX,About Us,5Ch8lUSeA3MM0PoWrs5Eea,2019-09-06,241951,35,2020-04-29T01:34:14Z,False
33NysMbc4naLtmQyODcZxo,Together,The xx,3iOvXCl6edW5Um0fXEBRXy,Fiction,4fUxANSrGWQlRtF2kpxo6g,2013-07-15,325968,0,2020-04-27T21:30:19Z,False
7pmhgnNyt4NDVAyJQJf7sV,Grains,Reset Robot,7hmPLllWGkE1X101Wv4vb3,"A-Sides, Vol. 9",5n2spry2tLtZCJaoKM4vjP,2020-04-20,417237,0,2020-04-26T15:50:01Z,False
3T6zu9vlpyVh8j6VMcuExZ,When We Break,Total Giovanni,4ULIhLE7QOtxj1MVzJf1D1,When We Break,0NzFxJSepuEN2h3pWGqatq,2015-05-11,284327,0,2020-04-25T04:29:43Z,False
2Zl7BFy5LjDaW5tFG3Bv0D,Never Look Back - Edit,Boris Brejcha,6caPJFLv1wesmM7gwK1ACy,Never Look Back (Edit),1AyGY6MckyHXmoPYaiMLg7,2019-10-18,205440,0,2020-04-21T14:14:11Z,False
5esZWlW1SijQtw30OcWyUs,Space Diver,Boris Brejcha,6caPJFLv1wesmM7gwK1ACy,Space Diver,72sntBYmP6mGdt42zHmGIZ,2020-01-24,397440,1,2020-04-21T14:00:57Z,False
1JQvug0uIzXTIgYhYd0pYB,Universal Nation - Album Mix,Push,2Xy6YLSsHR6TdBUFm5bnLR,From Beyond,6glkJSmvCxmCYOWci0xRXC,2007,472892,0,2020-04-20T13:39:49Z,False
0gCOvKjdRTOYBk1LIaRini,Anahera,"Ferry Corsten, Gouryella",2ohlvFf9PBsDELdRstPtlP,Anahera,45uwCGj0NYK41iDiwn14Gd,2015-06-29,270506,0,2020-04-20T13:34:56Z,False
38K597US0eBFtdboBfeR4z,Universal Nation - Gai Barone Remix,"Push, Gai Barone",2Xy6YLSsHR6TdBUFm5bnLR,Universal Nation - Gai Barone Remix,5u5ws3cVFJaIaEpIs9ERjO,2017-03-27,536149,10,2020-04-20T06:19:09Z,False
1WnnEB2pCkvKawM5rOivvF,The First Rebirth - Original Remastered Mix,"Franky Jones, Axel Stephenson, Jones & Stephenson",6g0B8JvJx33LO19ms0aIah,The First Rebirth,73mzFxeMIMI2gSBuueuqQF,2003,358985,53,2020-04-20T05:58:39Z,False
6jBNUlTbv3fyn5t4izsdMa,again,YUI,5WBO8UyOuJ1l7ZBqqBimpO,Green Garden Pop,5cO9hqugX8joijpHULcXZ7,2012-12-05,255213,1,2020-04-19T21:10:14Z,False
1BJONiP1pAYlQgQW7cfrUS,Pegasus Fantasy (Saint Seiya),Miura Jam,5ZcXM1KFH6hhLoBIdgCnap,Pegasus Fantasy (Saint Seiya),2OT0QRl7vpM88lzq5WwpvS,2019-03-05,221961,42,2020-04-19T20:57:40Z,False
6Cycdzse284tjIva9klJXJ,Pegasus Seiya,The Struts,3lDpdwM8KILepMHqBWUhIA,Pegasus Seiya,6Xmks8nSfk2lXL6FjEMXtX,2019-07-19,204000,37,2020-04-19T20:55:50Z,False
5T3IaxXIbbepDh7AQ2bObj,Refugia,Channel X,1O2mXyYvsaVpW1gAg83vIr,X,4gCdOl408sFSSo2LjBFKRh,2015-07-17,364230,0,2020-04-17T05:05:44Z,False
38qAaZpFyxhPoLnsr6d7bX,Iyéwaye,Oliver Koletzki,1WjBIvYAnZTkTh5UiZNwlR,The Arc of Tension,6m8yu8ytRnnxy395MbA80U,2017-05-19,460266,36,2020-04-17T05:03:58Z,False
2Q7WLLrYzb10BryPYutbGX,Tender Skin,HVOB,6RAx8RRxoHeJIqD2d0EjOa,Trialog,2wilDPzJsD2rtZNjk9XjJ3,2015-04-17,435226,0,2020-04-17T05:00:46Z,False
2tnVG71enUj33Ic2nFN6kZ,Ride It,Regard,4ofCBoyEiGSePFAG500xev,Ride It,4zOhjJfe0dwqsNdDYk622E,2019-07-26,157605,76,2020-04-16T12:39:14Z,False
23OXdR7YuUBVWh5hSnYJau,Chlorine,Twenty One Pilots,3YQKmKGau1PzlVlkL1iodx,Trench,621cXqrTSSJi1WqDMSLmbL,2018-10-05,324466,75,2020-04-16T00:30:36Z,False
1oD57QwlvFL9jP3LNBljRS,Take Me - Miguel Campbell Remix,"RÜFÜS DU SOL, Miguel Campbell",5Pb27ujIyYb33zBqVysBkj,Atlas (Light/Dark Deluxe Edition),5cibljLILelhJ2RhDq9CxE,2014-08-08,287077,0,2020-04-14T20:52:21Z,False
5ruzrDWcT0vuJIOMW7gMnW,The Adults Are Talking,The Strokes,0epOFNiUfyON9EYx7Tpr6V,The New Abnormal,2xkZV2Hl1Omi8rk2D7t5lN,2020-04-10,309053,80,2020-04-13T04:31:16Z,False
2mDYYGaGd9uXKkK2YhDA3i,Brooklyn Bridge To Chorus,The Strokes,0epOFNiUfyON9EYx7Tpr6V,The New Abnormal,2xkZV2Hl1Omi8rk2D7t5lN,2020-04-10,235946,63,2020-04-11T21:47:44Z,False
34GCgxeiIduIjLtonQRarc,The House of House - Thomas Schumacher Remix,"Cherrymoon Trax, Thomas Schumacher",61LAVgfVbkRLgNHEDveOyh,The House of House (Thomas Schumacher Remix),5lJq0hkz74UqGyWzqEfoco,2019-06-28,466511,0,2020-04-11T21:05:34Z,False
791WQUn8PePLamJVPgGKZC,Café Del Mar - Three 'N One Radio Edit,"Energy 52, Three 'N One",0sElgscu7tp38PM1MtsUz7,Café Del Mar: The Best of the Remixes,6ovkQXabRgialkTUgF3Jun,2005-07-28,229600,53,2020-04-11T20:24:20Z,False
3lkuOE43SBcQhmK3wgpOfT,Désolé (feat. Fatoumata Diawara),"Gorillaz, Fatoumata Diawara",3AA28KZvwAUcZuOKwyblJQ,Désolé (feat. Fatoumata Diawara),2qNfvS5jJISbEh8m90dzU6,2020-02-27,236569,0,2020-04-10T03:36:37Z,False
24upABZ8A0sAepfu91sEYr,Moon (And It Went Like),"Kid Francescoli, Julia Minkin",2G7QgTep5IsJHGHm1hXygD,Play Me Again,4iII9nfzjxOYQFp8PyV6HD,2017-03-03,390638,2,2020-04-09T13:38:04Z,False
6joiee9vZJ872DsKtIbqGL,Voltage,AIROD,3oPI0nOC7MHooFy5qDsFrv,Voltage EP,7IN69JX6Nke81BKtxNexzJ,2019-02-08,356164,5,2020-04-06T15:09:02Z,False
6QSwRZoiBj0xV1BmLffAWl,Man O To - Be Svendsen Remix,"Nu, Be Svendsen",5tY2sa8I11tpMuhU9onQ6e,Buddha-Bar Beach Barcelona,5YDjMBdP5d7m3TgX704ugP,2017-07-07,419960,0,2020-04-04T16:33:23Z,False
2QVRdGi1wU8qbtznzFTVxs,Cold Ghost,AIROD,3oPI0nOC7MHooFy5qDsFrv,Burn Injury,3DqARQsUv9E3VSrQzoRuRH,2020-01-27,442950,0,2020-04-03T19:04:46Z,False
2u8GDlTkOd3bLSXJM8ZmXg,SHE,The Blaze,1Dt1UKLtrJIW1xxRBejjos,DANCEHALL,4Ekdf8v7lFV5c3zIdtpyjY,2018-09-07,218653,45,2020-04-02T13:43:28Z,False
2Xl5sDz78iGZRwGEiAulzO,Love at Sunset,Clemens Neufeld,1PN4dgiwOVFimJ3dKw7pIc,Fairlight,2R6mZ1OfHP5rm4qbGDcJM2,2003-09-01,382026,9,2020-03-31T18:50:05Z,False
7rbIaUUlcwCa1PZMrTErxq,Elessar,Moonwalk,1khyIydqanugacJyKdmceT,Elessar - EP,5XDoaANZ8HN2bQJIQPoTCC,2019-12-20,391250,0,2020-03-31T17:00:55Z,False
120okE9x88oKj0H4HHwYxk,Proteus,Bastinov,2SKp0dHiOeIjpHoMSHZbc5,All Through The Night,3vemQGqJ8p4sLQC68kdnoZ,2019-11-08,344262,7,2020-03-31T16:42:37Z,False
0C6aMqg0IlMqSNTxpmRbko,Elements,Joyhauser,59a1Bp0JQfL2mGnpL0lW2Y,Elements EP,6ZAcpP2mOVx1ekWGxVKApE,2019-12-13,417230,0,2020-03-31T15:06:14Z,False
0Sl8C9oeS3b5Kv9bSvTPDr,Loud Places,"Jamie xx, Romy",7A0awCXkE1FtSU8B0qwOJQ,In Colour,0AVPusXNzK1jWwefBiPJ5I,2015-06-01,283066,0,2020-03-26T20:16:27Z,False
2DzL6LCF0GOxQIcbQitEOm,One Line,"OTHERLiiNE, George FitzGerald, Lil Silva",5UaAbLKpBsJ9gh7FthqfW5,OTHERLiiNE,0XsqhKLzKCGw2q0VAT58Xj,2020-01-29,324652,30,2020-03-26T18:02:30Z,False
3MWoJGrKXOTlEBIZzDoZkx,Jump to It,Aretha Franklin,7nwUJBm0HE4ZxD3f5cy5ok,Jump to It (Expanded Edition),10uiEA15LdTEsjO1xJZVt4,1982-05-01,400986,34,2020-03-26T13:27:49Z,False
3HER2Njuttsq8Qs8sn2G1Y,On The Beat - Full Length Album Mix,The B. B. & Q. Band,0daNFtsGDQpGNgj9ZbH5Lb,The B. B. & Q. Band,4IcYGPvhLcwfH7X3pSOnCI,1981,357720,44,2020-03-25T13:19:04Z,False
6l6XozoXLzwRCcWnwBz9fc,Whisper Echo,Jürgen Paape,51qSeH9HimuYMMQ7qbWGrk,Speicher 100,5Zz6TG6fqtfgNAwpEazLYU,2017-12-08,300397,34,2020-03-24T19:50:38Z,False
7alddnGiaV7LqTJlnAqKZu,Clap Your Hands - Solomun Remix / Radio Edit,"Whilk & Misky, Solomun",6m9a3tDNWDe6bVR2csIjEv,Clap Your Hands (The Remixes),6seY4F8Vy92rbOPAelyWNv,2016-09-23,259205,46,2020-03-24T17:09:03Z,False
3cR1VZltM6XScXvUD55L8Z,iMvula MIXED,BlaQRhythm,2o9225GgSICygCOxroILhb,Herd In Tulum,6Nkgb5Kw6yDdQDAEp13ovR,2020-02-07,330493,0,2020-03-24T14:43:17Z,False
0FaaUx6eKTFU7VUvS1c2G1,The Fugue (Contrapunctus X),Dusty Kid,6JGLndnzrQrIFkd8NFha3C,The Fugue (Contrapunctus X),1CUjG2wi9Cc8T6LG3zDDZP,2020-03-06,498750,0,2020-03-21T05:02:04Z,False
350JkeAoe70gDO1EgSXSa3,Number One Hero - Peter Pardeike Remix,"Lehar, Rush Midnight, Peter Pardeike",4uSLuEAH4lVnjAZwrlixk1,Number One Hero,4ZBXLKDvMA0zU7qwq9GCLD,2016-03-18,512818,0,2020-03-20T14:54:31Z,False
1QAwh5zck16xkGA9UhGjqw,I Wanna Be With U - Hugo Borealis Remix,"Miguel Campbell, Hugo Borealis",4uZJDUKi3NXQsuMKP3rOeC,Theories Of A Different Mind Remixes,0XJJ9VyQq1S5vS58uVW008,2018-12-07,244067,0,2020-03-17T14:05:43Z,False
6z4SdP7F4Nfu8O01PlJpQF,It's a Pleasure To Meet You - Original Version,"Oliver Koletzki, Fran",1WjBIvYAnZTkTh5UiZNwlR,Lovestoned,3KrSwkxr4E8au6MKyl4kZa,2010-09-03,287035,21,2020-03-17T12:43:56Z,False
5453frA2hsBPjGRVDHm1PJ,Somebody's Story,Solomun,5wJK4kQAkVGjqM9x46KQOC,Black Label #36,2lq4UoE0fArroLxWDO6Jpr,2008-08-29,548640,0,2020-03-14T19:28:23Z,False
4Ei691AKbjiGscPcMUdA4s,Facing the Sun,Fritz Kalkbrenner,08Ut1tYxtmgIInVyQqohkM,Here Today Gone Tomorrow,20u2BADwHMxvAvFNNxtAGo,2010-10-15,313084,50,2020-03-14T18:58:47Z,False
76lT30VRv09h5MQp5snmsb,Lost Memory,Boris Brejcha,6caPJFLv1wesmM7gwK1ACy,Lost Memory,22SprEjKtT8xC6SHm8LGt8,2008-05-20,462719,46,2020-03-14T17:28:32Z,False
4NvOfNW0YUeoU842uIztan,The Arctic Voice - RDNK Remix,"Oliver Koletzki, Township Rebellion, RDNK",1WjBIvYAnZTkTh5UiZNwlR,Fire in the Jungle Remixed,7keCpQuYTV1ArZGn4AJYUJ,2020-03-13,445443,6,2020-03-14T15:50:56Z,False
5px6upUHM3fhOP621Edp4V,Physical,Dua Lipa,6M2wZ9GZgrQXHCFfjv46we,Physical,5Vzq1wKBUXMxEZl3NPjJpS,2020-01-30,193829,60,2020-03-13T00:25:38Z,False
5lsQQQsnzhAMoGmKUxxIiM,In Your Time,Voon,3k3TosKi0Ad218nkHmSwTn,Middle,7cciNNROfAi6yDkq0CjkDY,2019-11-29,423400,0,2020-03-11T03:06:14Z,False
1bX2WjxmuHpRffXHLlAtkQ,Pop Up,Voon,3k3TosKi0Ad218nkHmSwTn,Middle,7cciNNROfAi6yDkq0CjkDY,2019-11-29,439038,0,2020-03-11T03:00:07Z,False
0HCupWTULxF7ugSbwZL9NQ,Rose in Japan,Voon,3k3TosKi0Ad218nkHmSwTn,Four to the Floor 13,0jIrYuhH3IIUuR5hdpIemj,2018-12-14,353174,0,2020-03-10T11:48:22Z,False
01coiQuQSxlQ8ZzJbiglBR,Flume,Microtrauma,4abBidW4ScsxlRcISTeKkB,Two,4OrFtWFWZ2d5rJWoQNL8Td,2019-08-02,444959,15,2020-03-09T05:30:31Z,False
4w86qwpQff4YifrqticZld,Baby - Clock Opera Remix,The Phenomenal Handclap Band,4S8UOAApPhwz9WcVOj13VO,Remixes,3CIfJ8j3bbF4SKhuYqHRMH,2010-04-01,297773,37,2020-03-09T05:21:11Z,False
1DgfoSbmoJtiRVzuJ9iFK7,Vapours,"Hot Since 82, Alex Mills",1tRBmMtER4fGrzrt8O9VpS,8-track,3ophs4Ci76rbhWzu2QwCGC,2019-07-26,358032,41,2020-03-08T20:04:11Z,False
0bRYpscOGRvSDZnkINjoHS,Was Beautiful,Juliet Fox,7zH0EpzFgwmwpnEprtvDig,Aurora,64WogvzCadlKc9RSoJ67xr,2020-03-06,462692,0,2020-03-08T17:50:39Z,False
53gMlwXTqTXGKO6Lk5oTbe,Remember,Charlotte de Witte,1lJhME1ZpzsEa5M0wW6Mso,Aurora,64WogvzCadlKc9RSoJ67xr,2020-03-06,401891,0,2020-03-08T17:39:11Z,False
2doKrAMJBSAkrMrLyzXS9y,Hypersphere,BEC,2rRlbUvyMjvEOdQPWtGoPI,Aurora,64WogvzCadlKc9RSoJ67xr,2020-03-06,390436,0,2020-03-08T17:32:29Z,False
6kTogriKXtpofye9hvQ91U,Destiny,B2,0vpOUJDr3cALJ5AiRFdv2S,Black On Ammo,3lWC9INJrGv3zCkoke7coT,2019-09-10,338052,0,2020-03-08T03:57:32Z,False
3Eoh6fDSj4LAmdyAjv6HSc,To Be a Noname,B2,0vpOUJDr3cALJ5AiRFdv2S,Hymnen an die Nacht,5M91EV4FZic0FXAaiVR6WP,2020-03-03,355047,0,2020-03-08T03:53:37Z,False
0DRp685EnPxbJsF3tsZlC4,Talk to Me You'll Understand,Ross from Friends,1Ma3pJzPIrAyYPNRkp3SUF,You'll Understand,0wQTT0F4UhFDWp3yD0BndQ,2017-02-10,417099,0,2020-03-07T18:09:59Z,False
6g3ApwzHq2WZ6o7ChYfVp2,Second Nature,Wehbba,2UzAShzs3DO53bSZqvf8Ri,Straight Lines and Sharp Corners,7rq2kD6rWNFH2Pi0lTXOLj,2020-03-02,445412,0,2020-03-07T14:23:29Z,False
4KMUJt3mWhO1S2os78x9fM,Galactic Highways,ANNA,3wkaDi2HJV3eCaBJ4iH6om,Aurora,64WogvzCadlKc9RSoJ67xr,2020-03-06,357699,0,2020-03-07T14:20:51Z,False
7BDeUe63nd08ptYJtXLPbk,Microwave,Einmusik,1LXTXZjheh25pXMEUT9iC1,Concept 5,2qN2z2cZAzcXd3J9eGu9o4,2020-02-28,511395,0,2020-03-07T01:38:43Z,False
5FexPEkGAWphMywF4J0U9H,Blooming,Einmusik,1LXTXZjheh25pXMEUT9iC1,Blooming,0NKhDPlqseXklZpFFoCg2D,2017-06-16,452362,0,2020-03-07T01:27:38Z,False
5jkuNuzHmWkekvkNhkVw3E,Always will,Chat One,58TNc4hPQ7XyzApI9vbmpr,Always will,7obCOxXQPWx5u7CCUMd0ZG,2020-01-25,181333,0,2020-03-02T03:31:17Z,False
6s3GEN8wK0OMzzzZbXj0fu,Hymn for the Weekend - Seeb Remix,"Coldplay, Seeb",4gzpq5DPGxSnKTe4SA8HAU,Hymn for the Weekend (Seeb Remix),0ezwRysfWCrR5tDgpBwkIw,2016-03-25,212647,65,2020-03-02T03:22:20Z,False
6s70uWq55i7u4N9qaLN7Q7,The Future,Amelie Lens,5Ho1vKl1Uz8bJlk4vbmvmf,The Future VA,3g8ivzNzH8VLI9iq9jBRqu,2020-02-21,310136,24,2020-03-01T19:57:59Z,False
6A8llSO9QFF4djCCmuCrNu,Flashback,Calvin Harris,7CajNmpbOovFoOoasH2HaY,Ready For The Weekend,5Zcfw8EsPjQBJZhA0EbcyM,2009-08-17,227880,56,2020-02-27T05:03:55Z,False
0k73nWaD6RPx2sHFEkGPcn,Feel the Love (feat. John Newman),"Rudimental, John Newman",4WN5naL3ofxrVBgFpguzKo,Home,2AOpbitJNMvKhSbsi2YD4F,2013-04-05,245186,68,2020-02-27T04:55:20Z,False
6vV9NyQIsWMQ08KOWMSp3a,Rumour Mill (feat. Anne-Marie & Will Heard),"Rudimental, Anne-Marie, Will Heard",4WN5naL3ofxrVBgFpguzKo,We the Generation,68s1AYwi1JtoTOD0ggqr2j,2015-09-18,243783,46,2020-02-27T04:14:33Z,False
2af6IVGm8W8S7YXBDKn6IH,After Berlin,Township Rebellion,4gGD7nrLZRnnCSz3KGEu4R,After Berlin,0rAANA93xd1A48OhACjDLx,2016-07-15,413119,0,2020-02-24T21:30:12Z,False
7jE20ZdsqFCHiSflR02Qxi,Ramses,Township Rebellion,4gGD7nrLZRnnCSz3KGEu4R,Brothers,6a0JPKm54HBiMwN28X0CUs,2018-01-12,478048,0,2020-02-24T21:28:12Z,False
5vakr8BAdHCSCLmEMUB57E,Romeo,Township Rebellion,4gGD7nrLZRnnCSz3KGEu4R,Balance,6eFlesolS9HXmCyJiNgVmS,2018-11-09,468436,25,2020-02-24T21:25:02Z,False
3SR1fbGacxTjRPv3vI0G7Z,Giulia,Andrea Signore,1oa3TW4eYVXbvX0Ur9VxYp,The Eklipse EP,4W2EuW6nb04t3sHAuXvDeT,2018-10-15,476473,18,2020-02-21T12:10:10Z,False
5pj1bwQvR96vfwl7NBkkOj,The Ecstasy Of Gold,Nicolas Bougaïeff,44A7joKsGc4hNq6hbtVgvt,"Asteroid Matter, Vol.1",7fCIOM10EFyOAYZh4m33Jx,2018-11-02,513637,0,2020-02-20T21:52:04Z,False
4gagfSo6yKtWXDicu2oIcr,Do You Want Me,Popof,4f2K0RSYyxP4TUyZu1azYB,Brain On the Side,5P3nr55seWyuzUxkxAuQHq,2009,273293,40,2020-02-20T18:03:46Z,False
5XWcRWXzlCovDeE7TnJAjW,Lace Star - Siamese Soundsystem Remix,"Stereocalypse, Siamese Soundsystem",6Ro7vKas2pkuc19bO3xx2v,Siamese Reworked,6XUDBWcyebqV3MMurnxOhS,2018-07-13,412064,3,2020-02-20T17:05:30Z,False
4fUPVwqgZ81Zkv4EknyDTF,The World Returns,Innellea,71rqI5HtraA3qXBwatyG6e,The World Returns EP,6s6nAxhYXM4rBhzmyN0blv,2019-11-29,381676,0,2020-02-18T20:28:53Z,False
0vEKnUAsPfA8ykKa7zvgiD,Buses Splash With Rain,Frankie Cosmos,0x4xCoWaOFd3WsKarzaxnW,Zentropy,1mBWZqi3QFidFuhudYwrbr,2014-03-04,125183,0,2020-02-17T02:59:55Z,False
6VFaZ3zgXaRbc79GRqhbBz,Wink,The Voidz,4nUBBtLtzqZGpdiynTJbYJ,Virtue,2dMmcXlG8xtRJNlsjIrPWe,2018-03-30,240133,41,2020-02-17T02:58:48Z,True
41Q51frdTDvIruqPWcle7V,Solaris,"Nico Morano, Jinadu",4tgKBxZIclHP0c2Tp8yyyz,Solaris,6TodpHnLcqbKvHLQbQaG2d,2019-05-02,212012,36,2020-02-16T14:38:14Z,False
7CHi4DtfK4heMlQaudCuHK,Lose Control,"MEDUZA, Becky Hill, Goodboys",0xRXCcSX89eobfrshSVdyu,Lose Control,1qSOaTvsCOyFJya3v1UzkP,2019-10-11,168387,70,2020-02-15T19:05:32Z,False
2PimOJBhxyKvvgrWKgBpAH,Odyssee,Hidden Empire,44Ga1YqZthFOzZSTHiNWkC,Odyssee,6ln3Zv73tCbjWMyuNnTMJO,2020-01-24,460179,19,2020-02-15T18:29:46Z,False
6AHhqu7rJ3ZA7ijx99LuiX,Renaissance,Hidden Empire,44Ga1YqZthFOzZSTHiNWkC,Odyssee,6ln3Zv73tCbjWMyuNnTMJO,2020-01-24,418902,16,2020-02-15T16:21:30Z,False
3J2uraC2izJkUBYj6iKUQ4,"The Mountains - Iberian Muse, Wurtz Remix","AGMA, Iberian Muse, Wurtz",4a0PhTGWbQvjJ6gYJhcRUi,The Mountains,4Rvp01W32yRrZEuBx9aUGk,2020-01-29,384000,1,2020-02-15T16:14:44Z,False
3xP8LPDOcwUK6LhPJesRDx,Coming Down,Sailor & I,2RZbJDQz3gwJppZzfbuxTx,Lost in This Civilized World,5I2irYAlcJW30EbepdjxIX,2019-01-25,382924,20,2020-02-15T15:25:23Z,False
2I2R8mOUvH355Fs3QWZyYt,Poly Pineapple,BICEP,73A3bLnfnz5BoQjb4gNCga,Lyk Lyk,3mMjDi34kU0Bqv3YtWJz6E,2015-09-25,355203,0,2020-02-12T14:46:35Z,False
1mnaNbJinzhoPaDV2z0dkV,Sunqueen - Proud Remix,Benotmane,6NeFX96yGExwOQjnrGCzGL,Sunqueen,5dIdnVrcvJnF3StsNmB0yO,2014-07-04,428698,15,2020-02-10T18:11:52Z,False
3yCHTD4l7QbU483TZP3d4W,Estranged,Daniel Portman,2HnZ1elnutngLH1BFwV1kM,Estranged,4V9jDm5OBuG1VY891jcqiB,2018-11-23,217619,12,2020-02-10T18:02:58Z,False
2zwYnJZH6Y8nodg4SGBTcA,Surrender - Nico Morano Remix,"Absynthe Minded, Nico Morano",6AVfW2Y10P7zqLC6Z3O0xj,Surrender,2xdF926DcvH3JftjZSzI77,2017-08-11,395400,11,2020-02-10T17:49:35Z,False
6mcizmDjipjM0zQQzjMwN6,Other People,"Niconé, Aracil, Jinadu",70s3JhU9Ai0cIowagibjNI,Other People,5XS66BmdcRiDEqnwLlpJY2,2018-10-26,458135,0,2020-02-09T22:34:46Z,False
2rfJqaiKKH2VFzj61oscaa,Caje (Album Edit) - Orginal Version,"Niconé, Sascha Braemer, Narra",70s3JhU9Ai0cIowagibjNI,Romantic Thrills,7ds3WqR9nEhtrjFwqqpXmd,2011-10-31,439565,47,2020-02-09T22:08:31Z,False
2SHILuOQFaXijRpGGlhIbx,People - Original Version,"Sascha Braemer, Dan Caster",3egW8Pgmbjm5vS4EPXZond,People,4rGhn8DhofHWusr4PlDsWN,2011-04-25,354523,38,2020-02-05T13:05:51Z,False
1vYvm3wNwMaTx4Cx3WDmBY,Dilo 10,Emika,50Gx1SNB4vH2V7peIiYD4S,Klavirni,4xGnvNhZIOmja2P5KrePzd,2015-01-26,184000,3,2020-02-04T13:53:51Z,False
33W8Y0phMRh83gYfWDWGey,Dilo 33,Emika,50Gx1SNB4vH2V7peIiYD4S,Dilo 33,1q0j386pOYycBYSjTcBWh6,2020-01-24,198000,3,2020-02-04T13:50:38Z,False
3Allgqu3MaHE8QFvzoP90S,Hold Me To The Light - Tale Of Us Remix,"KAS:ST, Be No Rain, Tale Of Us",7orlzf5LTqSnCzURkZFebN,Hold Me To The Light,0Z9BaFHQjPMDOwAUXh32zI,2019-12-13,398095,0,2020-01-31T19:55:22Z,False
2Nsz5vf1G6jxQs9JdKkTaT,Sirens,Monolink,2I4hRNCYkPKJQlkoEZKjYx,Sirens,2zVsWSuvghg0uyLQJVdoU6,2017-11-24,217190,55,2020-01-31T13:00:32Z,False
22gmOw5ommd2SiNosK3ZI3,The End of Nothing,Funeral For A Friend,4AbDWrmJPSOeIbT2Ou60ik,Hours,6ehpQ6J2cx9nlge4GlJcJ7,2005-06-13,199053,23,2020-01-30T21:08:55Z,False
44zFuQhko6NTy1XptsiNQU,Hospitality,Funeral For A Friend,4AbDWrmJPSOeIbT2Ou60ik,Hours,6ehpQ6J2cx9nlge4GlJcJ7,2005-06-13,286293,25,2020-01-30T21:04:32Z,False
2QBQ15Xg5KqfJbi361dKD6,Mercury,Sam Goku,2phu8EHvQpvoHG5BivWr0l,Mercury,4H1d97Nc84A0Oy4cKKqH6z,2020-01-10,389060,0,2020-01-30T15:21:40Z,False
5w9UIKPFx7KMZWEr07KP1F,Disco Gnome,Thugfucker,4qSSSfXZFYYw5hU5ywxMcP,Disco Gnome,19TMujWYP9bI8El8zmuSmi,2011-12-19,517500,16,2020-01-30T15:13:19Z,False
72kpLCmcgQHB8b6XFOQEDU,Hand In Hand,Klangkuenstler,7dFRwLjKxcqEm4KTVu3Lu3,That's Me,44GPSnDUbxDxIiiN60Dmzx,2014-10-13,256680,0,2020-01-30T14:00:02Z,False
6MVhQjz1SNN8IDTBlZwvwG,Roses for the Dead,Funeral For A Friend,4AbDWrmJPSOeIbT2Ou60ik,Hours,6ehpQ6J2cx9nlge4GlJcJ7,2005-06-13,247426,48,2020-01-28T23:59:46Z,False
1CaBDbL18ssME0V0VuH8G3,Dimension Null,Klangkuenstler,6H77vD9YyhyxHBTkRpbMBk,Dimension Null,0nKKc2HKtdZrJZhmXKIWwu,2018-10-12,382500,22,2020-01-25T16:52:07Z,False
5MaJprkRE3h44u4bRfNcYX,Nio,Hush & Sleep,1qGp6i03fQolBNPswoWKMV,Outworld 001,6ZqF8Pz0FPfBX3GTSifCQ7,2019-03-15,369230,11,2020-01-25T04:22:35Z,False
3HeXDu3zCoJlhAifPrd1vB,Floating Souls,Michele Garruti,0zUzwxZaqSR2P3gMfecZQd,Floating Souls,6rbCS1xVZoJesaR8ixyrea,2020-01-10,187678,0,2020-01-24T14:04:01Z,False
4YUM6w6KqQLEwxi3ShRA8T,Hunger For Your Vibe - Moonwalk Remix,"Arm In Arm, Moonwalk",1nWTuAPoIl3Ig7QUxuFgdl,Hunger for Your Vibe,214rxKKvsoEgvjDgZ7aUDk,2019-04-05,392624,0,2020-01-23T13:06:29Z,False
6BA2JM59JObFjHNvLK2KOg,Purple Noise,Boris Brejcha,6caPJFLv1wesmM7gwK1ACy,Feuerfalter Special Edition,0E807CRBmdfGNRcnXVymp3,2014-04-18,539520,46,2020-01-23T12:12:39Z,False
19FrLyYjNcd0IR4N0cRVOv,The Evolution,Rudosa,1a4cEeeD2n2cR5qA7ARsDZ,Outworld 001,6ZqF8Pz0FPfBX3GTSifCQ7,2019-03-15,448000,13,2020-01-22T18:13:47Z,False
04NzfvGky8pjtMX7u5TpAC,Man On the Moon - Miguel Campbell Remix,"Klangkuenstler, Alice Phoebe Lou",7dFRwLjKxcqEm4KTVu3Lu3,That's Me,44GPSnDUbxDxIiiN60Dmzx,2014-10-13,348520,0,2020-01-22T17:36:08Z,False
7dRoKrWenRRyhCbSicZwoA,Decade,"Ben Böhmer, Jan Blomqvist",5tDjiBYUsTqzd0RkTZxK7u,Breathing,1bgPsKJwqED6DoNaZNdM42,2019-11-22,229152,42,2020-01-22T15:35:48Z,False
1tPRFD05l5FktbHf3qCzGe,Trauma - Joachim Pastor Remix,"NTO, Joachim Pastor",7ry8L53T4oJtSIogGYuioq,Hungry 5 (The Best of 5 Years),6cjXNVPvBuQdrCbllisAbD,2018-11-09,435176,39,2020-01-22T12:03:32Z,False
0nNivblRlEvI6Q8rxlvV9z,Serenade,Tom Demac,3758ZYkL9uiug7nHTQNWcP,Serenade,22fyTTuxua996UoZk41lft,2019-04-05,564015,33,2020-01-17T17:13:52Z,False
0VfUUuAT8TbTRKbRmlxMMo,Ryo,Joris Voorn,4jGpKAmwvU263l0tUh4xKU,Ryo,380CczsK4Z1rVXkrVgnOPx,2019-05-10,389929,0,2020-01-17T13:09:21Z,False
2Z2RVWzEq2oOUlQsnBCYOl,All I Need to Get High - Ae:ther Dreaming Dub Remix,"Damian Lazarus & The Ancient Moons, Ae:ther",6eWDcQUkr1JSLQLn5j6dsc,All I Need to Get High,4EzWnPeG0wP0nfBEPi1Dex,2019-04-12,508731,0,2020-01-15T18:34:55Z,False
6omOFaoyf1e5aL3iKvuT4s,Atlas,ARTBAT,3BkRu2TGd2I1uBxZKddfg1,Upperground - EP,4NiPtdL8Q50ReNepHceCpy,2019-01-04,454187,0,2020-01-15T18:14:47Z,False
76Cab8Z6rFHPYpnqwgaouI,Jumanji,Adana Twins,2JnkjHtuUjz83gkEx8QMS4,Spektrum 1,0LNmE3hST6dMeLBBBviq9j,2019-04-26,480044,0,2020-01-15T16:05:40Z,False
2vl9yXYJmoKbv72pUIxoue,Apollo 11,"Matador, ARTBAT",1UcYY5JDPe05nqjODiVkx1,Apollo 11,4K8v2zx2n4sSBSaTyPixHa,2019-03-15,464646,44,2020-01-15T15:48:18Z,False
4YlPfwx8aqehj7eSAhtS23,Maybe Not,Jan Blomqvist,5wMlMjOLeJfS5DfxqGfm83,Disconnected,5Aq2fCmHIW0vICUIh3YpE9,2018-10-05,293900,51,2020-01-15T14:52:10Z,False
6Oj89UHfmYp9yR4t0t1q8F,Our Broken Mind Embassy,Jan Blomqvist,5wMlMjOLeJfS5DfxqGfm83,Disconnected,5Aq2fCmHIW0vICUIh3YpE9,2018-10-05,266646,52,2020-01-15T13:55:19Z,False
1i2FEnJcvXm5Se9gb6q3Hx,Arteon (Dealing With God),Ae:ther,2Va4TMOAXwdFAcakAUNSsV,Realm Of Consciousness Pt. IV,0V6u4pveYlufmU2qnige3y,2019-06-21,412564,0,2020-01-15T13:49:12Z,False
09byaVBbIvJWJHdZEl4Sin,Benzo,Blood Orange,6LEeAFiJF8OuPx747e1wxR,Angel's Pulse,3KLLRiCnqYvt78H52TeZ1k,2019-07-12,150511,46,2020-01-11T15:41:49Z,False
2zGw5a3ar2gmFi93yrDTxA,Klapp Klapp,Little Dragon,6Tyzp9KzpiZ04DABQoedps,Nabuma Rubberband (Bonus Track Version),5gmaULpIswU5if1DjOi99p,2014-10-06,217119,0,2020-01-11T15:26:04Z,False
6b1Wgk0BJHEVfGaIKMFCs8,Clean Slate,Joachim Pastor,6eNOjuJSfKkAvbiGW90AkZ,10 Years Stil vor Talent Presented by Oliver Koletzki,0R2X6TdUIc0SIkuxdqjlt9,2016-04-01,460738,28,2020-01-09T23:48:00Z,False
1oNsXNWD2llf236PynwGtc,Androgynous Love - Étienne De Crécy's Androgenius Mix,"Denis the Night & the Panic Party, Étienne de Crécy",6A4A8mlLet3iSNMrUg947x,Androgynous Love (Étienne De Crécy's Androgenius Mix),3vF7vVDWpJNJPTovxTAlnR,2016-10-28,490223,0,2020-01-09T22:57:10Z,False
4yjoFroiLO7KpM2CDUH2ie,Countach - Original,Butch,5kLzaeSHrmS7okc5XNE6lv,Countach,7oRb9P09X3U4FqHn99Mjh5,2018-03-12,459427,27,2020-01-04T15:09:45Z,False
3pkXOrFORXFFV4Bb0S6wOs,Inheritance,"Kappa Mountain, Audio Dope, Matthias Gusset",3dExis8rqyN3OsHSKuHU53,Inheritance,777JQURFMQKTy0za0yc3Ky,2019-11-29,210633,9,2020-01-03T13:43:20Z,False
0qZpqoCudAZALDllBsHjFb,Phoenix - Unique Repeat Remix,"Solee, Unique Repeat",0r0m8up7CjS8TJodH2HX7C,Phoenix (Remixes),6qxKr5BznS3KXOQ7gr1qhU,2015-02-23,507317,0,2020-01-03T13:23:09Z,False
4EOxjNZtlZEUPO62UolMoK,You're An Orchestra In The Cosmos - Joris Voorn Remix,"Sebastian Mullaert, Joris Voorn",5cKPK8DCxX1R5PwQOU1huv,You're An Orchestra In The Cosmos,4wevQb7ahrH86NpJGSfnun,2015-12-25,522074,0,2020-01-03T13:14:04Z,False
1voNki3zm1VcvtLeAJtkGK,R U FCKNG SERIOUS - Ann Clue Remix,"Boris Brejcha, Deniz Bul, Ann Clue",6caPJFLv1wesmM7gwK1ACy,R U FCKIN SERIOUS,3jbZAsVzHJLHdfXcmIyvcN,2015-08-04,420480,29,2020-01-01T14:50:58Z,False
3Dfy8YIxq89i84t108TvMi,Love Bites - Remastered 2017,Def Leppard,6H1RjVyNruCmrBEWRbD0VZ,Hysteria (Super Deluxe),31oeDyCOLhgeZyktfxo0pE,1987-08-03,346960,67,2019-12-31T00:18:40Z,False
6lrh9jZ1xoMwoErgPSj2rY,All My Love - 1990 Remaster,Led Zeppelin,36QJpDe2go2KgaRleHCDTp,In Through the out Door (1994 Remaster),4wVHvawxZy52Oemd4sGyUm,1979-08-15,351266,0,2019-12-31T00:17:10Z,False
7nKyY4SxH1Vz6eEa2aDgAf,Lovin' Me - FlicFlac Remix,"C-Ro, FlicFlac",6PAunVzpRKDn5xbMgkV1gh,Lovin' Me (The Remixes),28XCpkrfUiaHBbNixYzmqI,2014-08-14,351219,0,2019-12-30T23:19:00Z,False
6bUNEbXT7HovLW6BgPCBsb,Roses,Outkast,1G9G7WwrXka3Z1r7aIDjI7,Speakerboxxx/The Love Below,1UsmQ3bpJTyK6ygoOOjG1r,2003,369573,70,2019-12-28T20:07:14Z,True
3aIR34vIOwkPZAdq3AmtoB,Koma,"Mellow, Nika Chokheli",5p821SHXHFzghN58FwgUhh,Devocean [EP],29Dkf1IZdqJUaWDo1Fe0yB,2018-01-05,252003,7,2019-12-28T16:34:31Z,False
1kGxbmTY7JmbOMgVMyqlJw,Golden Maps,Los Waves,0iyNTOw5gNaiCSwVpR2YSD,This Is Los Waves so What?,49oSowRVarj3jWRk93mSmg,2014-10-20,205000,1,2019-12-28T16:18:09Z,False
0Yj76WbSCFNw248y3X6UP0,Two Wild Hearts,Los Waves,0iyNTOw5gNaiCSwVpR2YSD,Got a Feeling,4c36N2Pzfg4PwaL58eSifB,2013-09-01,213428,0,2019-12-28T16:17:21Z,False
6EThJr4Dq1Y93JspecGU2F,Cigarette Daydreams,Cage The Elephant,26T3LtbuGT1Fu9m0eRq5X3,Melophobia,0H6DSMuGSRC25Ka7PE4O4q,2013-10-04,208765,0,2019-12-22T22:38:55Z,False
2rDe5thZVx9vIyaZjTS5x6,Haine-Moi,Møme,4lDXfIznmGueBgTjI3qGUX,Cosmopolitan EP,4sS9Z5yzIk3Et4lXqt1CkO,2015-01-01,251612,0,2019-12-21T03:33:59Z,False
4l4Xe8fzmum55XTLfz7fJV,En roue libre,Møme,4lDXfIznmGueBgTjI3qGUX,Shelter (Original Motion Picture Soundtrack),28iCT1OLCtcVkQZr21KYkb,2019-12-20,238023,35,2019-12-21T00:51:02Z,False
51y6qv55cw0poow1jdiv3u,Glide,Møme,4lDXfIznmGueBgTjI3qGUX,Shelter (Original Motion Picture Soundtrack),28iCT1OLCtcVkQZr21KYkb,2019-12-20,225487,37,2019-12-21T00:37:07Z,False
45k1XhZysvdsu9owQfXsrw,Paradox,Thomas Schumacher,7KkV7dFoGEXr4M3fpb1FgD,Embody Paradox,5qkNkzFW9HYIhNUiagLDxR,2018-06-29,408000,19,2019-12-20T13:51:26Z,False
63Eckykw9TdXwGcKEJNkvT,Search and Destroy,Emanuel,4uv4EEYdWrejczjqB8GGUO,Tony Hawk's American Wasteland Soundtrack,1ttszNk2tbxuzeln1Ib7e0,2009-02-03,201595,0,2019-12-17T02:19:28Z,False
6eOxT0T7rvhr6YxzMTM8xy,Astro Zombies,My Chemical Romance,7FBcuc1gsnv6Y1nwFtNRCb,Tony Hawk's American Wasteland Soundtrack,1ttszNk2tbxuzeln1Ib7e0,2009-02-03,131982,0,2019-12-17T02:17:24Z,True
2liVLb6JF20TmiuflkWkVq,Try Me (I'll Funk You) - Mono/Poly Remix,"Seven Davis Jr., Mono/Poly",0j4Q5USZhEJ3OUfyRyW2xj,Try Me (I’ll Funk You),5lirGZW69DViJpQ5oITRle,2015-08-21,227611,6,2019-12-16T06:07:59Z,False
7uW5Fb2Q19FxrchneVPSz9,Arabian Horse,GusGus,5sL9uDMwceYHPknnCLAAwJ,Arabian Horse,6DdjglZhYEyj9azJTRiHex,2011-05-23,367161,37,2019-12-15T17:32:41Z,False
2Ixb8EhCUPd2pBSTv4Ws9a,Trim,Underworld,1PXHzxRDiLnjqNrRn2Xbsa,A Hundred Days Off,5n192ghquuwEFORZEtNyLg,2002,203733,48,2019-12-13T13:55:10Z,False
2vbhhIS2PYixI7Y5fYqO30,Manila - Ewan Pearson Mix,Seelenluft,0JZtncBXHHyl21TEUkaK0U,The Way We Go (Limited),6PM2XpBcEISoYdMxI1oG4h,2005-06-01,312333,25,2019-12-12T23:11:14Z,False
10Sp3ZHJUkSoYCN9NZO7QL,Zunder,Marek Hemmann,7tL5UmgvPx6TqKyf0Sjjw6,Bittersweet,7EBL8MeJgvvwNs211UhtEA,2013-08-09,306976,39,2019-12-07T20:17:35Z,False
19FuTQQyVNiSiAXHznM8FN,Shape Shifter,Einmusik,1LXTXZjheh25pXMEUT9iC1,Einmusik / Lake Avalon,1sz5tUBNYQd4jasYDTvxV1,2019-11-29,449411,13,2019-12-07T19:15:40Z,False
2KWbHHSSq0B9S5gjKEjfIj,Columba,Lake Avalon,2GgwB2XT8sTzoBVddjJ2Vd,Einmusik / Lake Avalon,1sz5tUBNYQd4jasYDTvxV1,2019-11-29,443888,5,2019-12-05T23:37:51Z,False
2hLJlK75aNgGU4B076I5v0,Roko,Einmusik,1LXTXZjheh25pXMEUT9iC1,Einmusik / Lake Avalon,1sz5tUBNYQd4jasYDTvxV1,2019-11-29,387953,4,2019-12-05T17:39:17Z,False
5YZZmmdopp9mtpehOfqc3C,Aires - Benjamin Fröhlich Remix,"andhim, Benjamin Fröhlich",6XJeFzmI6vrWyHcdB7EImP,"The Remixes, Pt. 2",4eIDVNS6B6ygqpzBsJvFFJ,2020-01-10,406922,0,2019-12-02T14:51:49Z,False
0FUUkCK8Mw51Bgq4in85Qp,Symbiotic Nature,Brendon Moeller,3V3T5haMWZGfFxqVsAB9oB,Symbiotic Nature,6mWG3m1bPkfF60InOJvQ1l,2019-08-09,374250,14,2019-12-01T23:00:21Z,False
7GTa3mnLXrf0Pm0KEuSsH8,Wicked Eyes - Ryan Murgatroyd & Kostakis Disco Cowboy Remix,"Ryan Murgatroyd, Kostakis",3eWIVs6R1YgnA5FZSI3xiU,Wicked Eyes,5tR0NF55q92RiLH4tGUh0n,2019-06-14,461311,0,2019-12-01T22:45:31Z,False
7KlnHnBuYSUOQVA9G2DdyL,Just Today,Pao Calderon,7KV5MwJSKx4nCaYDL6AjS1,Just Today,6x8hKSoLOOdbe3adSkjmOM,2019-09-25,382885,6,2019-12-01T19:35:18Z,False
1mYec87UIcT1vcVOEHItOe,Buchla’s Dreaming - Agents Of Time Remix,"Adriatique, Agents Of Time",02DWGcShQivFepRvGJ7xhB,Nude Remixes,13V7SBTiEGttVK8zwqd2tr,2019-10-25,463962,0,2019-11-28T12:31:08Z,False
76fnU9WSR7lLqCjx8WL6uF,Devi,"Parra for Cuva, Nieve",238y1dKPtMeFEpX3Y6H1Vr,Majouré,3yqXmUl7LHm7VUdnlOrwq1,2015-01-16,388920,0,2019-11-24T16:41:19Z,False
5Wxg8ocgiYkLozRjJhJReM,We Want Your Soul,"Klangkarussell, Adam Freeland",041iTeoMIwXMlShuQPIVKo,Netzwerk,0CoiuzFtZVRk9imDnfate2,2014-01-01,505653,37,2019-11-24T15:47:26Z,True
0WAN1fd9IolU2wTsFfJFQw,Hunter,Lexer,2vDXLZ9mI3CdTPPIzFUKlY,Hunter,7I135zBN7lPTL4Sx2XVXPu,2014-06-09,404851,0,2019-11-24T15:24:12Z,False
1vL1H3YVbjDDnIMtjGiR9i,Boy Boy Boy - Joris Voorn Remix (Radio Edit),"andhim, Joris Voorn",6XJeFzmI6vrWyHcdB7EImP,Boy Boy Boy,43HwvB4QXDMPv7c2SbozPI,2015-05-24,252000,0,2019-11-22T12:33:18Z,False
1C7fiHE5eBoaBF8WwQ5oXP,Prophecy,Veerus,7GZGpDZcYVX1wrbaOoDWOH,"A-Sides, Vol. 8",6bk7IZwVsHrcoJi94rGuyN,2019-09-23,435000,0,2019-11-22T03:03:34Z,False
3TZcAC76lgfWXbSXVhtkDq,Sensations,Stan Kolev,6MzHMxgYcbj6ue5w9pbNp9,Sensations / Echoes EP,7ca7vq1TKreOri9ZcnteY7,2017-07-17,547561,15,2019-11-19T22:52:49Z,False
39RJQzymqikCLX67DJe0PK,Blush - Vintage Culture Remix,"Elekfantz, Vintage Culture",2qPvJviDwokwrQtNzR1Udv,Blush (Vintage Culture Remix),5w0oItIojlmRifGN0jHAFf,2017-01-20,338000,33,2019-11-14T02:47:49Z,False
4la6Uv5GD8cWTV35oQ81jy,Fade (feat. Kimblee) - The Bimbo Jones Strings Remix,"Solu Music, KimBlee",0lpwsK5bX64iD7GjEda5De,Fade (feat. Kimblee),6BCPilvXMiQhjS9zoKRx2W,2006-06-09,484880,0,2019-11-13T13:43:26Z,False
1ot6jEe4w4hYnsOPjd3xKQ,I'm So Excited,The Pointer Sisters,2kreKea2n96dXjcyAU9j5N,So Excited! (Expanded Edition),4iqsNkST0v1aaL3S0Fd4XS,1982-02-01,230640,73,2019-11-07T00:07:53Z,False
2mKKZmf3OBDUK26krTgZKZ,Make My Body Move - Radio Edit,"Androma, Kulkid",5dlDKfWqGuEpQgaizvuWYh,Make My Body Move,6Zl9pDlhTcSAxkM9Y6uhW3,2016-11-30,178483,0,2019-11-03T20:00:49Z,False
2HFpxRPCVOoTJz47mMT6Kg,Flawless,"Jean Tonique, Pink Flamingo Rhythm Revue, Adi Oasis",6BVLQfvzlvlNZ43WjbFgbI,Flawless,0nYDD3x2BON4YF6TSFQboC,2019-10-22,190012,0,2019-11-01T13:07:58Z,False
6PA4bFiMvBY4Q2QWROaw7H,Greece 2000 - Moscoman Remix,"Three Drives On A Vinyl, Moscoman",10feV0eOe64kjUc95Lnfuv,Greece 2000 (Moscoman Remix),3YHbYIZWmuhcAI51vxqT6Z,2018-11-23,198000,28,2019-10-29T02:50:55Z,False
3QquT92Ti51799zeBywMOj,Left Behinds - Radio Edit,"Paris Blohm, Taylr Renee",5lXf3xjcLx6BmYMY6TvczJ,Left Behinds (Radio Edit),58Yj90JFPXPIUaKc5sC8wb,2014-07-18,180014,0,2019-10-26T20:30:36Z,False
2hEwnK3oW1F4NgV4RPp5qV,Lies (Otto Knows Remix),BURNS,5eKqhPrKad0J9xGAtq3rW7,Lies,2jOj63gwrHi1Bsru9Yax59,2012-09-16,378999,40,2019-10-26T20:23:28Z,False
7rrrjYORC2IAtjA7NCQLPb,Venere,"BOg, GHEIST",7FldCwBXVtA0TFbqxvaKZY,Venere,7LzrIgEiPN4JgGrpqfHV2S,2019-07-08,404956,22,2019-10-23T23:21:20Z,False
0GpCIG97O5vQupnxMRDqjR,Arrival,GHEIST,60pOigPjgmU7AzmZmWEQZU,Arrival EP,5cQNT07WsSPCrsavZnOV16,2019-07-26,394149,0,2019-10-23T23:07:43Z,False
6I5EyRfFFWlLuXlaBVy1up,Der Blaue Reiter,GHEIST,60pOigPjgmU7AzmZmWEQZU,Der Blaue Reiter,3vGeL7X0hGe20Ayx167YoM,2019-07-12,431870,0,2019-10-23T22:55:50Z,False
3ObaiFDGS1AgLeKbYOnZQX,Eden,Innere Tueren,7mVDs9l7aRtmHrnE4T768y,Family Horror X,6xWCAW3k8aGs8TeJCF41at,2018-07-06,294000,12,2019-10-22T20:52:25Z,False
2A71NM7aFRvDoyCNKyYjID,Magna Spe,Township Rebellion,4gGD7nrLZRnnCSz3KGEu4R,Memorial,6frDY8rWqFXwdmCjhiuho4,2019-08-23,492551,15,2019-10-22T20:28:53Z,False
2TqSk3lGTFTO2N6qDWpODA,Buggin' - Edit,"Hot Since 82, Jem Cooke",1tRBmMtER4fGrzrt8O9VpS,8-track,3ophs4Ci76rbhWzu2QwCGC,2019-07-26,275806,44,2019-10-22T20:18:13Z,False
6uGGlSAw2XtruAqFV8ST8J,A Bridge Over Novocaine,Jan Blomqvist,5wMlMjOLeJfS5DfxqGfm83,Disconnected,5Aq2fCmHIW0vICUIh3YpE9,2018-10-05,188198,37,2019-10-18T11:45:29Z,False
2u25W2LTiRG4lySeRUL4Ar,Solid Session (Funkerman Remix) - Radio Edit,"Format, Funkerman",3MBTGNCUTPOx8EW7s5JGJc,Solid Session (Funkerman Remix),3xHXY6RpMNAhHInMPfhE4f,2018-02-02,190261,0,2019-10-16T03:05:10Z,False
128gUBHVz97zFGezrdwItG,No Relation,Milo Spykers,3FGLVtY3sNKFgkkmQ05AXl,Infinite,3r3dyj9dDGCO9EJO1wDXBu,2018-10-05,353411,19,2019-10-15T13:38:17Z,False
7j6e3xIjuXfHn897nSDhp6,Enigma,Dok & Martin,1rV7LSzJ2ZzL3FicYplmLX,Enigma,1YIQp9cRRLPq9OiQYTnaCc,2019-03-30,423870,2,2019-10-14T12:03:59Z,False
6wo37KVqFJhtuxPTpLCcfe,Takeaway (feat. Lennon Stella),"The Chainsmokers, ILLENIUM, Lennon Stella",69GGBxA162lTqCwzJG5jLp,World War Joy...Takeaway,1JawI0XkEwmQ5Bwef3RMbq,2019-07-24,209893,2,2019-10-13T04:45:14Z,False
3GT2CBmJWIEdCpHiB31WYK,Never Be Alone (feat. Aloe Blacc),"David Guetta, MORTEN, Aloe Blacc",1Cs0zKBU1kc0i8ypK3B9ai,Never Be Alone (feat. Aloe Blacc),2bSuTiPTy8EhtwWbbmiPdK,2019-07-26,178670,49,2019-10-11T23:38:15Z,False
7v2ImXJZaEGUsjP3RzOzrA,Night Walks,Dirty South,1bpzpALZwOoKXzwMg2i8WB,XV,3NaAxTqXa8nJqPHtsDnNFK,2018-02-02,255853,22,2019-10-07T13:34:46Z,False
5N43dzv4BWxr26DpnL6cO9,Monaco F.,GHEIST,60pOigPjgmU7AzmZmWEQZU,Monaco F.,2qaamWKI07fOmaZjtkS1uR,2019-03-08,269841,0,2019-10-07T13:19:35Z,False
02BsAkethKc0IFpWV9DQxs,Nexus,Henri Bergmann,1FiAkaEAyepvi57FmYvJqo,Nexus,3zzEqYmxE0q0ykWSChyMHh,2019-09-27,409530,6,2019-10-07T12:40:39Z,False
6qrWlSKebAvv0EdVkp39fL,Sparks,Starkato,1lO9ligq8J6pXAAbvXwk9z,Flight Of Ares EP,6KOX7k4yrwQVPT0sfemjyu,2019-04-01,451634,7,2019-10-07T12:25:52Z,False
209yd0Hp4hxATSQcAMDntO,Turn the Tide - Original Mix,Sylver,1i9NxPRrKcoW34XTMnvzJy,Chances,6o2BbnAna7szYRf4YXFI2p,2001-05-07,480893,2,2019-10-05T22:45:39Z,False
6znwCsfcyoHIrNRJj3RE72,Sacred,Booka Shade,2CKaDZ1Yo8YnWega9IeUzB,Sacred / Cyril's Garden,2kxPYN3PjGq9FhRkrNkTqC,2018-11-09,408173,0,2019-10-05T16:51:46Z,False
6NbR47LKq9i4ZVKzLkYahi,The Arctic Voice,"Oliver Koletzki, Township Rebellion",1WjBIvYAnZTkTh5UiZNwlR,We Are All Lost,5GZC8VqB8pswXB0MoTgP6A,2019-10-07,390579,15,2019-10-04T16:20:22Z,False
4mnh62PDIRgMW80PSAP6DI,Tones Map (Chris Liebing Burn Slow Remix),"Chris Liebing, Chris Carter",21444lX8gpmOX36icLmbFI,Chemistry Lessons Volume 1.1 - Coursework,4KlAdAmq3jalBJhnHcC7Ib,2018-10-19,402158,0,2019-10-04T13:32:45Z,False
2DSTdXVhlCfiWnKpWgZlHA,All over You,LEISURE,7b04D0yLktCUpvxQBhmG7R,Leisure,4RcLTdNUuSTJYaaJMD4e3C,2016-10-21,234924,0,2019-10-03T21:27:39Z,False
2z8f7v10JqUq4zXokDn2c3,Valencia,Qplex,6jzKbs2y3hrAeiM5frPVbY,Valencia EP,28ABRHxfn3iy0fHlrSH2Xm,2019-09-06,486112,0,2019-09-28T22:17:02Z,False
5mtekYNQKL206zNH3UXdGD,Work,Étienne de Crécy,78YRbJhMi5kXKruiQGCJo7,After EP4,4QeFb0czxd0nPN5Sn9SWvF,2018-06-15,265160,0,2019-09-28T21:34:48Z,False
2HGkGgOOSLRgFIGsmwDZbJ,As I Sleep (feat. Charlee) [Gramercy Remix],"Tobtok, Adrian Lux, Charlee, Gramercy",6pcxIOhQCNb7DX2iuEXgxL,As I Sleep (feat. Charlee) [Gramercy Remix],4EQF3xYIEfXfbubESsLiEf,2018-08-03,204590,0,2019-09-28T21:08:12Z,False
5UqPcnwVuoAHWwyxxQj98z,Punset - Solomun Remix,"Edu Imbernon, Los Suruba, Solomun",0Vr0xxcbllx4JWHHxio088,Punset,4CpRzP5rKbVT4bz8GJ4TgL,2011-07-11,528207,0,2019-09-17T16:50:52Z,False
5GVm0Jyse3MfehoC1T6NiR,Salvation,Ann Clue,5fasubnSIOTRYlIZA17ong,Salvation,4op7bsrPxvbGxdGz4s5R7C,2019-05-03,428160,18,2019-09-12T21:24:56Z,False
0DdzPAxQBaivp4izyUJYdB,Geometric,Mark Reeve,58zZkWGb6qvx0AJ6L3ttlZ,Geometric,0xb5wUvXypZqg3DAggdjnq,2019-05-06,405555,0,2019-09-12T21:05:04Z,False
7hDSzr92dTsFPCFIGiynck,Interstellar,Victor Ruiz,0xgdNNa5mIbnJKp8AG8S4z,Interstellar EP,6TKfImhbKKBXIRKLZNoJCb,2015-07-23,470322,0,2019-09-12T20:17:38Z,False
2aKqSCOlErHn6sZKHRrw6A,Descending Fog,Steam Shape,5uoC4snYUYkUxsq4ZN0shI,"Mutual Respekt, Vol. 5",67HYZUWRdRSiRZfrKpOhu1,2019-08-23,213750,2,2019-09-10T10:14:43Z,False
30uitMgJTawWlVLNFEj3BD,Camargue 2019 - Enrico Sangiuliano Remix,"CJ Bolland, The Advent, Enrico Sangiuliano",51OKtNtm24ALAjAHBMiFng,Camargue 2019,14jNSfQhTIzkHrXiYxEjza,2019-09-02,494769,0,2019-09-08T23:48:16Z,False
7g85rAPa9iMdnm8DOUVD3f,Look What Your Love Has Done To Me - Amelie Lens Remix,"Perc, Gazelle Twin, Amelie Lens",4iyqyvWXO734GUNLTTnrPQ,Look What Your Love Has Done To Me (Remixed),3Ke4aq0r4PtVVJ5PXJhmPH,2019-08-02,463031,29,2019-09-07T21:02:30Z,False
7IftKIYmYtjMjhr4dZfFok,The First Rebirth - Charlotte de Witte Rework,"Franky Jones, Axel Stephenson, Jones & Stephenson, Charlotte de Witte",6g0B8JvJx33LO19ms0aIah,The First Rebirth - presented by Red Bull Elektropedia,35FwVSGkIKxwwoljuiPnoZ,2017-11-20,508546,22,2019-09-07T19:56:51Z,False
0S7777WWqz15Oa6QjvFR4u,Tears in the Rain - Original Mix,Brennen Grey,342JB4Bfj8Q7qdOraq3nMz,H is for Hercules EP,50Kvafeb9Qs20DzHV2PEDP,2018-10-05,406157,0,2019-09-05T15:28:46Z,False
4oizBznMj4x2H73SwBnZ23,Lost Emotions - Original Remastered Mix,Fire & Ice,7wUz2tfHRtYPkrAG3FIaVR,Lost Emotions 2001,7CNYu3Cybyf4wvx59Ws5lS,2003,532569,10,2019-09-03T05:01:32Z,False
7ynMPqoIUMRdebXtCmQTKc,Sparkling System,TRYM,5Nd385K2g3s0828W8Ab70z,Sparkling System,1PNhdGK4bJhAX6UHk9vfUF,2019-07-29,358793,0,2019-08-31T18:12:22Z,False
0N0qmV5OnKWZbVkaMDYi2s,Polar Aura,TRYM,5Nd385K2g3s0828W8Ab70z,Sparkling System,1PNhdGK4bJhAX6UHk9vfUF,2019-07-29,356833,0,2019-08-31T18:06:21Z,False
0GESAR8MnPxo4kM7GWuCuG,Forever Ravers,"ANNA, Miss Kittin",3wkaDi2HJV3eCaBJ4iH6om,Speicher 112,4W6gWw1CAqb8W1l8TiiDcp,2019-08-30,360812,30,2019-08-30T12:07:36Z,False
1fOVpI5kgMGi3m1RJQyJJi,No Order,Amtrac,3ifxHfYz2pqHku0bwx8H5J,Running After,1atiiuLx1TxzbLurvNAEO8,2016-08-05,344653,0,2019-08-21T11:59:27Z,False
3lkCOlSOojSCCq9vSK5uQa,Gathering Clouds - Original Mix,"Len Faki, Juxta Position",3fI3Z6NnYoeSQjcqPQDbM4,Superstition,2HFKEMra82pTejCPbcFoqh,2019-02-18,478682,0,2019-08-18T17:41:36Z,False
5wNwvQbXCljZszxOcewlQj,Robot Evolution - Emika Remix,"Len Faki, Emika",3fI3Z6NnYoeSQjcqPQDbM4,Robot Evolution Remixes,1IBRWYvlzn3f28xSOHgPtb,2019-05-13,307031,0,2019-08-18T17:29:21Z,False
4t9ILPlcJkgk7tGnLNDsZE,Northern Soul - Ben Böhmer Remix,"Above & Beyond, Richard Bedford, Ben Böhmer",10gzBoINW3cLJfZUka8Zoe,Northern Soul (Ben Böhmer Remix),5K87fWsKbm4EWeiinZM6o1,2018-02-16,267519,28,2019-08-13T21:06:41Z,False
2I4zvA6OfAwNZe7L176fWD,Eraser,HVOB,6RAx8RRxoHeJIqD2d0EjOa,Rocco,2eRzkEpNd6gMrbb5wjK9xl,2019-03-15,487964,0,2019-08-13T12:58:19Z,False
2JiEMz8cMMjzwDeMEHmwdd,Synchronized,InClose,0kSRZjBwar5dWkrPR57GMD,Synchronized,3t4XKB1ttGjvL1HFpYLaOM,2017-09-22,281705,8,2019-08-13T12:41:26Z,False
0CgFDAmsTi8angtDLa1WzF,All This Is For A Jump,Atelier Francesco,7mWSy3XhNWNLCCPtBnpBL9,Cocoon Compilation P,0mohL1PuhD16z7F2vgvHYS,2016-09-23,604727,9,2019-08-13T12:07:33Z,False
32FfVlpMpetvb4faIoeNbP,Final Fantasy - Original Remastered Mix,Extreme Trax,6PsDLBtVsmz6eToYh1WSGJ,Final Fantasy,67XVYaBY328PIQaLcmg7tM,2003,472587,37,2019-08-12T12:36:35Z,False
4Sq8VGSGRbkAHxpkMKId6B,Shining - Reinier Zonneveld Filth On Acid Remix,"Miro, Reinier Zonneveld",5JUfdWshNzylBIpNAimCg2,Move Your Body To The Beat,5roec5TFrr4pyt0bCfxlwq,2018-11-02,345338,0,2019-08-11T23:11:43Z,False
18ObUnCss0nHokqSIMiW4L,Sunshine,Matisyahu,5eyMzR1hYiEZtN2c9ly2kw,Spark Seeker,25jBzOlqfG4irUjTKNZKGl,2012,213069,0,2019-08-08T12:35:59Z,False
6U6AtmDatHagZC9hfI8q5I,Cosmic Love,Florence + The Machine,1moxjboGR7GNWYIMWsRjgG,Lungs (International Version),2Zm1iyTqpaIKqCCisX28Uk,2009-01-01,255906,0,2019-08-08T12:30:40Z,False
18jk6Dx2PsARpxfIHJTTtD,You've Got The Love,Florence + The Machine,1moxjboGR7GNWYIMWsRjgG,Lungs (International Version),2Zm1iyTqpaIKqCCisX28Uk,2009-01-01,168666,0,2019-08-08T12:24:52Z,False
6j8nh1kHwezw8pkC2eU87F,Touch Me (Radio Edit) [feat. Cassandra],"Rui Da Silva, Cassandra",1kx78nQhmITF7OFvivyN4v,Kismet Records Presents Touch Me (feat. Cassandra),2Frul2fiPFYTGneYeqJOCi,2001,213133,62,2019-08-08T04:06:11Z,False
4Pao52cLRh5J6M7gWEsC54,Life Eternal,Clint Mansell,01xiB0IlXMXy3wrrotgDnU,Black Mirror: San Junipero (Original Score),7HDVDHR93EkfLnt2nZ4bjy,2016-12-02,138447,19,2019-08-08T00:54:56Z,False
6yc1GhDYLaac1IahIgVdIP,Red Planet,Township Rebellion,4gGD7nrLZRnnCSz3KGEu4R,Static,3vbUHWi4I1bn8dsDoKPwjx,2019-06-21,570543,0,2019-08-05T13:01:53Z,False
1xdXDooKsUwg957EOMMORq,Bassface,A*S*Y*S,4xfA60YoR4UbBxuOn9WXJq,Bassface EP,0wfPEzAbVHEqANYfzCik8E,2019-07-22,390000,18,2019-08-03T02:27:18Z,False
2vfSCFvMbpf4hwxt22Wx7b,In Silence,Amelie Lens,5Ho1vKl1Uz8bJlk4vbmvmf,"A-Sides, Vol. 6",0xBuVXgWQWrqqOdCSWYTkh,2017-09-11,393740,0,2019-08-02T15:53:21Z,False
7FZCXObjrsUiZuXvOQAnD9,Piece Of Your Heart - Lee Foss Remix,"MEDUZA, Goodboys, Lee Foss",0xRXCcSX89eobfrshSVdyu,"Piece Of Your Heart (The Remixes, Pt. 2)",3neZrZZVCWjtXDWhJZxy1p,2019-07-12,248219,0,2019-08-02T12:23:53Z,False
1DFD5Fotzgn6yYXkYsKiGs,Piece Of Your Heart,"MEDUZA, Goodboys",0xRXCcSX89eobfrshSVdyu,Piece Of Your Heart,0cqRGWD3uc5Lggpducn5nD,2019-02-01,152913,69,2019-08-02T11:29:22Z,False
1tnWRkUWav9cSYj9tOCQEI,Energy Fantasy,TEED,0g3NiCRhEv7M4SEDMrpItN,Energy Fantasy,4EQSxo5k4kZMl36qCH0Dzp,2018-09-07,401263,0,2019-07-28T18:05:39Z,False
0dsG05fycoumsH752gtg70,Rave On,A*S*Y*S,4xfA60YoR4UbBxuOn9WXJq,Bassface EP,0wfPEzAbVHEqANYfzCik8E,2019-07-22,456923,15,2019-07-28T01:36:26Z,False
37hKRdwd8UTbxlL2c7p9KB,Therapy,"Hot Since 82, Alex Mills",1tRBmMtER4fGrzrt8O9VpS,8-track,3ophs4Ci76rbhWzu2QwCGC,2019-07-26,341311,37,2019-07-27T03:46:59Z,False
6qFDH5YRsAVhoQMBie2EnU,Santiago - Alex Metric & Ten Ven Remix,"Mellon, Matti, Alex Metric, Ten Ven",5nX11e0cLSEndLBKwcLvsG,Santiago,00nHFpGPULGfKPRe7dN0Xx,2018-06-22,406616,0,2019-07-24T13:03:54Z,False
5RcYEjhEbrfI3jDVZh5LWy,Time to Lose - Short Version,Joris Delacroix,3HRRzIZNQFus3xlUx2xKy1,Time to Lose,5HMgAxX9vL31jJOA0na8Ab,2019-07-05,260508,18,2019-07-22T02:41:48Z,False
2zOg19rSmeAaiakYWlhkHg,Love Drug (feat. Fritz Helder) - Radio Edit,"Booka Shade, Fritz Helder",2CKaDZ1Yo8YnWega9IeUzB,Love Drug [feat. Fritz Helder] (Remixes),4JltTkuu868rk9KOgsRh0i,2014-06-13,230789,0,2019-07-22T00:38:08Z,False
37IrFeTPLJs1IKxoBDuN8b,Sansula (Max Cooper's Lost In Sound Mix),Dominik Eulberg,44zcDDVZOY0ck7KECNUPK1,Sensorika,0G0rFTWsRDywOqg3r7MY6r,2009-04-10,486035,0,2019-07-22T00:20:41Z,False
6MLWGCJ4OnfChlVwHAwtnx,Sie ist Schön,Jonas Mantey,0uI4673Y1ImcbhXGSS1z3h,Schneeweiss Presented by Oliver Koletzki,17UH0y6RR2wzQdROII4MRj,2013-07-12,463361,0,2019-07-21T23:44:22Z,False
1kM3YDYaxamwRonSexKBTO,Sinner,Farrago,40dlsb5MBbRdrB2hf8XnvU,Neontrance EP,5ikZiV8IoV2vysD18GZxK0,2019-07-12,419236,18,2019-07-18T11:43:00Z,False
6dKvbUU3QF2IxUe2TTNstJ,Atlantis 1997,"Futurecop!, Cavaliers Of Fun",10yA9Y6h5wbDaX5XuZuA9X,"Hopes, Dreams & Alienation",47CCf8XMlBWSEVOb3x2XdA,2013-01-01,283809,14,2019-07-14T13:40:01Z,False
47bkqSjZfcEmxqSLWNVftr,Equality - T78 Remix,"Nusha, T78",5jsGnMw1mnU4FfhhcXUR6Q,Equality,7uWqx6FTPW8gS20P5w9SZg,2019-04-01,354461,18,2019-07-11T12:54:01Z,False
32h3MkEPmDfts4mCUA5IIF,Colours of Black - Original Mix,Hidden Empire,44Ga1YqZthFOzZSTHiNWkC,Suara Showroom 028,6rSd3JE0I9Itf3xm1GP1vD,2017-07-17,385850,2,2019-07-04T06:09:25Z,False
2Rvi6tLo8rhsA4ok36oJYi,Reaper’s Theme - Original Mix,Brennen Grey,342JB4Bfj8Q7qdOraq3nMz,Reaper’s Theme,5egnx055vh0jZxqP6Uc9ME,2019-06-07,397500,0,2019-07-04T06:04:12Z,False
0hRsVat24KvFZOSDihwNyT,RTRIG,Joyhauser,59a1Bp0JQfL2mGnpL0lW2Y,C166W,286NSGDQhY4tA1rjJdaU7y,2018-10-26,431627,0,2019-07-03T04:59:27Z,False
0fgSowdCdBhR53PoDH03JU,Trouw,Joyhauser,59a1Bp0JQfL2mGnpL0lW2Y,Deeznuts,5rsiZr2jOJg4x5udiXLYwP,2016-10-20,498107,3,2019-07-03T04:01:35Z,False
5xUvPuiQvF1AQHE5Xj4uTL,Caress Me - Edit,Ben Hemsley,366L4EjZXBPYbHs9XDQILZ,Caress Me,2G2x46mQJsmTRiVH6uRk79,2019-05-31,203520,0,2019-06-29T22:34:41Z,False
66CC0YuVDBVbfMymqFrIRq,"Lies, Deception, And Fantasy","Chris Lake, Lee Foss",5Igpc9iLZ3YGtKeYfSrrOE,"Lies, Deception, And Fantasy",7oB8aUReYcebkHHBhCztQB,2019-06-28,271013,0,2019-06-29T22:03:29Z,False
4T5gT94U6lsyjZGI8smDAk,Number One,"Özgür Can, Very Addictive",6YNMyQAlJK3JPOUCbGUaQi,Number One,0AkS66XWRavCIu15wgO5Gm,2018-03-09,234098,0,2019-06-26T11:03:19Z,False
6m8mbyoMIs5Tg8HNfStrjQ,Gone (The Pocahontas Song),Ziggy Alberts,6tuPdaFPIytg3l2f51L7Hw,Land & Sea,6Gh1pmtlyyqDkkhCftUvVy,2014-12-11,218500,0,2019-06-21T08:57:29Z,False
2uWjJzlKX3BXA8hk8g4gEW,Polaris - Original Mix,"Beico & MT93, Nicolas Taboada, Beico, MT93 (IT)",7tqXhI5Dt7utI8xVAyumO1,Let There Be Dark EP,0eGQMz3V6dinVs3hdX2g4P,2018-04-20,424079,0,2019-06-20T17:15:08Z,False
5MJ3uvL0YT5jmVtw51L6oZ,Until You Love Me,4 Strings,2a0fbijQhcaj1hOFp5b3id,Turn It Around,6pTVe2YhNdk9Rcs2H2eIvz,2004-07-27,217000,15,2019-06-19T03:20:42Z,False
0EcH1iItB5rVIZaaiQMbsG,Take Me Away (Into The Night) - Vocal Radio Mix,4 Strings,2a0fbijQhcaj1hOFp5b3id,Believe,7m03aYUMXQ19qB1s5rTz4w,2003-04-22,190426,59,2019-06-19T02:40:59Z,False
2Aqc48sn8He26hmTvQ2BMj,Hey,Pixies,6zvul52xwTWzilBZl6BUbT,Doolittle,6ymZBbRSmzAvoSGmwAFoxm,1989-04-17,211440,0,2019-06-18T21:09:31Z,False
7DPZgrjAeDLr4ROa4XPjyf,Different,Teenage Mutants,3IFgjVPT8yeB4UnJCWOpZA,"In Search of the End, Pt. I",1Rc4nae7LR97ULS1KczBhU,2019-06-14,412196,3,2019-06-14T18:38:37Z,False
64cVYhfF7RaYX2LDiK2dpR,Carte Blanche,Veracocha,1DT2WEMQmEJ3yRmTaqzrXd,Carte Blanche,1HiMgrHPVQOgyFhh8IuwHz,1999-05-01,205800,0,2019-06-13T02:08:08Z,False
6egKlzcoIcwOy9hy0PiMLA,Balthazar,Klangkuenstler,6H77vD9YyhyxHBTkRpbMBk,Balthazar,5pSOV8UqTOtLO5x6r0psp2,2019-05-10,362272,30,2019-06-11T17:45:25Z,False
31RBiHGg0U5pn5Lmrfdggw,Sunfire - Drumcomplex Remix,"Maksim Dark, Drumcomplex",2dbxPQ9Ri4dvE6tuLp1jOu,Sunfire,3pJABcEpZ1ShCYQdi3rP04,2019-04-29,432000,0,2019-06-11T17:23:19Z,False
6NhicNBALq2gt52Ejuk9iZ,Tears I Can Afford - Bicep Remix,"Brassica, BICEP",2n2Ah4eslXpgZNFQPM1STG,Get Down,14XLXaJD7EcUvldegyBRr7,2016-05-13,469717,20,2019-06-05T16:17:14Z,False
7zIZceY725gmagRyy5MsL9,Call - Original Mix,"Stil & Bense, Ally",5nuJOwgBqKBIWyCr0dQgEH,Call EP,76er1UwthAuLy2Hj1rUxz0,2018-01-01,403221,35,2019-06-05T16:04:57Z,False
21Zibi7FVyIVgdcRX3QXvy,Without You - Mistakes Are Ok Midnight Version,"John Talabot, Mistakes Are Ok",1YvN5uOGQkHVUUlZUcnotD,Without You,00GWXlduqhosgQD8imNuE0,2013,412056,0,2019-06-05T15:18:28Z,False
1xvN7BtPikRLA4WFB3iOSg,Love Dub,Marcus Worgull,4N2PiVgTuh2rxhc3HGVKAG,Love Song,6MrtOgbJZNXYfifA8bKrfo,2018-09-07,355025,24,2019-06-05T14:48:23Z,False
6TjL5Cp1AeTMzhFdamNwL8,Wave - Sorg Radio Version,"Rone, Noga Erez, Sorg",3Dw9w3jnmr58ocgxiwITcq,Wave,3kvAF7Tbd3MhBl2RFQJ5oO,2018-06-01,212414,8,2019-06-05T13:52:18Z,False
3ytB36asCsmd9gKd30Negg,Painfully - Dub Mix,Julian Wassermann,6QXqARXg4hZ3oAUitm2gU0,Painfully,3SyT4RWH7P7anOztijNAHr,2018-11-16,445743,20,2019-06-05T13:48:21Z,False
6HTQHa2KzZJCi4JrNHkcsU,The Wave - George Acosta Remix,"Mauro Picotto, George Acosta",0MNSDAOCHF7f2ZfAYxZ9bp,The Wave (George Acosta Remix),5C7BmoPBs4VqcPmCeqNNfb,2018-09-14,268800,0,2019-06-02T14:12:45Z,False
0yndiHV68jSDkxxpdbzxdX,Pantagruel,Dusty Kid,6JGLndnzrQrIFkd8NFha3C,Kydàios EP,3ByGVPeiGEBt947mFOZO4X,2019-05-20,376715,31,2019-06-01T17:30:39Z,False
0fSWx7tvMiwvmFCSBVmkqA,Forced To Move,Amelie Lens,5Ho1vKl1Uz8bJlk4vbmvmf,Nel EP,7dZMI4O1Fc20joMcyfiHFZ,2017-03-03,395480,0,2019-05-29T11:25:55Z,False
5uKvLt1ya0MBs8Y2jGD61f,Plastic People,Reinier Zonneveld,21A7bhIL1m6CNZn8y57PIZ,Megacity Servant,3giZg1sOZTe503fZQiTgnO,2016-09-23,430745,40,2019-05-29T11:15:42Z,False
77DdPcZAgdV7fvLf2peo7o,Nimbus,Victor Ruiz,0xgdNNa5mIbnJKp8AG8S4z,Nimbus,3qVdBz6lLgs6kdTiYDIMgY,2019-05-27,519934,0,2019-05-28T21:32:58Z,False
06j55Ok0s91zfw63w45L7f,Everybody,DJ BoBo,14dmbYen0AciYxu5n4Fkpd,Megamix,3T2zR2ucJm9PlB9HdT7W6l,2014-09-12,228693,0,2019-05-28T13:19:03Z,False
248MY9E2YJf9kSJqIJRTwI,Blue (The Blaze Remix),Fjord,4YksGBCsBc8cPbQPyHDefV,Blue - The Blaze Remix,0aqhVIxCF6p3U5Yibzfqft,2016-11-18,458746,0,2019-05-28T00:26:19Z,False
0jfpmgv0qQBynaWu2zxWPK,Shelter,Monkey Safari,5zovXI5By2gUhdr7EByjLa,Shelter,1Q0e9Bvfvrtps35ANnR2Tb,2018-09-28,374149,0,2019-05-25T19:37:18Z,False
6oQahJWgwGYnIxgGIakAn5,Lagoon,"Einmusik, Jonas Saalbach",1LXTXZjheh25pXMEUT9iC1,Falcon,48SpHZZcqCeTfWDJ4QDqGf,2018-07-13,439835,0,2019-05-24T13:21:54Z,False
4sGBlvEDufO5Q3W2qioelE,Mechanism,"D-Nox, Beckers",1TqcQwnBqloJrKkGs4l4LT,Einmusik / D-Nox,1I79iAbI6MdkJOwBA5r4Ms,2019-05-24,485294,7,2019-05-24T13:17:45Z,False
52S91fXkBILefxfhBfCzWX,Escape,D-Nox,1TqcQwnBqloJrKkGs4l4LT,Einmusik / D-Nox,1I79iAbI6MdkJOwBA5r4Ms,2019-05-24,494153,8,2019-05-24T13:06:18Z,False
7zmv6LDI0P5Rg0YaP0iK5F,Sweet Spot,Einmusik,1LXTXZjheh25pXMEUT9iC1,Einmusik / D-Nox,1I79iAbI6MdkJOwBA5r4Ms,2019-05-24,450089,18,2019-05-24T12:58:50Z,False
3Mpyxi2jxNjqo5qw0Dteo1,Sirens,Einmusik,1LXTXZjheh25pXMEUT9iC1,Einmusik / D-Nox,1I79iAbI6MdkJOwBA5r4Ms,2019-05-24,482024,24,2019-05-24T12:50:50Z,False
7lK39DejI5djqZtFqAzBfR,Days of Lavender - Amtrac Remix,"Promises Ltd., Amtrac",2JgUCWMkArdLIENeaJcJ0Y,Promises Ltd.: Remixes,2nFH7Db9SP3H21Owf6kSMm,2016-11-09,369391,17,2019-05-21T01:11:54Z,False
06KHtnmqGQYx1yaIAVi0Lj,"I, Philip",Rone,3Dw9w3jnmr58ocgxiwITcq,Mirapolis,0gsKWYzmxZ83Ew4N0XLcz1,2017-11-03,273182,25,2019-05-19T19:45:42Z,False
3eJBKLhpOauQJlgoOSPErD,York - Original Mix,Christian Löffler,3tSvlEzeDnVbQJBTkIA6nO,York,1JnQnOzllnrbMaJTDSP9wq,2015-05-03,476675,0,2019-05-19T19:39:00Z,False
3GyOPU16lqk4zQgzX3jBF8,Les vitrines,Kid Francescoli,2G7QgTep5IsJHGHm1hXygD,Play Me Again,2FQgN73VPI2y6rTimKXZtA,2017-03-03,197654,0,2019-05-19T19:28:41Z,False
2yMYPjYBmVfl85bvQavtK3,Motion II,"Rone, Les Siècles, François-Xavier Roth, Vanessa Wagner",3Dw9w3jnmr58ocgxiwITcq,Motion,42tlvrjqyrwgIn60vITWIx,2019-05-15,332900,12,2019-05-19T19:20:10Z,False
5NuS3ktpMOyhfO8CrUqQhB,Toi,Worakls,5RPzPJCg4ER1LzQkorZ31p,Toi / Cerisier blanc,0el1UUeKBvFxOJuKOd05wU,2015-02-13,428945,53,2019-05-19T19:01:11Z,False
3EPpNzUPEo07qHOYdqfFBM,Mirapolis (Laurent Garnier Remix) - Mixed,Rone,3Dw9w3jnmr58ocgxiwITcq,fabric presents Bonobo (DJ Mix),6Zs42QVS22zdzLXh2v0sHf,2019-02-22,353360,0,2019-05-19T17:04:46Z,False
2jKhAkKrtSPVNkmz5BT3Ft,Wave,"Rone, Noga Erez",3Dw9w3jnmr58ocgxiwITcq,Mirapolis,0gsKWYzmxZ83Ew4N0XLcz1,2017-11-03,332011,33,2019-05-19T15:48:42Z,False
7trcgmrI0yAiS6DFFs53yG,Lucky Star - Solomun Remix,"Ron Carroll, Superfunk, Solomun",4GcXer1D6UzmWfW1wTqS9r,Solomun - Selected Remixes 2009 2015,7JEymJlaR8N3XENiLwoRju,2016-07-01,327986,0,2019-05-14T20:43:04Z,False
6WkJ2OK163XXS2oARUC9JM,Dancin (feat. Luvli) - Krono Remix,"Aaron Smith, Krono, Luvli",77qukKzmdI5BeMBR7WGUrN,Dancin (feat. Luvli) [Krono Remix],2J2f6vGACFrRghO1Ki74BE,2014-11-07,198053,77,2019-05-14T05:21:10Z,False
7Ld52GLxKBEFuydXBQVcqF,Nightrun - Comaduster Remix,"Trifonic, Comaduster",2TDsrZZt4XXF7iQlr5l20Z,Nightrun (Comaduster Remix),4uscVYloEEn63d3bCQfAiy,2019-02-25,301313,24,2019-05-12T19:00:55Z,False
4RGWOD71QhTEdOHlnsdQH2,Faces,Daniel Bortz,23B2qxOv4x5uzlyhfEuNQi,Faces,1u2O3Yx3A1bU8LVgVSAPbo,2017-12-15,346606,0,2019-05-10T13:03:02Z,False
2iLm3prPdwBJcE89sGrLe9,Freund der Sonne,Theydream,5dNuHnFp9DGGOxoQx1WB5v,Faze #74: Boris Brejcha,5virWftavWPBx18dThGq8s,2018-05-18,402791,0,2019-05-10T12:47:33Z,False
0voh5sxpWkU8G0YnC1O1rP,Loneliest Boy - Extended Version,"Booka Shade, Craig Walker",2CKaDZ1Yo8YnWega9IeUzB,Loneliest Boy / Just Like Tonight,1c5f225EdIvFpYoTiA5fJC,2017-07-07,342655,0,2019-05-10T10:40:36Z,False
2KEfaV85rRrijohxW6WJoA,Fenix,"Beico, MT93 (IT)",4tanconFCPopBgtTduGXTH,Fenix EP,4UHUVl0NAzN1VyJsQx09s1,2018-12-24,384372,15,2019-05-06T21:04:30Z,False
2qSvGLIjFpKn7AZTUYOQBj,Infinity,Pig&Dan,04jj7dljPI0ixtNsz2pXWK,Infinity,7b3g3VFqlvJWV58MeSV17q,2019-03-11,398166,0,2019-05-06T20:53:41Z,False
1KcKjWHlBwSSywdLd6MZQj,Obscurity,Oliver Winters,79YtVyEljwncTmm9Cl2X2i,Obscurity,4l4YLVHAXZtpdVYhMltige,2019-02-25,407121,0,2019-05-06T14:40:30Z,False
4gg6qYC4v7PHn221f7mGuS,Supernova,Klangkuenstler,6H77vD9YyhyxHBTkRpbMBk,Outworld 001,6ZqF8Pz0FPfBX3GTSifCQ7,2019-03-15,407516,23,2019-05-06T11:28:57Z,False
149kuNsz5gmM8IdT40aBic,A New Beginning - 70's Mix,Mario Scalambrin,1dTT58CD2BSJymG99saI0k,A New Beginning (70's Mix),0HVq5M5HYb2uReO8W7W0hO,2017-11-27,313126,2,2019-05-05T17:15:19Z,False
2m79kI9r7mXd2faiaS6eYO,Voice Of Silence - Edit,Cristoph,532SqCIYmJyXEdEiCJLgYG,Voice Of Silence,0vlRzbLBm4UTCKBT6LZI9I,2018-06-08,214389,45,2019-05-05T14:04:31Z,False
2Hk2h7XQBVK6udY0KwygrC,Evolve or Die,Hot Since 82,1tRBmMtER4fGrzrt8O9VpS,Evolve or Die,6eYY4djEILuyzYBIXXrLJs,2017-05-19,488075,4,2019-05-04T13:47:04Z,False
1Xk1N5r79UPSv5TdfwLI9K,Waterfall - Vocal,"Miguel Migs, Lisa Shaw",6sqqGHyJ1Dnt1qKKe9iGAi,Waterfall,6hedy3jvl7aviXqfWyLYdE,2016-12-16,378000,34,2019-04-30T22:14:22Z,False
6EhMe5eUJcEOPkiN308Wr2,Private Practice,Nick Monaco,0fsDVdEDqPmn5CISll6OIQ,Mating Call,09oBrGwmOhzvOT5ZM23awk,2014-09-08,287656,0,2019-04-29T13:04:37Z,False
74wIqcZTaYbs8OO8SmPKsz,Freak You Right,"Lee Foss, Eli Brown",44T94QQEc60Jf7kqGY6Rip,Freak You Right,0Emq9qliT8GEYp3Oe6gLTi,2018-10-12,166173,16,2019-04-29T12:45:11Z,False
0MyY4WcN7DIfbSmp5yej5z,Da Funk,Daft Punk,4tZwfgrHOc3mvqYlEYSvVi,Homework,5uRdvUR7xCnHmUW8n64n9y,1997-01-17,328680,65,2019-04-28T16:33:29Z,False
7ixuc4KOSHm0BsrwsRLM3i,Fingerprint,Lane 8,27gtK7m9vYwCyJ04zz0kIb,Fingerprint,6EMOjKnKvgPQrHZjFMRFfM,2016-07-11,404391,0,2019-04-26T20:11:57Z,False
1RUPwddr2YjOWsK2kQtrEA,Horny - Radio Slave and Thomas Gandy Just 17 Mix,"Mousse T., Radio Slave, Thomas Gandy",5N6EzjkOoyABhNZJggeXi6,Horny (Radio Slave and Thomas Gandey Remixes),6zCExi91ZYboC0ib9KNBeH,2012-02-23,475092,0,2019-04-23T13:49:42Z,False
6AVKMRdQ16UFYMkNhauL8k,Acid Test,A*S*Y*S,4xfA60YoR4UbBxuOn9WXJq,Alpha Sides Vol. II,1axGs4RxanHXgIsZVd0STu,2019-04-15,397584,7,2019-04-20T18:57:23Z,False
2L9r4QSAey3p3qEYDNoq23,Ecccentric,DurtysoxXx,7zHyh9PAWQviGfQ101xfd7,Alpha Sides Vol. II,1axGs4RxanHXgIsZVd0STu,2019-04-15,422402,1,2019-04-20T18:49:25Z,False
01VTDFZQ4aGRdHR92rSd1T,IDKILY,Amtrac,3ifxHfYz2pqHku0bwx8H5J,True Value,1q6CWyadv6QhkNgzr1OwlH,2017-04-21,282906,0,2019-04-18T20:17:02Z,False
5cSw4Gkh6Cuxl8JH8vchlm,SL001,Bearcubs,5iPtkyoEOCILhwFgl2a2d3,Underwaterfall - EP,7wpd8hTxFLk3S5D4kZUe4u,2017-03-10,289043,11,2019-04-18T20:08:20Z,False
6twiVe7YH62G7fmYsYRpwN,Come Back to You,Crooked Colours,0aA1GTrIMutjIh4GlPPUVN,Vera,3X5CLlg5PAmgrHgOBFySAe,2017-06-23,188393,45,2019-04-18T18:30:42Z,False
4snT9aRs3dBI4NjKIazBXR,Zermatt,Kamaliza,6YUQJ6WF4FGDqqBQ1LTjL6,Zermatt,0p85vSpU9WzyEGmvh1LN42,2016-08-19,217500,55,2019-04-16T11:12:10Z,False
2jwxVmUqXWsMpROLqujbsx,Dying Of The Light - Victor's Interstellar Remake,Victor Ruiz,0xgdNNa5mIbnJKp8AG8S4z,Stardust EP,3mhrGBovbQNryf4j2cOxs3,2017-09-04,499306,18,2019-04-13T13:24:23Z,False
0LvTWZYF3PktiCX9MhZmsa,Minotaur,Cosmic Boys,2jvTYwyzxK1FVYGEoKfZLQ,Minotaur,2vOABml5j5T6r6EXYSeLbS,2019-01-18,428000,0,2019-04-13T13:07:34Z,False
0eCZ374V0zfrvAGiiy5ToH,Cashmere,Hidden Empire,44Ga1YqZthFOzZSTHiNWkC,Cashmere,5XHlcApmBG8gD683yvtQjb,2018-11-12,454218,0,2019-04-13T12:43:57Z,False
6ecFlTVa2wFRhjEDXR2b2t,The Hits - Oliver Koletzki Remix,"Karri O., Oliver Koletzki",0goKDZm0Jye1UTiJX1PTMT,Remix Tales,1KFqkjrqm3LwHzqScoKd5u,2019-04-12,408871,3,2019-04-12T17:43:45Z,False
2lJgUJ5B4jG6RB0TiUDc1V,The Best Revenge - Oliver Koletzki Remix,"Fischerspooner, Oliver Koletzki",5R7K1GezC0jy24v1R2n4x3,Remix Tales,1KFqkjrqm3LwHzqScoKd5u,2019-04-12,406306,4,2019-04-12T17:33:49Z,False
2jEIQK5ADoIH4OlCFzKoag,Swallow - Oliver Koletzki Remix,"Monolink, Oliver Koletzki",2I4hRNCYkPKJQlkoEZKjYx,Remix Tales,1KFqkjrqm3LwHzqScoKd5u,2019-04-12,436418,0,2019-04-12T13:38:31Z,False
14ZaapPJ0goVV3JxVxdREG,Dogs - Oliver Koletzki Remix,"HVOB, Oliver Koletzki",6RAx8RRxoHeJIqD2d0EjOa,Remix Tales,1KFqkjrqm3LwHzqScoKd5u,2019-04-12,434175,11,2019-04-12T13:30:09Z,False
6IdFO1sqWdl02uwACVwyRJ,Body Language,Layton Giordani,7mC3RkNNTV6p2j9w4F8Ip4,Phase II,29eWVNArvswCUlbQm6itmv,2018-12-10,384843,0,2019-04-07T23:58:59Z,False
6VouvfyygVMuODigWmheJT,Space Date,"Adam Beyer, Layton Giordani, Green Velvet",1btv9qmIpbp7q1ixCYNdHu,Space Date,1Tp0k8Wi7JxOQEN8YoGnDN,2018-08-13,396851,0,2019-04-07T23:50:33Z,False
6JGDoTtGLaaikBdyLExPZ8,Serenade,Stil & Bense,5nuJOwgBqKBIWyCr0dQgEH,Serenade,5iRJm5uxTDkkEu0EmQf1jR,2018-10-31,411400,21,2019-04-02T19:03:07Z,False
3owYGxfvAhIDVXpD2yeAOz,Crasher,Rex The Dog,5zbQoW1WWTzvITE8w4ckoC,Crasher,7nhRhJ0XUNWt5malAs9q67,2018-04-20,466758,13,2019-04-02T18:13:48Z,False
0qjMAtg8UCHy6JBFcflBZR,Funke,Pan-Pot,6OQOvP7RAdmAKVXXQqD0Se,Funke,3QVlmhwCxp4ewWc4MpumoN,2018-05-11,512977,0,2019-03-29T13:06:18Z,False
00DTyvJWZxmyG6qLE9O57F,Grey Matter,Pan-Pot,6OQOvP7RAdmAKVXXQqD0Se,Grey Matter,39gj26YQQyxNhloytMoP31,2014-09-26,450147,0,2019-03-29T12:58:02Z,False
6mb81FibbHVFICW7MWlEpO,Tension,"Pan-Pot, Stephan Hinz",6OQOvP7RAdmAKVXXQqD0Se,Hub One,0OQy6ZCm5tGE99qfF7kzVA,2015-03-20,451200,0,2019-03-29T12:46:15Z,False
2QRZwBHkAcTrdrs89GkAog,Voyage Interieur,"Michael Mayer, Miss Kittin",5R9d1YP5jtBw2IrQItGzQI,&,4io70N3rweJC7TKvZfcVAD,2016-10-28,232911,0,2019-03-28T12:22:00Z,False
3GQRcuf85AKApcjzrw8FJm,other,freshgoodies,38PTbKsLfXgSDIINnVBl8P,other,1WiArTGJd28mYQedpjgdIW,2019-02-15,128666,6,2019-03-20T20:58:42Z,False
3C0c4HDEH7HBbzpPSz8R30,Never Ever,STRFKR,2Tz1DTzVJ5Gyh8ZwVr6ekU,"Being No One, Going Nowhere",2Atz9f2tBNGwjQEuOsYayk,2016-11-04,214906,12,2019-03-19T12:32:59Z,False
0YU7tamLHRX5lfC2Cag3Hc,Spreading Plague,I Hate Models,0KqSULB80ft2H3aFg6kJmN,Spreading Plague,6FUUSDEnH5FHZxFDTmSNIQ,2018-11-30,593669,16,2019-03-16T18:09:06Z,False
2vPJlcwS31XkicWRCv5sFC,Cyanure Dance,I Hate Models,0KqSULB80ft2H3aFg6kJmN,Nigredo Edition,00biPgUkS0M5xwNMoGXKxm,2017-04-07,575998,31,2019-03-16T17:18:03Z,False
0Y3SRdVn4yNpXD2rpTcPun,Heartbreaker,I Hate Models,0KqSULB80ft2H3aFg6kJmN,Totsuka No Tsurugi,6DEJErUUiixATMvkg9XtHN,2017-07-17,695662,25,2019-03-16T16:58:38Z,False
4S1F8nRWikyKlNtrLHAm2w,Totsuka No Tsurugi,I Hate Models,0KqSULB80ft2H3aFg6kJmN,Totsuka No Tsurugi,6DEJErUUiixATMvkg9XtHN,2017-07-17,483973,23,2019-03-16T16:55:27Z,False
1So4cujPIlqeKKUrHowp5z,It Will Last Forever,I Hate Models,0KqSULB80ft2H3aFg6kJmN,Midnight Cults,72Y67lz3xUDppMnxxx5rpq,2018-08-03,594218,23,2019-03-14T18:07:55Z,False
075c2lwxN8eSaqkH5Rt2MS,Sorrows Of The Moon,I Hate Models,0KqSULB80ft2H3aFg6kJmN,Sorrows Of The Moon,4Eu8BapzhKrzUFOCaMhPNs,2017-06-03,397611,37,2019-03-14T18:00:11Z,False
6xF46agHPmGelVU424OKhz,Drips - Stimming Remix,"Pascal Schumacher, Maxime Delpierre, Stimming",0VSt9azgjBhQlNlSlySE7M,Drops & Points Reworks,3svLJFCa1TiNvUDQAopZU3,2018-01-12,512391,9,2019-03-13T11:29:53Z,False
0bW2kQaJSmOrSZqseoZVBD,Clap Your Hands - Solomun Remix,"Whilk & Misky, Solomun",6m9a3tDNWDe6bVR2csIjEv,Clap Your Hands (The Remixes),6seY4F8Vy92rbOPAelyWNv,2016-09-23,577508,32,2019-03-12T16:27:14Z,False
4sWJCVOn705QUBCDt81bPB,O'Neal,Baltra,2tEyBfwGBfQgLXeAJW0MgC,Rearview EP,1meEABy5Nr83dO5CZ3Qf5u,2017-07-17,354285,32,2019-03-12T15:53:39Z,False
14Xt2gHH3KH7J1sLAckfnq,Don't Need You Anymore - James Curd Remix (Edit),"Chez Moon, James Curd",5R05P7w3kjhDsQBNMEGF7f,Don't Need You Anymore [James Curd Remix (Edit)],70N6BgS1BsC3aPCsRpz9OB,2017-03-17,237049,0,2019-03-12T11:26:29Z,False
5md56JMmEL8RgGJdeH8XUx,Discovery,"Patrik Berg, Matt Sassari",13SB6LyYpsdN2QPEqpYS9l,Discovery,1EbEDP3WWSohWL3QaOGnze,2018-04-20,371250,0,2019-03-10T16:52:39Z,False
0bLe5mJhPoxZXE7jXGT3NE,Ariane,Joachim Pastor,6eNOjuJSfKkAvbiGW90AkZ,Ariane,3fZamZJ7eGgGWoFvF53eKj,2018-07-20,351944,21,2019-03-08T20:02:30Z,False
67I8H5l6JIf7Jv7XFpD8Ho,Epoch,Park & Sons,4vW11SYIRCdG7HLz2fdqys,Epoch,3xPI2QqLDGCVGXmyedHWNS,2018-03-16,330967,10,2019-03-08T19:52:43Z,False
7JIa42NScxNLiuLIDAdV5r,Miami Showdown,Digitalism,2fBURuq7FrlH6z5F92mpOl,"I Love You, Dude",4SFQiqwCYrn7BvB47crF0e,2011-06-15,207533,0,2019-03-06T21:34:13Z,False
099hgHuq1F9lcXyH1uVS2v,Wächter der Nacht,"SHDW, Obscure Shape",4IyAdT9yACjgFv8Qk2eSkO,Die Augen des Teufels,5k7driCRXZofz4Yd0ZRjqB,2018-09-10,329578,0,2019-03-06T00:11:39Z,False
2aJDlirz6v2a4HREki98cP,Glue,BICEP,73A3bLnfnz5BoQjb4gNCga,Bicep,4psDRFbIlUM1KUb1omccXo,2017-09-01,269149,71,2019-03-05T19:27:39Z,False
2sifRHahNmhTR7a3BjKc9u,Timebomb Zone,The Prodigy,4k1ELeJKT1ISyDv8JivPpB,No Tourists,6DAq2tDWMqPP7MTdb3aIDi,2018-11-02,204914,0,2019-03-05T17:44:27Z,False
6rAA0RStXe4glglmQKPwr8,My blood - Flutters Remix,"Moe Turk, TSHNKO, Mougleta, Flutters",12rv3gD3SpWQRRkswqlwvF,My Blood,4M0QSo5OxE98OJwnZX198L,2016-04-28,455517,17,2019-03-02T18:01:50Z,False
0xhXw0cGMnxjxmSgko4MXD,Unstable - Original Mix,"Miguel Campbell, Josh Booth",4uZJDUKi3NXQsuMKP3rOeC,Daydreams,4T1OWMsJi2R3fvhLQc636q,2009-07-01,256653,2,2019-02-28T20:39:16Z,False
0Z4N9R2pPsOzeFE9r9upR1,Shimmyah Shimmyay - Original Mix,Miguel Campbell,4uZJDUKi3NXQsuMKP3rOeC,Community Funk 2,175C8GIHXOyi0tZVYhp2Qo,2018-09-07,257705,0,2019-02-28T20:31:29Z,False
0PjCpt9GpucCaS1gz0Ebca,Own Thing - Original Mix,Miguel Campbell,4uZJDUKi3NXQsuMKP3rOeC,Memoirs,7qrRz4BesvphAY9mZk2T9r,2016-05-06,464129,0,2019-02-27T16:33:11Z,False
3nFz1gII8NlTWcwvgplMzX,Free Falling - Original Mix,"Miguel Campbell, Beccs Lott",4uZJDUKi3NXQsuMKP3rOeC,Night Drive Without You,4svePrhyrfOE5hiQaRWRak,2015-12-11,371893,0,2019-02-27T15:50:57Z,False
0uKKDJ3L2ayyhrrhT4iI9v,Nova,Tale Of Us,1UL813H5aj3e8ekE5RqWqc,Realm Of Consciousness Pt. III,0obMiSgdjrQh66SkJp6Hlo,2018-06-29,442525,0,2019-02-23T15:33:23Z,False
5ryQaaGSk55T2XcHFNrwHf,Check 4 U - Original Mix,Miguel Campbell,4uZJDUKi3NXQsuMKP3rOeC,Theories Of A Different Mind,48n4MZ0LBcNmTGJ7oYyrGh,2018-06-22,361967,0,2019-02-23T15:21:23Z,False
5YigrUIPFjlXwUs3DxHiBw,Red Sky - Original Mix,Moon Boots,3cIXmCH7iNcslTbwrwS7zy,First Landing,1SNyeh5uoNmmhpruGwHg51,2017-08-04,373738,27,2019-02-23T04:24:15Z,False
37GZuz2dghfjwnx3txJrdk,Been Around The World - Original Mix,Miguel Campbell,4uZJDUKi3NXQsuMKP3rOeC,Community Funk 2,175C8GIHXOyi0tZVYhp2Qo,2018-09-07,308899,0,2019-02-22T11:22:34Z,False
6L5uOqYLEtiwscJk4Te4Ah,My Luv 4 U - Original Mix,Miguel Campbell,4uZJDUKi3NXQsuMKP3rOeC,Community Funk 2,175C8GIHXOyi0tZVYhp2Qo,2018-09-07,258151,0,2019-02-22T11:19:26Z,False
0LHjotMicZfqH5qTuB0k8P,Kingdom,"Gorgon City, Raphaella",4VNQWV2y1E97Eqo2D5UTjx,Escape,5fTQCKSHr5hpGHEo51n4e7,2018-08-10,232773,25,2019-02-21T21:32:54Z,False
3ZrWmt3DGH75hItHp6uWLz,Imagination,"Gorgon City, Katy Menditta",4VNQWV2y1E97Eqo2D5UTjx,Sirens,1tfrh7jInz0lgBamg12OFj,2014-10-03,217960,51,2019-02-19T15:18:06Z,False
4p0IQqzCVMIGig87tQyMxT,Moonlight,Fejká,0VWvUvjaHaW1OeXtcVISu9,Twilight,2Bu55W8KIStVOFvtHJXAD6,2017-07-14,259285,24,2019-02-19T11:02:29Z,False
38gMx8O5FeBgfax1dV5Zkz,Glowing (Radio Edit) - Marek Hemmann Remix,"Pentatones, Marek Hemmann",4E4SSsX6mD9zpcHgGlV8ns,Glowing (Marek Hemmann Remixes),62XBPEXshr5zjXakKLNe7v,2017-04-21,252923,33,2019-02-18T21:02:49Z,False
7jYUaoOfdcYgUvkK8NnFfx,Tranz,Gorillaz,3AA28KZvwAUcZuOKwyblJQ,The Now Now,1amYhlukNF8WdaQC3gKkgL,2018-06-29,162626,67,2019-02-18T10:28:46Z,False
4gdjZS54vHNBk467zeAqkq,You're Sunshine,WEISS,0FBRY66KVaAiddGVefikLB,You're Sunshine,5ASahiUQrJOala4neqHSd5,2016-08-26,176097,54,2019-02-16T17:07:42Z,False
41gMeXlediywcWKIb3Gz9q,Space Raiders - Charlotte de Witte Remix,"Eats Everything, Charlotte de Witte",4W991QdgKWX4TO864ypInA,Space Raiders (Charlotte de Witte Remix),5VQeLm1oeFqwitmHVd9gWE,2019-02-12,438720,0,2019-02-16T01:22:30Z,False
0r972Zo51Zod1AtKCeB3Lr,Generate - Kölsch Remix,"Eric Prydz, Kölsch",5sm0jQ1mq0dusiLtDJ2b4R,Generate (Remixes),6TCaHI9EvJt3CwWyZi63Xp,2015-11-20,464214,25,2019-02-16T00:46:11Z,False
1SHecZbYVhuEvNKINGJOnc,Basic Instinct - Thomas Jack Remix,"Thomas Jack, The Acid",6JmzdIDSQdeHg0pocIascm,The Versus EP,0yTb8Dx1eVe0pO8N8cAEjA,2017-07-21,388000,31,2019-02-16T00:32:18Z,False
31yKvPNCmH6OP1SljIhbll,Be Together (feat. Wild Belle) - Cut Snake Remix,"Major Lazer, Wild Belle, Cut Snake",738wLrAtLtCtFOLvQBXOXp,Peace Is the Mission (Remixes),4nOSF8DnCrF8lkwXLAJIm4,2016-05-06,352060,0,2019-02-15T23:37:03Z,False
2wZYJg1355J54aMMJftw0y,Merriwa,Set Mo,2rv8IrcIQiFKkdvQAgUTZj,After Dark Vol 1,7pgG7acYcfLT6WmyibTN8N,2017-04-05,347298,0,2019-02-15T23:31:02Z,False
4mkMj5SPMC112y5TvqNee6,Don't Be so Shy - Filatov & Karas Remix,"Imany, Filatov & Karas",74eY8wbrhhVD7pACbBHwHw,Don't Be So Shy (Filatov & Karas Remix),5WzAJmeAiW6IQbbdDWeCC8,2016-10-06,192055,40,2019-02-13T11:10:47Z,False
4JkoHrppOsz2wXr2MzpX1T,White Lack,InClose,0kSRZjBwar5dWkrPR57GMD,White Lack,5ijlbsX1RkXw6Js5CDYHbI,2017-10-13,438213,17,2019-02-13T10:52:39Z,False
32kINY8k1HFFBiGOVKTim7,Leave House,Caribou,4aEnNH9PuU1HF3TsZTru54,Swim,3gkW0gOyovtdcscDX6WZ6O,2010-04-20,312459,25,2019-02-12T10:43:18Z,False
0yQA1ujGy7IsGLhEOVystE,These Chains,Hot Chip,37uLId6Z5ZXCx19vuruvv5,In Our Heads,5GDNKEug3ME9sCAtCU0vu7,2012-06-11,253102,32,2019-02-10T16:42:18Z,False
0RC23Ua9z3HUD9ssrX2VGj,Lake Zurich,Gorillaz,3AA28KZvwAUcZuOKwyblJQ,The Now Now,1amYhlukNF8WdaQC3gKkgL,2018-06-29,253626,49,2019-02-06T05:02:43Z,False
3NYXGn7Lwpc59AMeWlu6Bh,Reflects,Monomotion,514CDwBzI2wOfEGuVqHOur,Leaving,4DVpw3NBsZ1M0FDrlbJToe,2017-04-21,242221,34,2019-02-06T04:16:13Z,False
7wZnt8sHhTMO8PA4o5Ah3n,Tempest,Pional,49mZfy9v5oNXAxp8FadWwI,Miracle / Tempest,40QkqMv0YFD3T7LXjWsKUj,2018-03-23,325743,0,2019-01-30T19:47:54Z,False
24PqR040n1lcb5xygrgTMz,Cream On Chrome,Ratatat,57dN52uHvrHOxijzpIgu3E,Cream On Chrome,2688KJ9VqdLYjYV9Xs8Riq,2015-04-15,235362,35,2019-01-27T18:52:02Z,False
7uXu6t3Qah8zMwXeF06MRV,U Betta,Machinedrum,06xa1OLBsMQJFXcl2tQkH4,U Betta,08SnGnzoEhpApYzN9oCyVg,2017-04-06,220061,18,2019-01-27T17:51:25Z,False
181ybi6b0dYJBcQzETKv67,,,0LyfQWJT6nXafLPZqxe9Of,,6txt6BEwqboOhGfyZk5XkY,0000,0,0,2019-01-26T21:39:01Z,False
5BervU7PHyHTtYpzT3bYAD,Get Free,"Major Lazer, Amber Coffman",738wLrAtLtCtFOLvQBXOXp,Get Free,2Ph6OVeGhl8LwgmkG9HKh4,2013-02-27,289973,0,2019-01-25T23:30:05Z,False
5Md5AxgmykfZtdxIJ4xj9S,Sofia,METODI,7MFugZiuQp41w92SA0zsG1,Sofia,6U4b93W7UaxK1yp5bNyfrw,2018-10-05,442315,0,2019-01-22T02:42:45Z,False
4leKTpVo37I9FDnVXer9gy,Hurricane - Feed Me Remix,"Vaults, Feed Me",0TytASn0kOZkCpjYTrXsBt,Hurricane (Remixes / Pt. 1),4VaRU8xl6FdQIk5y8dEFfD,2017-02-10,223254,11,2019-01-21T11:58:52Z,False
2zaAL1DB5RfYLJk4k0dWWa,Sciamachy,Kevin de Vries,11aPF3sc8lDWNqPVInm4Zx,Aratak EP,1JJbkP5daQtCpdJ5C9Nctw,2018-10-05,436213,0,2019-01-19T18:51:45Z,False
2nucfLL2vrkkowwJPQpyvN,Surreal,Julian Wassermann,6QXqARXg4hZ3oAUitm2gU0,Elysion,1qDqXhdqOFiHxG21Mbut26,2018-07-06,494371,0,2019-01-19T18:50:43Z,False
10AFhDd4uJaDLR0LVPMkDT,Rising,Teenage Mutants,3IFgjVPT8yeB4UnJCWOpZA,Running,2Wo03NmstHdAgxGtL14dQY,2018-07-27,438095,9,2019-01-19T16:09:06Z,False
3LADDoMUzvaBXpE1OPgDui,Always,Shingo Nakamura,58zz0VTpGNHn7MGTlW2cxQ,Silk Music Pres. Shingo Nakamura 02,0BBJJYA8GlxeM5O6hvnMhD,2017-12-25,240015,0,2019-01-18T11:04:02Z,False
5WboXLLp70GOKNrTiaXWCh,It's All Over,Pional,49mZfy9v5oNXAxp8FadWwI,It's All Over,49SW6IcrDqjPe0LrUq82VD,2014-08-04,443594,0,2019-01-16T21:42:49Z,False
6YOQs7jyXFBgoqHx8mF3jk,Dew,pølaroit,3B1BQHf6ExWixwqy9zRDZm,Expedition Into,3FQQQ4BFfZfomwSaGOW3gk,2019-01-11,397077,7,2019-01-15T12:04:19Z,False
2COF8CoKPOOCwy9pPKYoPY,Blade,Christopher Kah,2Sj2h8wkeOzMnfxaSj43gG,RE:SOURCE 01,7FUZfHYVSjLseQDGkDyiBr,2018-10-12,300290,9,2019-01-13T23:01:49Z,False
0x5ReG7WBJpo8gJGny8snN,No No - Original Mix,Martin Ikin,7DhdJhd6DrxeJlUajwttd1,No No EP,2m4CUPiAZvB57Z1uTpBdrG,2019-01-11,318143,0,2019-01-13T01:12:46Z,False
1tNxprI7wf87blRuXUyEvC,Grey,Kölsch,2D9Oe8R9UhbMvFAsMJpXj0,Speicher 93,3ynaPdzABzDYa71e6RSagL,2016-09-30,293578,46,2019-01-11T01:54:59Z,False
0N3W5peJUQtI4eyR6GJT5O,King Kunta,Kendrick Lamar,2YZyLoL8N0Wb9xBt1NhZWg,To Pimp A Butterfly,7ycBtnsMtyVbbwTfJwRjSP,2015-03-16,234693,73,2019-01-09T01:31:00Z,True
6nD5vIN7AGtM9XHJKXFpEW,Gato,Bardo José,5KGBbZQTTbci3K89C99XPT,"Bardo José, Vol. 1",6Q9vGXfZBmPqI1V1hCVJFj,2018-09-16,274026,0,2019-01-07T04:08:29Z,False
0yfLOwZmzWmdFLPmmQhGd0,C166W,Joyhauser,59a1Bp0JQfL2mGnpL0lW2Y,C166W,286NSGDQhY4tA1rjJdaU7y,2018-10-26,487500,0,2019-01-05T03:59:02Z,False
5L9eeKnX43kXBPdKvOKyDv,Whats Good?,Mark Greene,1hIEOyKvQb5gzbvWE5FV5G,All Said & Done,35PRm9xD1kmeOunePu8sdy,2018-10-05,426658,5,2019-01-05T03:55:44Z,False
1lwNTPlNSUgYp6Hybt1V5r,Escape from Paradise,Klanglos,1jV311C5ADuBqCPpprsjUp,Escape from Paradise EP,1PgCuRUy0gTH4E6BuWB4l9,2018-09-27,522461,22,2019-01-05T03:39:47Z,False
1WsHKAuN9vDthcmimdqqaY,Your Mind,"Adam Beyer, Bart Skils",1btv9qmIpbp7q1ixCYNdHu,Your Mind,07lumzt0xDO5eyuWwvevAJ,2018-07-02,502969,1,2019-01-05T03:25:37Z,False
1wKvdhEdWatU04C5yM7trX,Acid Lick,"T78, ROBPM",5FgLkieOqGXPn01dnbJp9Z,"Tektones, Vol. 3",0R1KsLp2P8sauG8UEY9EvA,2018-12-24,276818,36,2019-01-05T03:21:44Z,False
3nOkXh3fjTxmSosqkkbtyO,The Purge - Original Mix,Stev Bray,4X2fDdbLoRdf8oGDsfEVqF,3 Puntos EP,2Al6hLXRZAq85DlGtfotBg,2017-03-30,481593,1,2019-01-05T02:37:50Z,False
4IYKjN1DrYzxKXt0umJqsG,I Got 5 On It,"Luniz, Michael Marshall",3z3g65U7mmyyBmmDfsQK9x,Operation Stackola,5pMShIZc6oWiEtcQvXsKfb,1995-07-04,253533,75,2019-01-02T22:47:30Z,False
20v0uN2DlIgJkrE2qrmIFl,Peaking,William French,7fVT43Q7MAKRsAemqdtMTJ,Peaking,1cI3vDnGayxBF86qeKX0Xm,2017-04-07,243902,0,2018-12-31T15:54:00Z,False
3JnQth6rdt2s9PXtHQMW1E,The Way,Zack Hemsey,2Eg0o1Mok66akOkuOiGdEv,The Way,4OAzTjKrZX2tsO64fuvUGA,2011-06-30,426266,1,2018-12-25T23:29:19Z,False
4IZdfTsTlQYvBtSFAcgjVu,Get Closer - Joe Mason Remix,"XYLØ, Joe Mason",6ioOEWNNGK40H8xrGj6XPW,Get Closer (Joe Mason Remix),2o47hpQ6tXnNrtzcmmzUgx,2017-02-24,264000,27,2018-12-25T22:36:51Z,False
17r4VyWLomx5kbyzS0Jk3c,Elevated - Joe Mason Remix,"RKCB, Joe Mason",4QDvXnbmw1znkqkK1119Fc,Elevated: The Remixes,5MN6X8DLEkWRxdlzCkpNra,2016-07-22,221600,33,2018-12-21T06:30:32Z,False
7CZWk6DWaXUhca2UUX28aq,Basiel,Amelie Lens,5Ho1vKl1Uz8bJlk4vbmvmf,Basiel EP,2fqEvSXLZWsqNhYt1hGupS,2018-12-07,382109,23,2018-12-17T22:59:32Z,False
7tXrQ2MHCvwe5W8HQuX77r,Never The Same,Amelie Lens,5Ho1vKl1Uz8bJlk4vbmvmf,Basiel EP,2fqEvSXLZWsqNhYt1hGupS,2018-12-07,384779,29,2018-12-17T22:52:02Z,False
7IfOWyh4jTfkcGVrXKVNq0,Aloha,"Møme, Merryn Jeann",4lDXfIznmGueBgTjI3qGUX,Panorama,4ZaeYUM5vgvkpexijZ3w2r,2016-11-25,218480,60,2018-12-14T15:42:23Z,False
3ajvxkgNtQGSX6OqYa5Txf,Empty Room - Elderbrook Remix,"Big Wild, Yuna, Elderbrook",0PxzGnCYBpSuaI49OR94cA,Empty Room,4Fbe1OKsl6BdOYKix4j6Lu,2017-04-21,195000,0,2018-11-23T11:18:54Z,False
4BVFVaa1fDo20Ud1q5Gd2N,Everybody Wants To Be Famous,Superorganism,0Wkm45quqfx3NepJpXDvwE,Superorganism,15TFB6uLZlb3gnCysRrLix,2018-03-02,184986,43,2018-11-02T19:06:56Z,False
7vmLW0qZn0vBgH6WN7ZAnC,Only God Knows,"Young Fathers, Leith Congregational Choir",5mZC7ndY6oGMxJentRwsuV,Only God Knows,1wiO5677V7Ar51vKSrjLxM,2017-01-24,231750,37,2018-11-02T18:50:10Z,False
1SQ77nzJdVFXnnGEkWpREG,Shotgun Mouthwash,High Contrast,0bxHci3JIhhKA53n8rH3tT,Shotgun Mouthwash,1xgY4D6nYQOBo6SsgBq5KM,2017-01-25,224210,28,2018-11-02T18:49:26Z,False
066zBDcIBXPPkuydTbVYo1,Silk,Wolf Alice,3btzEQD6sugImIHPMRgkwV,My Love Is Cool (Deluxe),0XyVo3op33rKdS44fviU3X,2015-06-22,243986,0,2018-11-02T18:09:59Z,False
7egQFB1zrDcvy3kdTaKbpc,Lust For Life,Iggy Pop,33EUXrFKGjpUSGacqEHhU4,Lust For Life,7ynKEunH8LSit4TR3foMVC,1977-09-09,313800,0,2018-11-02T17:55:19Z,False
61RDJPVUdfwSaQ7M3eOgXc,comoverto...,warner case,106OuakzOxxbXTuigEEf01,comoverto...,5WnOt8mL48gmqqxps4btdg,2018-07-09,227142,0,2018-11-02T15:22:23Z,False
6c4MRy7KC7zmdRzLYBUqWv,Wonders,"Klingande, Broken Back",1L9i6qZYIGQedgM9QLSyzb,Wonders,1NUYgeB0xgptRH77VIDQzB,2018-09-14,187636,21,2018-11-01T15:51:25Z,False
4xLDWc1ymSHUhPUIoAcH8P,Love In Ruins (feat. Sinead Harnett),"Gryffin, Sinéad Harnett",2ZRQcIgzPCVaT9XKhXZIzh,Love In Ruins (feat. Sinead Harnett),7v4X1rTs4B73JEpvkPn5z1,2017-07-27,258558,42,2018-10-23T11:05:22Z,False
4XzacjJ1X1EwBEOD7JYgnR,Lucky I Got What I Want,Jungle,59oA5WbbQvomJz2BuRG071,Jungle,6IH6co1QUS7uXoyPDv0rIr,2014-07-14,256805,0,2018-10-23T02:21:46Z,False
7Lmst7xE66nGIZrbKGcQvv,Free,"Kilian & Finn, New Shoes",0NbPmArKsCbwVYsLjJwg3q,Free,1nZvRCZV845bA1A8B1AwA4,2014-01-01,292682,0,2018-10-21T19:53:40Z,False
5RfdGtUzvsPcIVDgH11rhZ,Get Into It (feat. Loreen) - 1994 Edition,"Boston Bun, Loreen",1Na1sVrGWKwAigaW7a6hi5,Get Into It (feat. Loreen) [1994 Edition],5H2j9P3KgH9jJpuhApjOZf,2016-09-23,320774,25,2018-10-21T19:33:54Z,False
71RjxJDNbiariIAxBbqGJY,Bibi The Dog (feat. Mai Lan) - Fabich Remix,"M83, MAI LAN",63MQldklfxkjYDoUE4Tppz,Go! (feat. Mai Lan) [Remixes],0Vj2tLicBOwZFD60LqX7rz,2017-02-02,218750,5,2018-10-21T19:10:04Z,False
6fxq63aKjMmi1WMI9iKX5w,Spiritual but Not Religious,Oliver Koletzki,1WjBIvYAnZTkTh5UiZNwlR,The Arc of Tension,6m8yu8ytRnnxy395MbA80U,2017-05-19,246706,55,2018-10-21T03:16:45Z,False
426lDtGrejS1wga7gmAmDv,No Man No Cry - Jimmy Sax Version,"Oliver Koletzki, Jimmy Sax",1WjBIvYAnZTkTh5UiZNwlR,No Man No Cry (Jimmy Sax Version),6b5NUXA1oqqHew4DGFykRR,2017-08-30,419500,54,2018-10-21T02:59:10Z,False
689WZ46LgjqQeI6axe2kkG,Crazy (feat. Joie Tan),"TEEMID, Joie Tan",6zGCrS2y63IEUJfyn9Bpuc,Crazy (feat. Joie Tan),3DH6cwVJ4xaNVqRXbXJa1Z,2014-11-14,274692,0,2018-10-13T17:51:15Z,False
19RHTTvbv0PuKYTKlQxEn8,I Swear - Dirty South Extended Mix,"Dirty South, ANIMA!",1bpzpALZwOoKXzwMg2i8WB,I Swear (Dirty South Remix),7c5dSyTPbojZu3DVMPMKAM,2017-05-26,445365,15,2018-10-13T17:38:27Z,False
6MKKPQjpfFxQdbnzM384eK,Heartbreaker,Crazy P,6jOz2B9qeID4dLP1o8bFGf,When We On,4PJcUOhYFMRpS3DZZNW1wg,2011-09-18,326809,0,2018-10-13T15:16:00Z,False
5DAjrJqXqYtgr67pVhmUeR,Kerala,Bonobo,0cmWgDlu9CwTgxPhf403hb,Migration,2T64N96AVfsrRFJCUXQEoZ,2017-01-13,237546,55,2018-10-07T15:57:07Z,False
52pduFPbWVQ4zqBVhCj9z2,Therapy,Moderat,2exkZbmNqMKnT8LRWuxWgy,II,4mMJMXxteSxAVtAswHN0ky,2013-08-05,345242,0,2018-10-07T15:28:02Z,False
4NSNSGjEMy4DPPrRoTB9XP,Reminder,Moderat,2exkZbmNqMKnT8LRWuxWgy,III (Deluxe Edition),7BmMOUo8nrmYHB2EHBGkSt,2016-04-01,234073,0,2018-10-05T02:44:14Z,False
6XGddj522FQRHXEhBtjiJu,Strobelite (feat. Peven Everett),"Gorillaz, Peven Everett",3AA28KZvwAUcZuOKwyblJQ,Humanz (Deluxe),0NvirtaDCaZU5PAW1O5FDE,2017-04-28,272666,59,2018-10-01T11:14:21Z,False
7KUKJ1HPN6zAlxdqXqWJnv,TROUBLE (feat. Absofacto) - Jacques Lu Cont Mix,"The Knocks, Absofacto, Jacques Lu Cont",2x7EATekOPhFGRx3syMGEC,TROUBLE (feat. Absofacto) [The Remixes Part II],3nkeboM6sAKA4w6GlygaHe,2017-04-07,365581,8,2018-09-30T15:00:06Z,False
52rEd8ub70OYeE2syRJYT9,Running Wild (feat. PollyAnna),"Yves V, Futuristic Polar Bears, PollyAnna",47BEc2RoW53owMyxacXWdV,Running Wild (feat. PollyAnna),4l3EY41djTAdVSbCrESKdI,2018-06-04,169523,24,2018-09-26T02:24:44Z,False
2W4yTO3qHdqyvbz2UxfIPh,Submission (feat. Danny Brown & Kelela),"Gorillaz, Danny Brown, Kelela",3AA28KZvwAUcZuOKwyblJQ,Humanz (Deluxe),0NvirtaDCaZU5PAW1O5FDE,2017-04-28,201573,50,2018-09-24T23:26:02Z,False
66Z5aT1TO0NAYnOw2XWkOv,Letting Go - Radio Edit,Mont Blvck,0STW8YgwkqybSDbQP5OlDz,Letting Go,7bdtl12CIRsLpPME0OhUN9,2018-09-21,191801,0,2018-09-22T13:17:29Z,False
6GUNK3IfP27qt7nhy1MpMP,My Feelings for You - Radio Edit,Avicii,1vCWHaC5f2uS3yhpwWbIA6,My Feelings For You,13cbTcZ5qFokFxWubo9cJC,2010,160053,0,2018-09-22T01:41:20Z,False
63lctya7LlMoW5iht9JAVZ,Light Headed,"David Guetta, Sia",1Cs0zKBU1kc0i8ypK3B9ai,7,5rbJtzuXtpIP0Ykk7ewIit,2018-09-14,178720,32,2018-09-21T12:05:06Z,False
5LHTgByvupvwtTfxOqW4Xw,She Knows How to Love Me (feat. Jess Glynne & Stefflon Don),"David Guetta, Jess Glynne, Stefflon Don",1Cs0zKBU1kc0i8ypK3B9ai,7,5rbJtzuXtpIP0Ykk7ewIit,2018-09-14,181733,35,2018-09-21T11:58:31Z,False
4aBYzs8RxZMuqyOanNlf8I,Like I Do,"David Guetta, Martin Garrix, Brooks",1Cs0zKBU1kc0i8ypK3B9ai,7,5rbJtzuXtpIP0Ykk7ewIit,2018-09-14,201560,48,2018-09-21T11:55:06Z,False
4FtjMbx5rC3fUqcBJXhu1G,Higher Level - Bicep Remix,"Isaac Tichauer, BICEP",3yKDEsiOdoYMIuopxLMDu6,Street Lessons Remixes EP,1pqlFMVY8tYDfE3TYHwegS,2016-04-22,364609,28,2018-09-17T09:48:27Z,False
2MSOQehYYMrkKTDvANEFU4,Starlight - TSLMH Remix,"The Supermen Lovers, Mani Hoffman, TSLMH",08dJ0NJ9jMf8qdLmdhQ2yA,Starlight (TSLMH Remix),1jvMfEyCmDMhwRSG6amX6g,2017-05-19,259364,0,2018-09-12T08:20:49Z,False
31OzgVD6CTMZwpblIN8BcQ,Feel The Fire - Original Mix,Eli & Fur,5CkVLGKUJkIc1pmSk10QP4,Feel The Fire,1hZzno9Hi1ypW14hTXUHht,2014-11-10,305947,33,2018-09-12T08:05:35Z,False
6M7Y8xk0VVxfUZkmBCXoMR,Bonfires,Elder Island,3EnbnmqrrvApHJs6FMvYik,Bonfires,4D8Hmn2W9v8ogufGFJmqqG,2017-10-20,231946,0,2018-09-09T16:46:59Z,False
1dgAx1KJjIhjEB9c0iVTl9,Lightenup,Parcels,3oKRxpszQKUjjaHz388fVA,Lightenup,1zdg5hNDqpWtsN35ME7JuZ,2018-09-06,237227,35,2018-09-09T15:56:52Z,False
6vWk151OrbHfKe4D6Z6tdV,Crawl Outta Love,"ILLENIUM, Annika Wells",45eNHdiiabvmbp4erw26rg,Crawl Outta Love,1QgBdCdPWnE9cL7pm5GJLX,2017-08-07,242011,0,2018-09-08T16:20:49Z,True
4focopKjFp6kV0jK3B0vTE,Rapture,Ambassadeurs,6BKSRVMfQ6Aeux4rKG1h9H,Higher - Single,5H8KYNRkKxhgIov1RBA2t8,2016-07-08,424462,15,2018-09-08T13:31:02Z,False
4rsnn1aFlcRbaOmGQCCT1K,Too Late,Gui Boratto,27LGatz1m8aJ7ZaVVWEphc,Abaporu,597AkHfBgAzqo13MCvbJ7K,2014-09-29,256330,32,2018-09-01T15:23:50Z,False
37l1GLxCvuUrP1qyg3dM3Z,Ghost,Louis La Roche,0a03X57i18eG1yBzpmhZAs,Dusty Cassette Ep,454olkRG4VAv6fvplZlYSO,2014-09-19,221705,15,2018-09-01T15:16:40Z,False
4rKSQWoZgqKwa73grVS2eM,Changes - Radio Edit,Strange Loving,21t4ee8LObpQdx3Gy4U33v,Changes,1d3A0g3NWkjbhKSz70BNSb,2016-10-21,213125,0,2018-08-26T18:35:38Z,False
5t3Vk8bRKylx4fjj7qlbib,bitches broken hearts,Billie Eilish,6qqNVTkY8uBg9cP3Jd7DAH,bitches broken hearts,1Z0XtKcevvITZ5ydimkYcx,2018-03-30,176471,73,2018-08-24T01:31:42Z,True
4Fhrz3ZV2f20CLen3pzJrx,It’s A Memory - Amtrac Remix,"Fred Falke, Elohim, Mansions On The Moon, Amtrac",0AfNNw1LS2i9KW4icd7inD,It's A Memory,2pzQGHwBaHXrM0miakysQY,2016-02-26,407173,35,2018-08-18T22:58:31Z,False
3H0LRnAIsMQ1dFzlOchnLQ,All Cried Out (feat. Alex Newell) - The Magician Remix,"Blonde, Alex Newell, The Magician",2nuKjZLgc7II6FO4Rxjt5e,All Cried Out EP (feat. Alex Newell),53dunLhacsNqh6K6lBqWaV,2015-04-19,278620,28,2018-08-17T01:36:33Z,False
5ELRhUPf1f2Qc1x7hTFQ9l,Higher,"Ummet Ozcan, Lucas & Steve",7e1BNCygl2Gf7CX8LrByPv,Higher,7pTqqlSqwByoK2M30TYBoQ,2017-12-15,170624,36,2018-08-14T04:21:43Z,False
04QZdz4g1qoDlPscXVXS1I,Underwater,RÜFÜS DU SOL,5Pb27ujIyYb33zBqVysBkj,Underwater,0KDYWXyVzqgZWRS1oZu91c,2018-08-10,349293,34,2018-08-13T03:06:18Z,False
702zhmWCJd4fHlxuIC02qZ,Eagle Eyes - Joe Stone Remix,"Felix Jaehn, Lost Frequencies, Linying",4bL2B6hmLlMWnUEZnorEtG,Eagle Eyes (Joe Stone Remixes),2ZZx2vGPVDJiHCXETSe9Cr,2016-03-18,290853,0,2018-08-12T12:55:24Z,False
1fBLLpShMpr4DegsUlDWz4,Pretty Face,Sóley,7DtlawO7T5bsgq81EeHxwh,We Sink,1uh3swPBiSYIzYqVg7H4b7,2011-09-02,280434,36,2018-08-11T19:27:04Z,False
7nQlL2qz48N3TGFIl7CpWw,Hustler - Solomun Remix,"Josef Salvat, Solomun",64PJHZDQTPPVBCdwnv22Wz,Hustler (Solomun Remix),24OtxG2wGZNrMe8RkpnufS,2015-04-03,422680,20,2018-08-11T15:56:37Z,False
3ivn6JLGUbrFbhETQ4oikh,Loving You,Pryda,37U9sPqTZMd7AKJCWgcvkt,PRYDA 10 VOL I,4sObRME4gqNGEuLdfp8o8b,2015-07-20,508850,42,2018-08-11T14:49:26Z,False
4pIKFpwflOdhYNIRmPTj3E,Dance Macabre,Ghost,1Qp56T7n950O3EGMsSl81D,Prequelle,6128JCa2uBqHWia5AzJOKV,2018-06-01,219720,64,2018-08-11T02:50:18Z,False
3JLFkS2KMSSS3q0tVUzyRM,Desire,Sebastian Knight,1jYxpJyu2yOK2D3HvD11op,Desire,0QqS3gWYYmq7PkPrn2fCft,2017-07-03,268424,0,2018-08-05T16:36:18Z,False
3iC6nSFzaK8x1PBvITXo3s,Mind Games - Original,"Miguel Campbell, SION",4uZJDUKi3NXQsuMKP3rOeC,Walk & Talk,1FxrcleWCu7smjjcLHKXAM,2017-11-24,297048,0,2018-08-01T02:48:15Z,False
60J8ir9bbCEBc5UYh8x0Hz,We All Have Rhythm,PillowTalk,0c8mm66bWaIlx5jdUhyYne,Je Ne Sais Quoi,7KVcUFzigpibgRQ9qPTWTB,2014-03-17,295199,40,2018-07-30T01:49:06Z,False
2tbITVFp25m5DRf3lbsDLA,Easy Field,Stereoclip,4x2Ejyd2OGXtZrPvAQWvYL,Hometown,0t9AkQN510K4qu9Lf0tQcG,2015-09-28,259546,45,2018-07-29T23:06:44Z,False
3fU0407Cls1hLW1ap5w2Lr,You Wanted a Hit,LCD Soundsystem,066X20Nz7iquqkkCW6Jxy6,This Is Happening,4hnqM0JK4CM1phwfq1Ldyz,2010-05-17,546413,46,2018-07-29T18:48:53Z,False
21wWnnYMAFzl9mjK8FDSYl,We Are Beautiful - Tom Budin Remix,"Panzer Flower, Hubert Tubbs, Tom Budin",4N0gl3MWsabXEmBBpR3ge0,We Are Beautiful (Remixes),1t6WSOyw5uCuX5FdTsHiMy,2015-04-01,305058,0,2018-07-28T17:07:02Z,False
7Lb6NzZY3H4NT73qlEznEk,World Demands It,Two Another,35RvGPQ1OxbEZknWyiaAcs,World Demands It,0Tgy2v7DkweCCoA8GRmCov,2017-04-07,221593,0,2018-07-19T04:31:05Z,False
6lzMpai7nw3XGL5FqfF8wb,Space Race,Digitalism,2fBURuq7FrlH6z5F92mpOl,Space Race,2aRoV3vWWACFbGizo8RWci,2018-05-17,242133,17,2018-07-14T17:53:07Z,False
497k4sQ2fYCqx7LvMzu7jI,Got This Feeling [Mix Cut] - Original Mix,16BL,0u2qG4roqULELVVO9fMgSG,Deep House Essentials #005 - Armada Music (Mixed Version),6BGsSblnOmfgeKTgszb2DJ,2015-05-01,290034,35,2018-07-10T02:38:54Z,False
0erFK7Ynt5wdvnaYXceN5q,Day,"Liu Bei, Solomun",5g8huPwwthukeiOFPFfvJ8,Atlas World,6yweB0guhfI7YOaz9LW529,2015-04-27,378771,0,2018-07-09T11:04:34Z,False
6TZKJcdd2FaoUC2sci87jw,Commitment - Original Mix,Paul Richmond,071AGzvFTYodI4R91ypmOG,Commitment,66KF9B4gy9Hk4fYjIJUR0i,2014-10-06,385336,14,2018-07-08T17:57:48Z,False
5F5dA3feOoROfU8VBpnOiy,Underworld - Tuff City Kids Remix,"Edu Imbernon, Duologue, Tuff City Kids",0Vr0xxcbllx4JWHHxio088,Underworld,7aPkdkVc6rhqnD5oY18OG4,2017-04-28,465556,0,2018-07-05T21:31:44Z,False
3dEFa9KjOLEZl980ctEEv1,Ship To Wreck,Florence + The Machine,1moxjboGR7GNWYIMWsRjgG,"How Big, How Blue, How Beautiful (Deluxe)",2jn2n5OkuHliOLKCqHnjXV,2015-05-29,234526,63,2018-07-01T17:46:21Z,False
1nEqYa8UgT0wHWLBGS7kF9,Tokyo (Vampires & Wolves),The Wombats,0Ya43ZKWHTKkAbkoJJkwIB,Tokyo (Vampires & Wolves),3vsZ09yQK4mWJLmN49SAva,2007,231377,32,2018-07-01T17:23:30Z,False
3VOhgzaprDwiyrCiYIIJeQ,Howl,Florence + The Machine,1moxjboGR7GNWYIMWsRjgG,Lungs (International Version),2Zm1iyTqpaIKqCCisX28Uk,2009-01-01,214053,0,2018-07-01T17:11:24Z,False
4Jv7lweGIUOFQ7Oq2AtAh9,I Follow Rivers - The Magician Remix,"Lykke Li, The Magician",6oBm8HB0yfrIc9IHbxs6in,I Follow Rivers (The Magician Remix),3Lp1pBV5Lao3Ry6CiEb7Y1,2011-10-10,279635,70,2018-07-01T16:44:02Z,False
0iALOYqXaVoluUIsSyDAny,On Hold - Jamie xx Remix,The xx,3iOvXCl6edW5Um0fXEBRXy,On Hold (Jamie xx Remix),01W0uSuNffDSC2RT8Cjha3,2017-09-13,371533,1,2018-07-01T16:29:20Z,False
3UnkzTzx8ANeCh8ymXo5ap,One Track Mind,Chromeo,2mV8aJphiSHYJf43DxL7Gt,Head Over Heels,5P95ihuNOcJWjpepHBNjtB,2018-06-15,203120,35,2018-06-17T15:39:53Z,False
5fjXppfI9QbcMF7lUNBEwP,Hey Sunshine (feat. Alexander) - Antonio Giacca Remix,"Sugarstarr, Alexander",7FXy2Mz6gHQKouWYhNz0NK,Hey Sunshine (feat. Alexander) [Antonio Giacca Remix],09Rgl1wUmRyFaYzJ5S8mV5,2015-09-25,403401,0,2018-06-16T14:18:30Z,False
3yaDNeqM3G90HME2y6noL7,Wounds,ULYSSE,3PsfijqSoN8fNyYSJwcni4,U as in ULYSSE,5nBUOoduVeAfM1XwhclNxG,2014-04-09,215973,0,2018-06-15T11:26:47Z,False
5nm89cBJ7cWjhZBMVb4o1F,You're the One for Me (option4 Remix),"option4, Great Good Fine Ok",2X9xHtIaiUPaMG3jRwsQEO,"Remixes, Vol. 1",1Mt4KYwlXZLFC2OHP9u2oI,2016-09-30,320720,15,2018-06-15T11:18:56Z,False
7HoQr9PghRcBYAqOLaZP0Z,2 Million Ways - Axwell Remix,C-Mos,2anOd48kSLCgEawhP3LJpJ,Lowered Classics,2UOwDFZsSPFqVjKm1beb2b,2011-01-01,418168,22,2018-06-15T10:58:55Z,False
08sBPUxQNoR8kgJvkL2S3C,Under The Moon - Lee Foss Remix,"Claptone, Nathan Nicholson, Lee Foss",4mncDFjVLUa3s025Tct3Ry,Under The Moon (Remixes),77ubcKSdbbchG2ZybMvPdk,2018-05-04,436890,0,2018-06-12T11:39:36Z,False
04uHKrFXtDHBm6lPcgDle8,Jump out of an Aeroplane,Ed is Dead,0OJDBEVyVuIvXG8rV0nw4w,Your Last 48 Hours,7e9EMgzQKVyC8eK4QC96d5,2017-11-10,248707,1,2018-06-11T01:18:33Z,False
4dPnw4jTJafl5xlJTc1bLf,Have a Fight,"Ed is Dead, Laia Vehí",0OJDBEVyVuIvXG8rV0nw4w,Your Last 48 Hours,7e9EMgzQKVyC8eK4QC96d5,2017-11-10,214000,15,2018-06-11T00:57:32Z,False
6NlS3wKo85J4foEFrf4DWM,Kidnap a Politician,Ed is Dead,0OJDBEVyVuIvXG8rV0nw4w,Your Last 48 Hours,7e9EMgzQKVyC8eK4QC96d5,2017-11-10,242046,2,2018-06-11T00:56:36Z,False
2sXRSe62Ceg4Kb99sTh3hN,I'll Be There (feat. Maelan),"Mickey, Maelan",2kiY96tn0Nsr5PKpYGV182,I'll Be There (feat. Maelan),5PC8v7QtPs8qCA6OkvIokM,2017-04-28,198251,11,2018-06-08T22:40:58Z,False
0K12WETIcUJUsdpNieoIao,Drifting - Sonny Fodera Remix,"Lee Foss, Lee Curtiss, Spencer Nezey, Sonny Fodera",44T94QQEc60Jf7kqGY6Rip,Drifting,711ZVvhiymD5EeUz1kSOcO,2017-10-27,372610,0,2018-06-06T12:25:39Z,False
36d6jYjM0djQZFXWsAfWpa,New Way To Be Happy - Matvey Emerson Remix,"Le Visiteur, Jova Radevska",0Wd6XNmAmplmjW4HIQPhwF,New Way To Be Happy,7wfDJcGraxSg9fzkAmy2ct,2015-06-15,346229,18,2018-06-02T14:18:08Z,False
2tKzFpgEbrptk3SduDZ0fe,"The Sun, The Moon, The Stars - Embody Remix",Copy Club,3FMPmAZsXsjIKJj14hsww9,"The Sun, The Moon, The Stars (Embody Remix)",7b4EO11jlVfMxgfu0IoAQ9,2015-07-08,272222,19,2018-06-01T11:17:04Z,False
13WOhFV0uzw6H9WSuuijNh,Enemies - Cezar Nedelcu Remix,Hannah Georgas,1ZBR8sri8ddYowXDENBwKS,Enemies (Cezar Nedelcu Remix),1CaNPiKpCvyjrXUXOYGunc,2014-03-11,287293,0,2018-06-01T11:10:10Z,False
5bkoTCCLIFidGG6ErZQzSB,Feels So Good,"Armin van Buuren, Nadia Ali",0SfsnGyD8FpIN4U4WCkBZ5,Armin Anthems Top 100 (Ultimate Singles Collected),7EQZcAuxiKgNO6BbbgzN2a,2014-11-28,189003,31,2018-05-27T16:27:49Z,False
2o77aVmF5VnuEkD5kNtu67,"Sex, Love & Water","Armin van Buuren, Conrad Sewell",0SfsnGyD8FpIN4U4WCkBZ5,"Sex, Love & Water",2lyjn16tbMY3rYMWCLwNKr,2018-02-16,197853,0,2018-05-22T04:39:43Z,True
0Dx2JcexaaBU11URKp9Fc1,Stop (WWW) - Radio Edit,Justice,1gR0gsQYfi6joyO1dlp76N,Stop (WWW) [Radio Edit],4bw1snvyLVGm7Hk5NtRxik,2018-05-07,209826,26,2018-05-12T20:06:36Z,False
6WVLxIaxCdPVeSZQ0dvQnb,Feel What You Want - Maywald Remix Radio Edit,"Phonique, Rebecca, Maywald",3pVm0ttbAah6dTDher8dSz,Feel What You Want,7vNJ2RNqTpE8gKW52fzKMo,2015-09-04,217852,0,2018-05-04T22:31:58Z,False
5O8YitHEy3y7p8M49xsZQ4,Cocaine,Phantoms,1bJJlRHoc1UVeqzxcrPLIw,Phantoms,0UhmXh4kJDbIhL9EeEcxCA,2017-03-31,264146,36,2018-05-04T21:21:53Z,False
6UHDVi98ePNuyzJpjMJwCI,Our Time Is Now,MONTMARTRE,4n3V7bHjjPqb11n7d0WAVo,Hope,3h1CdjfyUWaDkkDwCHrb2x,2016-04-15,265382,0,2018-05-01T17:19:00Z,False
3mFauwkSewPt9aPUkgztnX,The Kiss,Steve Angello,4FqPRilb0Ja0TKG3RS3y4s,HUMAN,5h5OESkSbpnu5nauqtbFXX,2018-04-27,243560,0,2018-04-29T17:45:04Z,False
3wET4fyXZfhxaz2Nv731bQ,Tiptoe,Set Mo,2rv8IrcIQiFKkdvQAgUTZj,The Crush,0Xe3Lq9WiNpq9rXyi1Zyj4,2015-01-06,355304,0,2018-04-26T01:32:35Z,False
0dcMqjeDpwqB2xhzMsld0p,El Mañana,Gorillaz,3AA28KZvwAUcZuOKwyblJQ,Demon Days,0bUTHlWbkSQysoM3VsWldT,2005-05-23,235360,68,2018-04-26T01:04:40Z,False
5pUtrlnTWtIF3x3t1eZ1ki,Games Continued (feat. Marie Plassard) - Extended Mix,"Bakermat, GoldFish, Marie Plassard",3MyFDtqB80WZvbtCZRsekM,Games (feat. Marie Plassard),0uCoaNdQ32ZMk0XJXYGI4Y,2016-02-05,378693,28,2018-04-23T01:34:29Z,False
6stM9ZB0ttxLOcFMYXSWIL,Yesterday Has Come,"Chemical Surf, JazzyFunk",7LgAW1ZiEd8f3HtCMGFaGx,Enormous Tunes - Amsterdam Nights 2016,0DTlex8tkqueLxD9QGJk3i,2016-10-10,210269,4,2018-04-15T00:35:57Z,False
553qhywNKjkOZxs35aJXZb,Bad Habit - Alex Metric Remix,"Foals, Alex Metric",6FQqZYVfTNQ1pCqfkwVFEa,Foals: Holy Fire Remixes,1RBI6xp8UbYoz5eL6agAMD,2013-01-31,487297,3,2018-04-09T02:35:00Z,False
4ClOMi7943KrAgF6zGdFbr,Be Good to Me - Original Mix,Croatia Squad,3FAUGHLioXySQ1QTnCOWQC,Be Good to Me,25V9KKzrcDU4ZyBKzN896g,2013-10-07,375000,21,2018-04-09T02:17:40Z,False
2wqR9e7MKzDsEbq5vISqLD,Sugar - Original Mix,Moon Boots,3cIXmCH7iNcslTbwrwS7zy,Sugar,5IzAHzzr2CYuPl4YETYUdf,2012-07-23,345238,0,2018-04-09T01:41:27Z,False
29T6HQEYLAc8syLr3I4SRK,Somethingood,Chromeo,2mV8aJphiSHYJf43DxL7Gt,White Women,1rqJZhedmCFNbaoTRQz9Zj,2014-05-12,390880,25,2018-04-09T01:41:12Z,False
7yuUGBXakKjMjQnQssIP4I,Must've Been (feat. DRAM),"Chromeo, DRAM",2mV8aJphiSHYJf43DxL7Gt,Must've Been (feat. DRAM),7hT6TUjaJyUYNLh2jAFYfu,2018-04-05,210558,21,2018-04-09T01:12:14Z,False
5jMvdhUBfht7Gi7FT553mX,Shakedown Street,BoomBox,3UBLa2huRORV0HmGQq3fGs,downriverelectric,7CY7ayO5InX34BRxKbOlHp,2010-01-01,203066,0,2018-04-09T00:12:21Z,False
5R2XK7UpWmvy6zd8yoP3BD,Me And The Moon,The Drums,0p5axeJsbtTCXBrRVoKjwu,The Drums,33xiviDt8IeW0S6SoFN6zp,2010-01-01,191613,0,2018-04-08T15:12:31Z,False
5PrtrQ5DDtyHX9lhRk83Uk,The Glitzy Hive,Neon Indian,0KydPQPUUoTNhmiHKOg5Er,VEGA INTL. Night School,6cAIm2AZBlMXTXpypxgcE5,2015-10-16,231442,0,2018-04-08T15:08:23Z,False
7iBPO5ETCqLG6iJux8Aiz5,Real People (feat. Frankie Rose),Small Black,1J6xqDysFw6YiQ0vMvIKds,Real People,6oXcMSNj1JB50LKyVeuZoX,2014-04-01,280173,0,2018-04-08T15:02:02Z,False
4iWuv4YvZZJZpx1D7QNLDy,Money,The Drums,0p5axeJsbtTCXBrRVoKjwu,Portamento,1NAjWuELiyrM0RoQfNbHWb,2011-01-01,233639,0,2018-04-08T14:06:33Z,False
6X4f2HyaLrwTVi5juD27jY,Stereo,BoomBox,3UBLa2huRORV0HmGQq3fGs,Visions of Backbeat,6lXhc0jECygZK464JIUvRb,2005-01-01,346000,0,2018-04-08T02:11:29Z,False
6363CQra0hRv8ViLG2S0LK,One Night Lover - Nora En Pure Radio Mix,"Paul Harris, Dragonette, Nora En Pure",46jtIbj72oWxiUY2CQvSJd,One Night Lover,1LKQgIFdaoZXfJcCjxSsd3,2015-11-09,179487,0,2018-04-01T19:11:12Z,False
5Lt0L3Hc2eSZXPIOGWXcd8,Leave A Trace - Goldroom Remix,"CHVRCHES, Goldroom",3CjlHNtplJyTf9npxaPl5w,Leave A Trace (Goldroom Remix),66nNUID6ottsK8z046mMwb,2015-12-18,299062,0,2018-04-01T17:11:27Z,False
6kQzmbSkHGexuwD9D3zNom,"Dusk Till Dawn (feat. Sia) - John ""J-C"" Carr Mix","ZAYN, Sia, John ""J-C"" Carr",5ZsFI1h6hIdQRw2ti0hz81,Dusk Till Dawn (The Remixes) (feat. Sia),6mZVOi06uAl1fS1pvZnZ7K,2017-09-29,202412,33,2018-03-31T14:29:09Z,False
2c6Cp8ETQX3mu1DKRdzqVQ,Mind Doodles,"Alec Troniq, GABRIEL VITEL",7gY2UGpmfLNKfezQPuG7Hx,Mind Doodles,6pT2cPFcR4Ggpf9DRJVZE7,2015-01-16,401409,0,2018-03-23T05:00:44Z,False
27rM1EZAXXDtRbwnn1hszm,I O U,Elderbrook,2vf4pRsEY6LpL5tKmqWb64,Talking,4r1HQ2vf7mQ7s2mPKRZGG0,2017-09-01,212293,0,2018-03-23T00:45:35Z,False
6MCojEamGcokjZPWOEgbbN,Futura,Jerry Folk,356FCJoyYWyzONni54Dgrv,Futura,0d3X2kHQdIFR3lmg7ZJ4iY,2015-07-27,206915,29,2018-03-23T00:10:18Z,False
6uQe7SVjdDlRqDRAi0qnKg,Talking,Elderbrook,2vf4pRsEY6LpL5tKmqWb64,Talking,4r1HQ2vf7mQ7s2mPKRZGG0,2017-09-01,202844,1,2018-03-23T00:04:36Z,False
0ldBpwY6ZGuxUTmciDEyn3,Siren Song (feat. Eden) - CamelPhat Dark Dub,"CamelPhat, Eden",240wlM8vDrf6S4zCyzGj2W,Siren Song (feat. Eden),7zis7e312jvXA0xwyS8hmG,2015-12-25,362563,0,2018-03-20T00:30:48Z,False
0RTzJVkunbGwuRjXDFHnjf,Dreamer,"Axwell /\ Ingrosso, Axwell, Sebastian Ingrosso",2XnBwblw31dfGnspMIwgWz,More Than You Know,6Ei5WWek37m1x9AjpSXTcJ,2017-07-28,251147,65,2018-03-19T01:58:54Z,False
3tmYq6h749VLvYwvDwIl3D,Wide Awake & Dreaming - Inpetto Remix / Radio Edit,"Amba Shepherd, Inpetto",4RTCIP5yp2tL1AtBCq7ukj,Wide Awake & Dreaming (Inpetto Remix),2I1RgqW88AlfDxD3GFyTg9,2017-02-24,206957,0,2018-03-17T19:21:54Z,False
1V2FYsTya2c1s3YexgshzI,Incomplete (feat. Anu Vora),"Brahj, Anu Vora",5beYU46mt6acYSYFKsQ1zH,Incomplete - Single,63DSDtoIdfmvwqBjYz6igK,2015-07-31,393485,0,2018-03-17T13:47:10Z,False
5EEsY6Zl4C4T0tTwJWtJrV,No Pressure - Jordan Burns Remix,"Odd Mob, Super Silly, Jordan Burns",4qLwtWhlhyAoQ4S9mSrDW9,No Pressure (Remixes),6DIy66uAol4aiS6EYejeVR,2017-09-29,253447,9,2018-03-16T23:22:22Z,False
1B2PCpxPK9XulvgKR6DtOQ,In The City,"Limitless, Pauline Herr",2ODiMICi3kd1OcdXu0geH3,In The City,1w7CCzHXfLZBUMNOmQPuiG,2017-09-19,206557,0,2018-03-16T22:50:03Z,False
5nkTnnEmOgwe3bk9Mu2T7r,Natural Blues - Sander van Doorn Remix,"Moby, Sander van Doorn",3OsRAKCvk37zwYcnzRf5XF,Natural Blues (Sander van Doorn Remix),4sa1OpYwRp6QkIBVUnAwbH,2016-08-15,198000,34,2018-03-16T22:45:40Z,False
5o3i90dRLj0Q2DvqEJtlGU,Higher Living,LEO ISLO,5VqnicC0xT5ja3283N8Yde,Higher Living,1i1vnWGJVKugUM60beTKxg,2016-01-26,230607,0,2018-03-04T19:54:10Z,False
7ueL4RWW6wjudOSrpynXcE,Alive (Møme Vs Midnight To Monaco),"Møme, Midnight To Monaco",4lDXfIznmGueBgTjI3qGUX,Alive (Møme Vs Midnight To Monaco),133D3YIXy6wNzxX9McExV7,2016-11-11,289760,0,2018-03-02T11:06:26Z,False
5CXmD74TQ2qtd1AEH8kWLM,All The Wonder - Original Mix,Eau Claire,6VAAoLeG7ijs2r5oHRPJoN,All The Wonder,6z1wP3Kjj1aW1dnnwzXq76,2016-09-16,258198,9,2018-02-27T00:57:04Z,False
7ME4vQKRiHCeHEQHa9tk1J,You'll See Me (feat. Tom Cane),"MOGUAI, Tom Cane",4xgFgBZ7CRtgtHcziClOwQ,You'll See Me (feat. Tom Cane),0UEVyQqHGZQmQk2dz1M3sM,2016-04-29,180000,22,2018-02-25T15:43:27Z,False
4vxjYgy7DNCWmlyyAmk3m5,Don't Worry - Radio Edit,Campsite Dream,69VkQLf4DH7GJ68BCDOPKL,Don't Worry (Radio Edit),5g7buLFGNFz9M249B13Uk5,2016-04-08,190278,38,2018-02-25T15:28:37Z,False
1rbJVNRXE8jASvaAzWw9s8,Diving with Whales - Daniel Portman Radio Mix,"Nora En Pure, Daniel Portman",24DO0PijjITGIEWsO8XaPs,Diving with Whales (Daniel Portman Remix),3btosdh1L7J7KJx1WQMM1B,2017-01-13,268292,27,2018-02-24T14:19:20Z,False
7dVruhvLSewjjqeo9EWntZ,Through Your Atmosphere (feat. Faris Badwan),"Hercules & Love Affair, Faris Badwan",1WHoAjAWGx5qLsgzpaOk7W,Omnion,2Vwb60mbIrKGORjlgUlCdy,2017-09-01,300729,0,2018-02-17T17:17:32Z,False
0GDvJyuEswEp7BDVY0ZKmS,It Must Be The Weather,Holy Ghost!,2Vhc7Y0Kc6HzMC6glKM4h6,Dynamics,0hQQPEjVB6Xp3DMvVmG45K,2013-09-09,375293,0,2018-02-13T18:55:22Z,False
14Wre255GwZnzmvEIBiob5,Your Love Will Set You Free (c2's Set U Free RMX),Caribou,4aEnNH9PuU1HF3TsZTru54,Our Love (Expanded Edition),7k7LfcXJsRSWzzlNb3zjDC,2015-03-10,402099,0,2018-02-13T18:44:20Z,False
63r3xZrYQQGzY7k4bPBKvu,Genie (feat. Mayer Hawthorne),"Busy P, Mayer Hawthorne",3coXUO5EiwR37nzX4xWjIV,Genie (feat. Mayer Hawthorne),7l3oePC9KPEAFhiH3N1Z4Y,2017-02-24,267692,0,2018-02-13T18:34:39Z,False
5HNOvb7UD5oH6Q2nc6o11G,Discopolis 2.0 - Kydus Remix,"Lifelike, Kris Menace, Kydus",3sa5sqxJqYjDZhGxmo4Ko5,Discopolis 2.0,4OmT94GgE8Y6TA6514jbf8,2015-11-27,222720,26,2018-02-11T16:01:09Z,False
2qa6WSRTCrXOzmjBE77iGI,You - Original Mix,FROIDZ,4CutpmebK8o9CYIaOLYLt2,You,1nLAhFac7G2owzoG0LCiI9,2014-11-10,352885,0,2018-02-07T01:44:28Z,False
656TVMyjGydUPmrbWvWqC8,Crossroads,"Nicky Romero, Navarra",5ChF3i92IPZHduM7jN3dpg,Crossroads,7tLoN4qZPzrSY76jjxT2mX,2016-10-14,208050,0,2018-02-05T22:03:51Z,False
39PvlhbldosiMtpynYtjJi,Novell - Original Mix,Nicky Romero,5ChF3i92IPZHduM7jN3dpg,Novell,3S4V9qM40pJN7JYvLITeJd,2016-05-02,335238,0,2018-02-05T11:20:54Z,False
5UNaDiEMfqsRRtkXO6rXkR,Say Goodbye,Cheat Codes,7DMveApC7UnC2NPfPvlHSU,Say Goodbye,6gd63aTxOd3j7Cxy5gj4C8,2016-01-15,188812,0,2018-02-03T16:02:32Z,False
2X5esn2dNHC4ykQCovRWLl,Soldier,Dylan Smith,3Puwp7bMclzFoUb3fLrjBq,Soldier,6kxdHcrCKIhyKVHCQOJRB4,2018-01-29,138769,0,2018-02-02T23:59:08Z,False
3nGlmtxgba20RfR9jej8y2,Lie Alone (Record Of The Week) [ABGT263] - 16 Bit Lolitas Remix,"L. Doblado, 16BL",27901JqjfLO2QYhFQ1Oavo,Group Therapy 263,13B3WIlIqEhhEl7ZMMwxLJ,2017-12-17,304426,10,2018-02-01T12:57:43Z,False
2MMqSXnRLus2ehtZufitUu,One Thing - Nora en Pure Radio Mix,Me & My Toothbrush,5X83BYTRaFGSoKLknnIpWz,One Thing - The Remixes,1oivJBo8ydvBIwjX6s0doY,2015-05-04,212809,30,2018-01-31T05:51:48Z,False
7qaa5q7z53J2au70zl84fn,Gone Tomorrow - Me & My Toothbrush Remix,Lika Morgan,61StZOWgYff2AxDUejw4UI,Gone Tomorrow,1W5BGglyOl4THrJ0j8nqyz,2014-10-20,374125,32,2018-01-26T11:43:02Z,False
66sCkk6eYeHwuJtkfnkfsi,Light Me Up (feat. BONUS check) - Semi Acoustic Mix,"Purple Haze, BONUS check",35ClM9mD81Evb2EIuYq5en,Light Me Up (feat. BONUS check) [Semi Acoustic Mix],5dhVd4s2Pjh3ZdROVs8KcC,2018-01-19,238064,8,2018-01-24T13:26:11Z,False
5gqPh3zDZFzJuSpbHxoA8U,Young (feat. Britt Warner),"Blackbird Blackbird, Britt Warner",2TWKl87Jnmd5MApKEpVCxA,Young (feat. Britt Warner),6A14Qeq7PuAs1EmayD64Mi,2014-11-11,252682,0,2018-01-20T22:52:21Z,False
5aZJSm6WBFvTFuNdRCGp3E,Forgive & Forget - Oliver Nelson Remix,"The Kooks, Oliver Nelson",1GLtl8uqKmnyCWxHmw9tL4,Forgive & Forget,4lSNbm9yekbYXAPczzvpBj,2014-01-01,275226,0,2018-01-20T15:16:19Z,False
22wYovc5ItAy5sGNONhUKd,My Love / Your Soul,Jean Tonique,6BVLQfvzlvlNZ43WjbFgbI,You,6zYNUVKbl7uLZUQYWKkj3N,2015-03-30,271676,0,2018-01-20T14:48:11Z,False
3gfmFoJgmn9LiIj5mV8oSS,I Just Can't,"R3HAB, Quintino",6cEuCEZu7PAE9ZSzLLc2oQ,Trouble,7rXJOnBDZk3yPmpMXFNsPZ,2017-09-15,156000,0,2018-01-14T06:53:07Z,False
4exKBPywrjt5lTMhBhpD1G,Trouble,"R3HAB, VÉRITÉ",6cEuCEZu7PAE9ZSzLLc2oQ,Trouble,7rXJOnBDZk3yPmpMXFNsPZ,2017-09-15,173203,0,2018-01-14T06:50:04Z,True
0m1gkehSAaihdNYwyJdxbd,Never Lost,"Snareskin, Holly",5sDdzMVQgnGZ0nND3WvByB,Never Lost,6fPQMNstglWfV40ExT7mDC,2017-01-26,198717,0,2018-01-10T18:15:59Z,False
7J7D2Ezp32LxlYuNTZX48n,So Far Away (feat. Jamie Scott & Romy Dya) - Nicky Romero Remix,"Martin Garrix, David Guetta, Jamie Scott, Romy Dya, Nicky Romero",60d24wfXkVzDSfLS6hyCjZ,So Far Away (feat. Jamie Scott & Romy Dya) [Remixes Vol. 1],7sdcEE59A6EGhriYpDSTTE,2017-12-29,342857,27,2017-12-30T19:52:22Z,False
1B9RFhqUNSNIsy09ldrK00,Mr E,Metroplane,4NV4qWnRhLrr41zy1IwFGm,Metroplane,7nUDp89adQYbjO6Qpr5LXa,2016-05-20,382200,8,2017-12-27T01:02:05Z,False
519sMrZ9xosZhyUMW2KT3n,Let Me Wish,Giorgia Angiuli,4iHnLagnnmgiIwMSm1wuTq,Pureness,3jhZ7tQOW9fqSSWUcpecNS,2017-02-06,344262,7,2017-12-25T18:04:17Z,False
08kzhb1Ydc8VBNENUNFN4R,Amber (Dance),Moister,5yHTj9QrX8tFLWKom4S5oc,Amber (Dance),6aVwxansH5Pyx7pSO75Uht,2017-09-07,165151,1,2017-12-25T17:59:50Z,False
3gvhgrNvUyvckPGvmsGWGU,I've Been Waiting - Original Mix,Dear David,18RRS5Q6qK4EoxDK0EWCMC,I've Been Waiting,0frFEtAVvQHWvAKF85tfjU,2014-07-22,346908,0,2017-12-25T17:00:23Z,False
58Zg9qFagsMv9qZoDhxWyJ,Over Me,Metroplane,4NV4qWnRhLrr41zy1IwFGm,Metroplane,3xje43J5bSX2KVcxQSimdn,2016-05-20,326772,3,2017-12-25T15:30:16Z,False
216S5ED9SNRWaHWVjSJGyX,Everybody's Changing,Keane,53A0W3U0s8diEn9RhXQhVz,Hopes and Fears (Deluxe Edition),5QqVXRTiGpLgmo1YNoz9Bk,2009-01-01,216520,0,2017-12-22T03:06:59Z,False
4PdJSsESm34djLfBde9Pr2,Would I Lie to You - Radio Edit,"David Guetta, Cedric Gervais, Chris Willis",1Cs0zKBU1kc0i8ypK3B9ai,Would I Lie to You,1o9FV0S0KY1kqmYsacy4j8,2016-09-30,197647,63,2017-12-22T02:02:54Z,False
6nIzjOlcMmk7ITm7FVbLA5,Tears In Your Eyes,Nora En Pure,24DO0PijjITGIEWsO8XaPs,Tears In Your Eyes,7cfS6AJdfrF6ld7DyRRb6P,2017-06-19,215125,0,2017-12-17T15:08:35Z,False
4VL5yu2u33cedBF2sKZdeN,Atlantis 1997 - Lifelike Remix,"Futurecop!, Cavaliers Of Fun, Lifelike",10yA9Y6h5wbDaX5XuZuA9X,Atlantis 1997,4mxkKgx3F8BFRInnq1n9Zw,2013-04-08,299556,17,2017-12-11T11:06:34Z,False
7LWJNVjEJohO65F3T6BNF0,Paradise,"Laidback Luke, Made In June, Bright Lights",53cQZtWDwDJwVCNZlfJ6Qk,Paradise,3Cyjm29zCQagGaJGayHjcn,2017-04-07,192480,0,2017-12-09T19:30:19Z,False
6sIvAyM1AtnSGz3anRLcDo,In Cold Blood,alt-J,3XHO7cRUPCLOr6jwp8vsx5,In Cold Blood,5zlu4KRhI3Ld9zOVBgXAEX,2017-03-29,206026,13,2017-12-07T01:50:53Z,False
3q2pCWZEsetC62qyxP7p1b,High Love,Dim Sum,6hZDTUqjAdw543I6czUumV,High Love - EP,2zZdiDejIYGRiN1IDV3xRR,2016-01-15,236400,0,2017-12-06T14:48:22Z,False
4FdVNFqexlPV6PJM7vpKFu,Out Of Gravity,"Yves V, Swanky Tunes",47BEc2RoW53owMyxacXWdV,Out Of Gravity,7ecmU1nQaUAVbynNdWUPhn,2016-02-01,193107,19,2017-12-05T17:11:13Z,False
4nZHIyYV95aSxTqeXXchBz,Ghost - Radio Edit,"Tom Swoon, Stadiumx, Rico & Miella",2OFEXARoSZyZLR6S0oV2R7,Ghost,1KNVCYGwLWaMt7Peh6W55E,2017-06-30,194943,0,2017-12-05T16:08:39Z,False
1VsQdMNLHs9gVjvlpgfxL4,Sir Duke - Original Mix,"Firebeatz, Fafaq",53YSn9tHwGJ6bq5P0gGoYo,Sir Duke,5K2bOHL8rqZnVBERydTQ21,2016-06-24,159111,0,2017-12-05T15:50:28Z,False
0QJWkLsRlvcpYsNeHoSZkB,Veins,Third Party,2J80qXI4NHKpq5RT3xUF7V,Veins,1OpOXbiH33Nkc9P4PxRRMb,2017-01-16,264026,14,2017-12-05T15:40:30Z,False
2tj9YEjf5ezprI5DmmX1aT,Twenty Years,Placebo,6RZUqkomCmb8zCRqc9eznB,Twenty Years,7JxqJljAhTQSWVsKNFsWqO,2016-08-04,259546,0,2017-12-01T15:30:46Z,False
0el2Fldoy4AXqTW4OnlPrt,Nothing But Space (feat. Aqui),"Keys N Krates, Aqui",6c1pBXHYjFcGQQNO5MMsdd,Midnite Mass EP,3Op0Y0pKxDZvBwU0ncivmw,2016-01-15,311724,0,2017-11-30T02:53:41Z,True
5z9XDKsyJUeWg7c0IRVKkG,Lose Myself,"Wild Culture, Rezar",7hayBHpyq0PvgOt9l96hpp,Lose Myself,4yMlfr1buUjpzPdY00STLx,2017-09-29,180000,28,2017-11-29T02:23:57Z,False
0m458oiHlNGa1fwwpBEmI0,Lost Yourself (feat. JT Mak),"The Golden Pony, JT Mak",4nsYiXTOF3R7mfla5uxrTZ,Lost Yourself (feat. JT Mak),1fj0PIOCV0yHoNnadsefwi,2016-08-22,210848,0,2017-11-27T18:50:14Z,False
69AERH8jcGcqFIIFv9qD2B,Diamonds - Original Mix,"Lane 8, Solomon Grey",27gtK7m9vYwCyJ04zz0kIb,Anjunadeep 06,5XegK7mxacB09ZJQzoP2jb,2014-09-08,319933,25,2017-11-21T19:50:54Z,False
5YzaostcCu9Sgp5T7bFuX3,JUVENILE,The Blaze,1Dt1UKLtrJIW1xxRBejjos,TERRITORY,56X6IaIoNEfqxAvGb9St58,2017-04-07,203693,62,2017-11-21T19:18:17Z,False
5hWNmlOJpNouO4L2Vw8INw,Petroleum - (Jeremy Olander vs. Kent),"Jeremy Olander, Kent",5vdjF79d5d2m12FOkJhxHB,Petroleum (Jeremy Olander vs. Kent),5ZhgNxI5sNwW6LwEpZ1zGc,2014-12-24,392903,20,2017-11-21T17:24:47Z,False
6ycYOYlyzwnxkiiElL493w,Rush (with Dimension),"Wilkinson, Dimension",6m8itYST9ADjBIYevXSb1r,Rush (with Dimension),3j93HsZrNAK0jrFEVwkOU5,2017-11-03,270344,0,2017-11-16T03:45:33Z,False
3i6qNxyVgIdUZTTi5m25EM,Bitch,Meredith Brooks,2QmLFuIDtNDmmJY3OtvinN,Blurring The Edges,56viTB3cu7FbFwAWDctRz1,1997-01-01,252760,71,2017-11-12T20:13:07Z,False
4d4MA9MXy0cVIVdsNWGf60,Real Time,Jacques Greene,0ygIgsjUzKivFgxgjQ9iV9,Real Time,3NPUhWZ7kwP4xryqQbANft,2017-01-26,240066,0,2017-11-11T13:10:47Z,False
2icwxIbOUTmvHcF4SRkEjQ,Night Moves,Roosevelt,4AQrqVz6BYwy29iMxcGtx7,Roosevelt,0GBLU3olvmCmM15v1YM8OK,2016-08-19,296565,0,2017-11-09T13:23:19Z,False
3kwRiuw2oJoArGs3EusCgn,Time,Jungle,59oA5WbbQvomJz2BuRG071,Jungle,6IH6co1QUS7uXoyPDv0rIr,2014-07-14,213614,0,2017-11-08T02:06:10Z,False
49sqQIS868rKIy5NBUmJV6,The Heat,Jungle,59oA5WbbQvomJz2BuRG071,Jungle,6IH6co1QUS7uXoyPDv0rIr,2014-07-14,196052,0,2017-11-08T01:48:41Z,False
19WDbl8eJvSynQVKE8yGP9,Doubts,Gorgon City,4VNQWV2y1E97Eqo2D5UTjx,Doubts,6B1obYgsMTtUgBejQ7AvNc,2016-05-20,272663,0,2017-11-07T19:25:00Z,False
48Gxt0r4q6g870CXAy0OaM,Love Me Lots - Bridge & Law Radio Edit,"Ain't No Love, Bridge and Law",5ByQxGnkZixBK4xEcAW7Eh,Love Me Lots,47mc6ta28bOov364XMGkpa,2014-04-04,186870,9,2017-11-07T18:52:19Z,False
3Pld11rrM7oz0ONBNtyNJ5,Stay in Love,"Uppermost, Ofelia",58UpHBCQ1Jj67DJsR7Qyqg,Origins (2011-2016),5vbwjHvR5pxz6XFalG1xgq,2017-02-10,250286,18,2017-11-07T17:21:52Z,False
2Lt6XpDCo3xETDwWgvZJIY,Murderers,John Frusciante,7rN3Agir6FaZNfhf5V7mfN,To Record Only Water For Ten Days (U.S. Version),3a9g6ueh2eVIYGTfmSoKkb,2001-02-12,160480,48,2017-11-06T16:09:31Z,False
53t8wQxaKsIpG8iSYMN4CM,Paraffin (cosmonaut grechko Remix),Tesla Boy,0VSi6lAB9txdaW5VEmIx9b,The Universe Made of Darkness (Night Version),63yhIMDWjQM0ix8NfnHE0t,2014-08-26,331829,1,2017-11-04T14:12:45Z,False
5Y7CCUdF87MwbmLllXplou,Anvil,Lorn,1PmVyfIR9KtCxbHWuga8E5,Vessel,2RUmgpZGtnZPAthl2buwDg,2015,212000,0,2017-10-31T15:51:44Z,False
7pM9cLbrgRGX1hHElTX92m,Acid Rain,Lorn,1PmVyfIR9KtCxbHWuga8E5,The Maze To Nowhere,4bplGkhwmNIVjMf2rTGeW5,2015,172473,60,2017-10-31T15:33:34Z,False
4JUpkxgA7SBdwPN1ScZ10n,Feel the Heat,Muvy,1W4ag0vNmIl0sKH5yeYUIu,Feel the Heat,5pkGGsgTcKj2gZqc2mJKbR,2017-06-30,184462,6,2017-10-31T14:06:17Z,False
7iMnGFbikCGi9qmbxwlAHE,Kick Drums & Red Wine - Dezza Remix,"The Midnight, Dezza",2NFrAuh8RQdQoS7iYFbckw,The Midnight Remixed,7gcGPeI9nHWPd9K0JNE7OH,2017-08-14,278000,0,2017-10-26T14:37:26Z,False
2bLS9LiFnQugt2TgZwEaX1,Wallflower - Lane 8 Radio Edit,Maribou State,7zrkALJ9ayRjzysp4QYoEg,Wallflower,7eTNTDNvSpj9sDt0lFJcFa,2015-09-18,208072,37,2017-10-26T13:58:20Z,False
1kgws2l8gsvDhtsVyzWbu9,Overnight,Parcels,3oKRxpszQKUjjaHz388fVA,Overnight,4j3sdOtrUvam9EaehRzi6B,2017-06-21,219602,0,2017-10-23T15:42:35Z,False
2kGeqrowUQ0dImVZqMG6nT,Evil Deeds,Max Manie,0esUZwk3FcZiAH1fXa66dU,about: berlin vol: 18,0Njd5nGvBJ7y5QQacl1fda,2017-09-15,371533,0,2017-10-22T14:51:54Z,False
336ZYcU6poBWi3s8yzRcAD,I Follow Rivers,Lykke Li,6oBm8HB0yfrIc9IHbxs6in,Wounded Rhymes,43uf0nTu6b5ReBCoQkLtsF,2011,228466,61,2017-10-20T13:15:01Z,False
4DmJzMpStlSgAGtxIRhn3y,Adjective,"Luca Debonaire, Dennis Ruyer",3rTZTOuaGaIuJeYuZZmVCA,Adjective,5tR8FRO9ysdABsXcDkg86U,2017-09-11,191129,10,2017-10-19T12:02:15Z,False
3Rz5yyp1lGgFxY0jVRCqSP,Ivory (Blowsom Remix),"Tez Cadey, BLOWSOM",5cBeFQv3kBVP8o15CmPTKb,Ivory Remixes,0MYPlEabH7DNYYuu5TDWek,2017-08-04,174320,22,2017-10-19T11:53:04Z,False
54bjvhHv2ThqFtK9PACFhf,Hands (feat. Denai Moore) - Samaran Remix,"Point Point, Denai Moore, Samaran",5L67d6oZKOOmXcBcMMJdZZ,Hands (Remixes) (feat. Denai Moore),30tDURuli6ZpmK5ZF3YZDR,2017-09-22,254440,0,2017-10-18T18:09:20Z,False
6lrarhjfjHbHZKOW1x6WLV,Away,Chez Moon,5R05P7w3kjhDsQBNMEGF7f,Away,2FZonBE03olQQ5f3c1hqJX,2016-12-09,383407,20,2017-10-12T15:15:43Z,False
6d4qztM78NnFJKP9hFnjx3,Be Mine - Agrume Remix,"Ofenbach, Agrume",4AKwRarlmsUlLjIwt38NLw,Be Mine (Remixes),0kmIEXs6tj0gcHYBiZp7xx,2017-02-24,227410,27,2017-10-12T14:49:22Z,False
3WuRfS3LDAjty1QDHjw96C,White Fields,MONTMARTRE,4n3V7bHjjPqb11n7d0WAVo,Hope,3h1CdjfyUWaDkkDwCHrb2x,2016-04-15,201999,0,2017-10-11T19:04:23Z,False
6KSo1lI5GUtlvksaDWM7ZO,Missing You,Boston Bun,1Na1sVrGWKwAigaW7a6hi5,Missing You,71EAlAtXWnvR0bFAZE2Lv2,2017-06-16,207265,0,2017-10-11T18:46:57Z,False
5KnDpbZVS27HozDs3oOfJv,Kyrie - Edit,Khåen,2zx7IfHfeLnEL4wL3Vc6w1,Kyrie (Edit),7JHnUEvRXepSv5gkWtICRn,2017-08-15,240000,0,2017-10-07T03:33:41Z,False
4hiUYb2nb6NlfTP9CD38Pe,On My Way,"Tiësto, Bright Sparks",2o5jDhtHVPhrJdv3cEQ99Z,On My Way,0JajxG8bZOxz1S4Zhi5nEP,2017-01-13,183710,0,2017-10-06T18:01:54Z,False
1D3hoEs8rqnZIQ4OERkj3k,People,Midnight Club,3alYdOhmna7kQ841uSsRLv,People,4kiH0ebWH2ce7Gy0NhZGWJ,2016-07-25,289552,7,2017-10-06T14:07:32Z,False
5UNA196W7tYhPhs5sDgNav,Floating,Lucas Chambon,1DJ3f9BDCZUzyrmTndIhmG,Floating,0ZLCB3JaqjatN1IUgCgCdZ,2017-03-03,226341,29,2017-10-04T17:15:01Z,False
1o8KTF7xZLE5tXeQVApo2e,Smoke Signals,Hotel Garuda,73tITL3u5T35u309PLpN6K,Smoke Signals,5EPyc706WuBxWuln2jZlth,2016-03-04,226333,0,2017-10-03T17:22:06Z,False
2AmjhQbiL663mGtaVDB6Jx,Good Day (feat. DJ Snake & Elliphant),"Yellow Claw, DJ Snake, Elliphant",47z7ZrgFoBvVpCnElCE3Zh,Los Amsterdam,1aadwcYpfo3Emuh6LHnc78,2017-03-31,228342,0,2017-10-03T13:08:32Z,False
0Q1zms1fD467PJqWLOqRKY,The Cove,Cut Snake,5z7jsdhxqvsOxzZxfVF236,Life's A Beach,3wfWnVWer0q8AQdBL8ZzxA,2015-11-06,344516,8,2017-09-29T16:41:19Z,False
4A4yi3loAgIpq0qHZLC9py,1998,"Chet Faker, BANKS",6UcJxoeHWWWyT5HZP064om,1998,0eIvvEIud6mzKJdBw6KshE,2015-07-29,224026,0,2017-09-26T17:49:56Z,False
7GaiXtje26gnTVWE1iCcHl,You Be Love (feat. Billy Raffoul),"Avicii, Billy Raffoul",1vCWHaC5f2uS3yhpwWbIA6,AVĪCI (01),6LaLU27ZPXimJIbpbiOahr,2017-08-10,207545,0,2017-09-24T15:58:10Z,False
7DoN0sCGIT9IcLrtBDm4f0,Lonely Together (feat. Rita Ora),"Avicii, Rita Ora",1vCWHaC5f2uS3yhpwWbIA6,AVĪCI (01),6LaLU27ZPXimJIbpbiOahr,2017-08-10,181812,2,2017-09-24T15:34:38Z,False
77DTkgGG5XSvkMwyz2QILU,Rise,Plastik Funk,7wmCy21VjfmbP8DznMJe8v,Rise,7gHTlugcjU1lozwveAcALq,2017-09-04,174466,6,2017-09-19T10:35:05Z,False
1Sl3njkhhz8nrSPZroDQ82,Complicated (feat. Kiiara),"Dimitri Vegas & Like Mike, David Guetta, Dimitri Vegas, Kiiara",73jBynjsVtofjRpdpRAJGk,Complicated (feat. Kiiara),6SgTiW8a5BHFXbR03BteCd,2017-07-28,184247,52,2017-09-17T23:04:33Z,False
5S5c6JusOeeZyzRoIo1fYj,Sensations - Whethan Remix,"Elohim, Whethan",6wKxOKEA3K6R2UZ3COLXEY,Sensations (Whethan Remix),1anQeBZibJGvhV88qi6imf,2016-05-17,231272,0,2017-09-17T20:18:28Z,False
5AEtlRudpgdT5FtNiuly6Y,"Let Me Go (with Alesso, Florida Georgia Line & watt)","Hailee Steinfeld, Alesso, Florida Georgia Line, WATT",5p7f24Rk5HkUZsaS3BLG5F,"Let Me Go (with Alesso, Florida Georgia Line & watt)",4s5AbPXAxSCC62EWb1ZTqU,2017-09-08,174800,1,2017-09-16T14:55:39Z,False
1dV79yJFrMMSWHUYijFQFM,Young Hearts (Dean Cohen Remix),"NoMBe, Dean Cohen",5Lhxlge1CR1DrgDAje8Qaw,Young Hearts Remixes,0qxpW9ffWOu7vesL75FAbk,2017-08-06,186000,0,2017-09-16T14:38:26Z,False
52UpeTNyrk4jF4tYL07skx,L.Y.L.,Kove,4cxzGdmQtUZJL1WYOdFQ5F,"Nightfires, Vol. 2",47YiLDLMqUxsTTfKPxi7Xd,2016-09-19,273438,0,2017-09-16T13:45:23Z,False
4jOhrAAym4YRXXp0wwCjQ2,Stellar,RavenKis,0H1KxrrnVNeUaxvoBl6OgA,Stellar,4pnFwGC1bwavl8g92MyQex,2017-04-21,228750,14,2017-09-16T13:31:35Z,False
0OSlOsmyFnIgW1pGVSbaay,Bodies,fabrikate,0DIkDWKcbcnBrLwbqL4jdS,Bodies,0ztkMtQKYvoM8yrFrXiLUb,2016-04-01,283250,5,2017-09-16T12:53:02Z,False
6lFbdi743kgerMZDjSqbuA,Pumped Up,Klingande,1L9i6qZYIGQedgM9QLSyzb,Pumped Up,3gOrwurXTwy0TaWuLOfAB7,2017-09-08,177073,43,2017-09-12T03:22:58Z,False
68bMOLQrmDspizsnuYe1kR,Can't Hold Us Down,"Axwell /\ Ingrosso, Axwell, Sebastian Ingrosso",2XnBwblw31dfGnspMIwgWz,Can't Hold Us Down,6B3LHvnhHM2ikxqbXwIrZy,2015-01-20,378462,0,2017-09-11T20:10:05Z,False
46SFzDyIPZZkrjCZQUfO0E,The Only Thing,Zola Blood,3oxkIoEAyXXQlLTZXlffLJ,Infinite Games,5W4uljBYdOdx3QM5PaStDY,2017-05-26,188720,0,2017-09-08T00:20:57Z,False
7Mpr7b2N2GGp5kUSRIzNGi,Rest,VÉRITÉ,1Fr6agZ6iSM5Ynn2k4C8sc,Living,3WRUpJnbUN32gKgp2slgMJ,2016-05-06,208522,0,2017-09-07T03:47:17Z,False
4WMCllwqU4hot6yqJcxWoH,Constant Crush - Mansionair Remix,"VÉRITÉ, Mansionair",1Fr6agZ6iSM5Ynn2k4C8sc,Constant Crush (Mansionair Remix),7FCgnfBM7TYNGJWo7lBlTb,2016-06-10,258285,0,2017-09-07T03:37:19Z,False
6F3rgQfSns1slUnMfHXjOA,Sweet Memories,"CID, Kaskade",4FCzCS0KEgb0rgySWINItO,Sweet Memories,4Yo4vneja64fF2YT5iunOk,2016-08-26,157451,44,2017-09-05T21:26:23Z,False
5H2cgEPEJxA72Bqb4cLvrj,With You (Jai Wolf Remix),"Dirty South, FMLYBND",1bpzpALZwOoKXzwMg2i8WB,With You (The Remixes),7B6EZBcEHqSwsUTqv8UaFN,2015-04-28,328421,39,2017-09-05T21:03:02Z,False
2RpMHnKzl9tUM8I7DBsjqJ,4th and Roebling,The Districts,3HZgaiR960RFqx9d4LPraD,A Flourish and a Spoil,07ZwJWFc3I8MmeQ8rsg0x6,2015-02-10,289600,37,2017-09-05T15:23:52Z,False
1DBkGLzWwGFdap1hRbpolr,Man in the Sixties,Balue,06dIgxVtLtZPa5FUIJxqtc,Quiet Dreamer,5hYZaah9RCzGINECwNNbjf,2014-07-08,222000,0,2017-09-05T13:54:08Z,False
6OFh72xtdmMdcm2IAcb6Dw,Joy Rider,Shy Luv,3atb7ypZHaRM3INhuD1v4s,Shock Horror - EP,44zipNYggEOSykuTtwafAQ,2017-05-19,265120,19,2017-09-01T16:03:07Z,False
1OCrb7dmygmJiDcjdFAPR8,Heights,Shallou,7C3Cbtr2PkH2l4tOGhtCsk,Heights,59IswWk54vUt2dT0tvSzPJ,2016-04-15,174607,47,2017-08-29T15:55:27Z,False
3DFmtkp1AEmQxQK9DjNvWc,Modern Flame (feat. Yuna),"Emmit Fenn, Yuna",3VVLqeEqQQqTgT8YhfY9Z6,Modern Flame (feat. Yuna),08qlDw9aDmcfbXAOhd0alq,2017-03-01,185088,0,2017-08-29T15:50:07Z,False
0dcks2wKobEKRzq1DD1Jv3,Nadir,TENDER,1I9HNoVK6kOQGVZfulXVnm,Nadir,3jbY4t1lBZL2kmMHcxd5o3,2017-05-23,241946,0,2017-08-29T15:19:26Z,True
1VCHNbal0VtE2plMRzvoho,Weekend,"Louis The Child, Icona Pop",7wg1qvie3KqDNQbAkTdbX0,Weekend,04aSmz3QKJZDy9llsMz7YU,2016-07-01,175058,50,2017-08-29T04:09:52Z,True
59UplcfLA9kx5tlJFfVzau,You Know,"Jerry Folk, ELOQ",356FCJoyYWyzONni54Dgrv,You Know,5RNoqSsd4rv7Rj1dGcX8h5,2016-02-15,199250,0,2017-08-29T01:56:54Z,False
0z95CqBxQnSQhNnoWTZJKL,Slow Down Love (feat. Chelsea Cutler),"Louis The Child, Chelsea Cutler",7wg1qvie3KqDNQbAkTdbX0,Love Is Alive EP,1iNjgHkrolKWSoR2uGxOBh,2017-03-24,157891,34,2017-08-29T01:02:18Z,False
57h96qWrViAcioQHyb6exT,Cruel Mistress,Crazy P,6jOz2B9qeID4dLP1o8bFGf,Walk Dance Talk Sing,3zzkk0n26DWgqVuQkefg0J,2015-05-11,294914,0,2017-08-28T17:27:50Z,False
0E6lfhMTzMrnNiAYoABWIh,Play With Fire,"Lee Foss, Josh Taylor",44T94QQEc60Jf7kqGY6Rip,Alchemy,5MH1ejr3zIXjOj4kjsleuV,2017-04-07,276302,0,2017-08-23T16:29:33Z,False
2k5ie8OuFMOfoeUA4nY9mM,Blue Is The Distance,"Lee Foss, Ali Love, Anabel Englund",44T94QQEc60Jf7kqGY6Rip,Alchemy,5MH1ejr3zIXjOj4kjsleuV,2017-04-07,313933,0,2017-08-23T14:31:53Z,False
3Qeg5g2QfAFx9sP0iRlj4e,Living In The City,"Lee Foss, Lee Curtiss, Spencer Nezey, Alex Nazar",44T94QQEc60Jf7kqGY6Rip,Alchemy,5MH1ejr3zIXjOj4kjsleuV,2017-04-07,238000,0,2017-08-23T14:07:27Z,False
6D0rjuOrqpSXcB9wiEyjPz,I'm Going Out,"J Paul Getto, Lee Wilson",2qplg23iVeAdhFhv7KPcj2,I'm Going Out,7Jb3OXRUdJbVLoaOxzSVyl,2017-06-30,223064,2,2017-08-22T18:13:09Z,False
2Dzj0LuUIq3Xv8MjE5bVvn,Trees,Felon,4mRHCOgJQT3Pe6zV89tfYC,Trees,5XquM2Pi8X4nuUbnpxaqDS,2017-07-28,201862,20,2017-08-22T18:13:04Z,False
4RJ4EnyIwcq2tzin5QrDRr,Running Wild,"LOWSELF, KRUE",71HOQTLHPbIruNJegIX2jW,Running Wild (feat. KRUE),7rPW6SNruN5HTZ6I8ocpuV,2017-07-14,225626,0,2017-08-17T18:02:35Z,False
5g5QD2ddj7lbEFfv312Wjo,Brighter,RÜFÜS DU SOL,5Pb27ujIyYb33zBqVysBkj,Bloom,396Y1EKWxeJt2Yh3Da1for,2016-01-22,281084,32,2017-08-16T17:08:22Z,False
6OuCn9U38PTT7Xld8hRXjT,Heaven Sent - Original Mix,Ferreck Dawn,3cnAJv9gydgm52KFIsdvO8,Poolside Ibiza 2015,0Q1bjzSjPRSqdkolGPuAE6,2015-08-14,317697,0,2017-08-15T06:02:51Z,False
0ctaAzM5shcfvJnQmIEGsz,Follow Me - Lange Vs. DJ Jam X & De Leon Remix,"Lange, The Morrighan, DJ Jam X, De Leon",0zgmzl8NLEOsqYNOQcSmAA,I Believe / Follow Me,41iR854h1WcUuLHSHh6BAv,2003-05-06,459106,25,2017-08-15T04:49:31Z,False
6o5QfvroayLZJaOLvfKiXN,Born To Rock - Radio Edit,"Manufactured Superstars, LA Riots, Selina Albright",0sqAJzf2NCihzzyiH0e0d1,Born To Rock,2k2RI5OXMwB3f4ZyNdH7UB,2012-05-14,221421,0,2017-08-15T01:32:18Z,False
4t7oSvdQ9nKYag9UARDAFl,The Light - Original Club Mix,Luna System,1TfEIEbWIpxadjhpCI7Lo7,"50 D. Trance Tunes, Vol. 4 (The History Of Techno Trance & Hardstyle Electro 2013 Anthems)",5jZk68GMEGjjUeLNmVI4Ag,2013-01-07,434066,0,2017-08-14T18:44:47Z,False
6sTKg3qpFpADIhEMLHTGx9,Home,Thylacine,5If5Tdg66Q5X3L57G7A6Pn,Singles - EP,00ZcEcaqb8xxhiIpuX86D8,2014-01-01,314500,45,2017-08-14T03:03:28Z,False
3YtL6y0eib6vgPmvF3mUed,Finally - Radio Edit,Mr. Belt & Wezol,19VDJ9IKyBSUMDJxLsasP6,Finally,1kKTDDEt0In76D1N7JAgI0,2015-04-20,199488,0,2017-08-13T22:02:03Z,False
47CIsUktv8PGNWiHm4lahX,Take Me,RÜFÜS DU SOL,5Pb27ujIyYb33zBqVysBkj,Atlas,1AD72FZKFKPeamhZzcuW9l,2014-05-07,242000,58,2017-08-13T14:26:13Z,False
40G45aA4dDcFt6AalUBsCu,Without Love,Alice Glass,4ukk0IyB7vL97QirpOcNr3,Without Love,62aiSidvrWqKfFTVFtTbDE,2017-08-10,235733,36,2017-08-11T06:33:01Z,False
3aLSrx8qhssXrh5yjB6oy9,All Stars,"Martin Solveig, ALMA",1bj5GrcLom5gZFF5t949Xl,All Stars,6ODMll7MM8Q89W8Wj6Y7j4,2017-06-16,170322,1,2017-08-10T23:49:52Z,False
1VpZTcZyRH27oNa1QW4PHp,Sweet Love - Calling out Your Name,Bolier,65NscqgsoMPqBtoLbkP3jD,Sweet Love (Calling out Your Name),75vqFMD7b6BGuXBePxv5HF,2016-03-28,173579,1,2017-08-08T02:56:07Z,False
201Ewjpy5yGB0JqBtQIm3Y,Running (feat. Cleopold) - Original Mix,"Cassian, Cleopold",1ChtRJ3f4rbv4vtz87i6CD,Running (feat. Cleopold),1v2WXPvLBIREYebNb27oWK,2015-03-09,271521,1,2017-08-08T01:17:15Z,False
3Db8OhBMmNPLv2rHYoP7Wf,P.Y.T. (Pretty Young Thing),John Gibbons,72luDUYRlE8N8lPSgyhiwo,P.Y.T. (Pretty Young Thing),1B34vuIz2XL0tjsXkVnOUC,2017-04-14,195851,0,2017-08-07T00:09:48Z,False
6YzvFfzQNxAUZWYjDOHo6H,More Than Friends (feat. Kelli-Leigh),"James Hype, Kelli-Leigh",43BxCL6t4c73BQnIJtry5v,More Than Friends (feat. Kelli-Leigh),2EiFE8Xnr6yoddz7sUlUYT,2017-07-07,140698,0,2017-08-07T00:09:07Z,False
5xc5GyCPaHW1e8AzNya83Z,Feel This Way,"Philip George, Dragonette",0Q9slhIaEgg190iG8udYIV,Feel This Way,6GJosjr378wuJJZaCYPFjh,2016-02-19,237096,0,2017-08-06T23:02:00Z,False
2LsKvF1f5PVm18UZgQrwml,Koala - Radio Edit,Oliver Heldens,5nki7yRhxgM509M5ADlN1p,Koala (Radio Edit) [feat. KStewart],7CG4gKjF3XMrIZ0DUwCxkl,2014-11-07,195690,47,2017-08-06T22:54:42Z,False
0XfOi87h82i09rQjWYG0Bm,Instruction (feat. Demi Lovato & Stefflon Don),"Jax Jones, Demi Lovato, Stefflon Don",4Q6nIcaBED8qUel8bBx6Cr,Instruction (feat. Demi Lovato & Stefflon Don),3QFLS29DFJeAVWunon2mn2,2017-06-16,165466,0,2017-08-06T22:40:35Z,False
1ZQnV7ePl8yXoLjPfhWE5L,Piece of Me,"MK, Becky Hill",1yqxFtPHKcGcv6SXZNdyT9,Piece of Me,64wvW9YtNDyMBWgNjVl3v8,2016-04-08,188706,60,2017-08-06T22:15:09Z,False
4uuG4svhDuKtDOZ2BXeRA1,Ms. Right Now,The Endorphins,6lxMgbHCSwSRL4LuoUkAJQ,Ms. Right Now,72Zpwej7ebnh1tcS9sT0bX,2017-08-04,258504,25,2017-08-06T16:23:59Z,False
7k4NagREfBayOybkhueiAI,Atropat [Mix Cut],"BakuBoy, Austin Blake",5dtD9DOIbT4t2wCxoN48gw,Dreamstate Volume One (Mix Cuts),6npHyNwnAQoOLGtju4nzCz,2017-04-21,218506,0,2017-08-05T00:11:39Z,False
4nX11Rjdh7AuM8Ezb73m1R,Blow,"Yves V, Marc Benjamin",47BEc2RoW53owMyxacXWdV,Blow,66wQKq7JlyVuYW3r7zTOFf,2017-05-15,165000,0,2017-08-03T01:57:33Z,False
5oEWIKAWSVcABFmzvn9bNN,Empire - Radio Edit,"Dimitri Vangelis & Wyman, Tom Staar",10hGPIDZi33LRaYRIq3Bh4,Empire,01HD7Qz8lUyMfPjZ1Fy9Sk,2016-04-08,260410,0,2017-08-03T01:40:57Z,False
1ReC9EnMiV32u9T2BDDZOs,FAWL (From Amsterdam With Love) - Original Mix,Alpharock,629Fs7UJp6tWqOYZi8t8ET,FAWL (From Amsterdam With Love),3VRJ41ZHqmhbJwjMdsMzLb,2015-06-26,296333,0,2017-08-03T01:28:06Z,False
2Dfu95s1P62yfY5Ttekwgh,Spectrum (ASOT 818),"James Dymond, Chris Schweizer",65cUCIwyx5xtC5HoXh6eOs,A State Of Trance Episode 818,2HAzIJIuqrKzgYOvG43tGV,2017-06-15,265171,2,2017-07-29T22:21:06Z,False
5zJoKPj2KqgO7pyJPqhoYa,Barricade - Radio Edit,Axwell,1xNmvlEiICkRlRGqlNFZ43,Barricade,7G1mOdE92QTjP6ecNBkb2b,2016-03-04,296250,47,2017-07-26T14:39:15Z,False
3gFGqm3n4eyFCHdlUip7xb,Feel the Rush,EDX,7GMot9WvBYqhhJz92vhBp6,Feel the Rush,1LmOJwY0K6Z0P3Fr6CSeEj,2017-05-10,207217,0,2017-07-26T14:29:01Z,False
18xIe4yCyqSr4WoLbM03t8,Legacy,Dimitri Vangelis & Wyman,10hGPIDZi33LRaYRIq3Bh4,Legacy,2tkgmj8sIMagJ2ZtMcRYdp,2017-04-14,198426,0,2017-07-26T14:13:33Z,False
3p5qY5ZIhUw0bZletBEEyA,The Gateway,"Ben Gold, Omnia",4DXcK8M3bJkCFfhHIkudyL,The Gateway,46Gl7BKezo9QXUEdkjPbZh,2017-07-07,175980,12,2017-07-25T03:39:40Z,False
5CrFVLDjsFKurWrWqS0iSf,I Live For That Energy (ASOT 800 Anthem),Armin van Buuren,0SfsnGyD8FpIN4U4WCkBZ5,The Best Of Armin Only,1WEVdCa5YAK8tep9xOs2hS,2017-05-13,197920,29,2017-07-25T03:27:11Z,False
5Y3LTdywsMjLsuwTmNWGVO,Sweet Lovin' - Original Mix,"Sigala, Bryn Christopher",1IueXOQyABrMOprrzwQJWN,Sweet Lovin' (Original Mix),7ch7Mt5UuQ7mW62lT8b21Y,2015-11-13,203386,50,2017-07-24T21:01:57Z,False
4CWZOyb9YHIH06yfsvY6k1,Give Me Your Love (feat. Nile Rodgers),"Sigala, John Newman, Nile Rodgers",1IueXOQyABrMOprrzwQJWN,Give Me Your Love (feat. Nile Rodgers),437BFugGeg8gXNemMXrVkc,2016-04-08,209014,43,2017-07-24T20:56:23Z,False
34dY6F24RriV5aW7BQaZmM,Must Be The Love - Dannic Remix,"ARTY, Nadia Ali, BT, Dannic",1rSGNXhhYuWoq9BEz5DZGO,Must Be The Love (The Remixes),5ea9whFRRm0TnHxnSqIT23,2012-12-03,211875,13,2017-07-23T14:59:38Z,False
19DV9SoxrPWLCupQkevFa4,Galaxy,Expectance,7iSmlvU8WdZ3mtCvvYBky1,Trance 100 - 2017,2ZR5EXg5YQit1fqQu8Nz4b,2017-02-10,224500,0,2017-07-22T05:47:43Z,False
2kWdH4eY3ICeW4XS3MyFAx,I Follow (ASOT 742),David Gravell,66B0qssqmVQXJGf9cmTNKi,A State Of Trance Episode 742,7wsjDzKqwlwxDJMNCr0GBc,2015-12-03,221673,1,2017-07-22T01:20:31Z,False
0mNxCRPOojBf8QdoRSycLl,Rise Of The Era - Radio Edit,Andrew Rayel,1UtBjqMZBAmqIPlDrKu7Tr,Rise Of The Era,4cqPmJNO8RetELnv0BMg3s,2015-12-18,216996,12,2017-07-22T00:19:25Z,False
283thtwcaVfGTmziAEav9h,Young Love (ASOT 819),"David Gravell, Alice Berg",66B0qssqmVQXJGf9cmTNKi,A State Of Trance Episode 819,7sYgSef31XsBGq1ro0NNAg,2017-06-22,222278,1,2017-07-22T00:09:16Z,False
0WPAlrwD0JdIdOlPOWbjf2,Facedown,"Markus Schulz, Soundland",6OO0PboZcIWUWL7j2IyeoL,Watch The World,1RNpDz4L8cnQcnsCbyKuKz,2016-10-14,357453,0,2017-07-21T23:50:16Z,False
4qGZja0cZLWR7ILYEKMzgq,Haunted - Original Mix,"MaRLo, Jano",2kd1zg9ZyGG6WjZO2dAsFd,Haunted,74LCbopO5mKoenkhbXpWJW,2014-04-21,403750,10,2017-07-21T23:36:12Z,False
1VgcmH6C4QFhtPVIsCTQLp,Dream (ASOT 812),David Gravell,66B0qssqmVQXJGf9cmTNKi,A State Of Trance Episode 812,0qgsuBeCvrhEfJRboNRPxE,2017-05-04,258189,1,2017-07-21T23:20:56Z,False
6aeqAwf4vfQeWFSjmgZCEB,Hold It Together (EFL110),"MaRLo, Christina Novelli",2kd1zg9ZyGG6WjZO2dAsFd,Electric For Life Episode 110,2swVI0AUICBOg9SlItw6Zr,2017-01-03,254769,9,2017-07-21T03:07:48Z,False
0DkpVdfTxRFg9NqpfBotBK,High On You,EDX,7GMot9WvBYqhhJz92vhBp6,High On You,64aOBmUDVxoasACFWnjLxB,2016-11-04,180000,0,2017-07-21T02:29:38Z,False
5ZnzVZrSja6miEOxZIV8Q6,Virus (How About Now),"Martin Garrix, MOTi",60d24wfXkVzDSfLS6hyCjZ,Virus (How About Now),5kLRzKHClRO3TX5LeSzljZ,2014-10-27,198077,0,2017-07-21T02:23:05Z,False
6F1kPSgdnlSzZRfskE9vaV,Lions in the Wild,"Martin Garrix, Third Party",60d24wfXkVzDSfLS6hyCjZ,Lions in the Wild,39GUANQpkDHusLAAJPPS7z,2016-05-27,211889,0,2017-07-21T02:17:06Z,False
0WTEaC3kafpSkuPBnCjn7U,Far From Home,"David Gravell, Ruby Prophet",66B0qssqmVQXJGf9cmTNKi,Far From Home,0q14dP5mEUPBVstDpCPTB9,2016-01-29,212307,12,2017-07-20T15:46:46Z,False
7mJJKFUJWm9qJkbFXoM3ZD,Right By You,Lincoln Jesser,3GxiyVFhM1CWoYBMfZ9hYG,Right By You,0Vl7vO9wd8HKvqfvh4DVlY,2017-03-03,203424,0,2017-07-20T03:12:45Z,False
4HSrezPGTx2I2gcf1DulOI,Do It,Jupiter,7yIZvf93cvym5UEV2IGd8D,Bandana Republic,0KiBfrPWjrf4trBkSvasQ8,2015-05-04,229598,23,2017-07-20T00:28:45Z,False
1V0KfPViGW84BcmpQ5sNaX,What You Wanna Do,Jean Tonique,6BVLQfvzlvlNZ43WjbFgbI,You,6zYNUVKbl7uLZUQYWKkj3N,2015-03-30,251106,0,2017-07-20T00:06:12Z,False
3ZutS6kzYIHQknkuuHtpUP,Rainbow Man,Busy P,3coXUO5EiwR37nzX4xWjIV,Rainbow Man 2.0,4RunDtINJwyxkCsIGuRErt,2014-04-28,214626,40,2017-07-19T23:19:01Z,False
0ZchbuMsxnO3iZoV0K32Dy,Second Lives - Lifelike Remix,Vitalic,4M84umUNRbZy1mJleyyRM9,Second Lives,5SYP84zt4tEBMVs9ZTfANh,2010-03-22,312613,0,2017-07-18T17:53:13Z,False
1eDKn7YX9XZ8WRvsS0DLgs,Herefore (Roisto Remix),"Parcels, Roisto",3oKRxpszQKUjjaHz388fVA,Kitsuné: Herefore (Remixes) - EP,4eP0nnSMsi9cOAfheIbFom,2016-05-20,319266,0,2017-07-18T14:00:23Z,False
6goNTQZNr60fflEB1OO2ML,From the Basement to the Roof - Oliver Remix,"Club cheval, Oliver",3sFn8HRnBP6g4twNNy9Tzz,From The Basement To The Roof (Remix E.P.),1QMkJqCUw6XuPRo0lrUzKB,2015-04-27,323973,16,2017-07-17T12:12:40Z,False
5mEsoS2K6Q9fnZVxZK46fu,Superfresh - Franc Moody Remix,"Jamiroquai, Franc Moody",6J7biCazzYhU3gM9j1wfid,Superfresh (Franc Moody Remix),4sVSaXvGYsecMkWZzGnKZK,2017-07-14,244000,0,2017-07-15T15:26:39Z,False
0zxWRrstHxE3fYI5QleMxf,I Want You,"Birdee, Gamble & Burke",3bSjUrJcV80nkkypJHElmv,Three Sides of Love,2qzLZfgviUpipibYOxpjxe,2016-11-04,268190,11,2017-07-15T15:19:18Z,False
2gHkzZeCMjbS9e2jODbm8X,Reservoir - Jacques Lu Cont Remix,Metronomy,54QMjE4toDfiCryzYWCpXX,Love Letters,4BrNDkzavMYsK5Ewtxewhf,2013-12-06,387292,0,2017-07-15T15:06:25Z,False
02EC84nMKvrL83QTEwBIPQ,You Take Me Away,Dance Nation,5ukuMJsKj4MuEuOTcoJww4,00's Dance Top 65,2K6Zh562H4nfuVItJoDFVG,2013-02-15,423466,0,2017-07-07T15:22:18Z,False
7e4FX2yIz7qpcNjt4b6Oqb,The Beauty Of Silence,"Svenson, Chielen",69L1dSd8TzElYlV3Js86mw,00's Dance Top 65,2K6Zh562H4nfuVItJoDFVG,2013-02-15,181506,0,2017-07-07T13:30:12Z,False
6Un3dTa1Ok4or8A0PR962k,La Passion,Gigi D'Agostino,1OAjDaKgg00KCUYqDe68un,00's Dance Top 65,2K6Zh562H4nfuVItJoDFVG,2013-02-15,211320,0,2017-07-07T00:34:16Z,False
55eFVWZ4lLq8kbJ0VwSfA4,Show Me Love (feat. Robin S),"Steve Angello, Laidback Luke, Robin S",4FqPRilb0Ja0TKG3RS3y4s,Show Me Love (feat. Robin S),2miu8ZVhdGb34StwR5Ve6w,2009-03-20,187640,56,2017-07-05T23:44:32Z,False
3UhRKYA9kLmbb77hzdTMbR,Un rêve à deux,"Jean Tonique, Bleu Platine",6BVLQfvzlvlNZ43WjbFgbI,Plage d'or,6693D7I8EwMrkoBbCMhEve,2016-11-25,201521,0,2017-07-05T21:12:30Z,False
3aS5reOG1d7b49WCY2Hhg2,Crush,"Paul van Dyk, Second Sun",7wU1naftD3lNq7rNsiDvOR,Reflections,3NWl1If3ceSVzJEaLvlNWx,2003,466070,36,2017-07-04T18:25:41Z,False
1iXBApi39l5r6lJj9WEXXS,Hideaway,Kiesza,4zxvC7CRGvggq9EWXOpwAo,Hideaway,5LJxFU1n51T8l3QN47GkQF,2014-01-01,251960,1,2017-07-04T17:49:46Z,False
4jEiAVZAmiqzhLaYh0dD7W,No Promises (feat. Demi Lovato) - Club Edit,"Cheat Codes, Demi Lovato",7DMveApC7UnC2NPfPvlHSU,No Promises (feat. Demi Lovato) [Remixes],6rdvwxvLrjmdgLt0OatD4F,2017-06-09,285057,20,2017-07-04T17:44:08Z,False
2WgcjDrpGcp24NwKdo5hSg,Thinking About You - DubVision Remix,"Axwell /\ Ingrosso, DubVision",2XnBwblw31dfGnspMIwgWz,Thinking About You (Remixes),679utEggaXwV1428cX84wJ,2016-10-14,206795,0,2017-07-04T17:29:05Z,False
5yx0nZiFbfE2VLVJ4dh0Rw,Renegade,Axwell /\ Ingrosso,2XnBwblw31dfGnspMIwgWz,More Than You Know,5wtHzowB37Fre3iXWQW5v5,2017-05-24,191893,0,2017-07-04T17:24:32Z,False
5q21u5TzhSaJPslac3xce8,Sometimes,Miami Horror,0Z5pcmXDCKTrFWLnDChC37,Illumination,3y1akfRVCV7LQGYfqJ9WV9,2010-08-20,253728,0,2017-07-03T22:50:36Z,False
6c70NUHAXgzhRPIxjWa2ku,Aber,Tobtok,6pcxIOhQCNb7DX2iuEXgxL,Aber,58xO3jyJS8tJri0VqwUCTO,2016-07-29,315707,26,2017-07-03T22:27:32Z,False
62ZD37RdJGcT39jCC8XLX4,Fame for Sale,"Jean Tonique, Jessie Chaton",6BVLQfvzlvlNZ43WjbFgbI,You,6zYNUVKbl7uLZUQYWKkj3N,2015-03-30,251533,0,2017-07-02T02:19:16Z,False
2G73Ke4bqkHnWaOchgofh9,Guest,"Jean Tonique, Iris",6BVLQfvzlvlNZ43WjbFgbI,You,6zYNUVKbl7uLZUQYWKkj3N,2015-03-30,224573,0,2017-07-02T02:11:26Z,False
3x3lq0IUkLEv4apfJxwgwd,Fiona Coyne,Skylar Spence,0x0u0jCVf5Jf4DNh45XPXL,Fiona Coyne/Fall Harder,1s8FyMpHFOLhzKa58kgGmH,2014-08-08,244291,0,2017-06-30T19:06:21Z,False
1YI6wLnlhRIYCBq5vg2tfx,Smoke & Mirrors,TOKiMONSTA,3VwKSHAfgzV1DOHV0aANCI,Cosmic Intoxication,3pj2VY9r0KCTWnL2G4S0wj,2011-01-01,218506,0,2017-06-28T18:26:15Z,False
2JGSZk5y65ZF79mtDz0o9r,Polish Girl,Neon Indian,0KydPQPUUoTNhmiHKOg5Er,Era Extraña,6iowzS2uw54JvqNoj8yhj3,2011-09-13,264000,0,2017-06-28T18:15:54Z,False
3oVnbdWg48ZrmsUAQQUKbU,Silence (feat. Sarah McLachlan) - DJ Tiësto's In Search of Sunrise Edit,"Delerium, Sarah McLachlan, Tiësto",0IUq1plF3ON4Fboj1bE6kN,The Best Of,4DATh7UC0fFUPzh7ZNQ5aq,2010-09-28,235200,2,2017-06-28T00:47:04Z,False
6Sy9BUbgFse0n0LPA5lwy5,Sandstorm,Darude,0LhHRmSd1EYM5QdNeNnCoQ,"Before the Storm, Special Edition",0Xks5v0dve8Gh2tRHIekjo,2001-01-01,225493,71,2017-06-28T00:26:33Z,False
7lbpqAD1ELBS3ifiEBO34O,Feel The Beat - Radio Version,Darude,0LhHRmSd1EYM5QdNeNnCoQ,Feel the Beat,7oYjRFLuuWeFYb4AhS93Py,2000-01-01,259600,44,2017-06-28T00:26:04Z,False
4evORFR2OaJydEctT2CEgf,Rise Up - Radio Edit,Yves Larock,2P1h10tRBVlC2lVUqhl6wm,Rise Up,6U0Uyyzd45VRV9XnN6ISvn,2015-11-20,170760,0,2017-06-28T00:20:07Z,False
7tSO7DrrYpiMXX3zM4b3oM,Seek Bromance - Avicii Vocal Edit,"Tim Berg, Avicii",7iLc4hrjOjQPfg1E3cCHg1,Seek Bromance,45LS90ZFHzPbUECiK1JdtZ,2010-10-24,200991,59,2017-06-28T00:08:15Z,False
3ZijJaxPs2uile0Go0i3OE,Extraball,"Yuksek, Amanda Blank",2ePIzx9NjxplS724QMZtsf,Away From The Sea,4lSoi7MqHABeo7jBnV6bIQ,2009,212813,20,2017-06-26T15:15:49Z,False
0BUqmsbdo6NNrxrkw14e5g,Snstvty,Louis La Roche,0a03X57i18eG1yBzpmhZAs,Sleepless Nights,1vthABfWJn3lH5AsU9vxgG,2017-03-20,185260,36,2017-06-26T14:48:33Z,False
57ol0VGQfdqoHfhRfG9k0i,My Own Throne,"Pat Lok, Forrest Mortifee",3ZPRZDAAuBrvx1tsIjeFxh,My Own Throne - EP,2hg80pR8GKQJKWe68Pfi60,2016-07-22,263735,0,2017-06-26T14:38:10Z,False
57OEB5L9uBPKdK9c7SGmGx,Synchronize,"Gigamesh, Kaleena Zanders",1Bo8Afb2Qbjs4x6kJHyjle,Time Travel,0wRGX7zHdg0NsCfvKV4wCR,2016-10-21,258151,0,2017-06-26T14:29:34Z,False
13NVDJDWR3GtXcEBDS8EcA,Room,Cherokee,6xmvWip8eqRc5jqv2bHg9j,American Spirit,6fPMIQs951AudmalqtkHb9,2012-10-29,233271,0,2017-06-26T14:13:40Z,False
2SjvcPuNiqGjlheD2SkkZd,Deja Vu - Original Mix,Moullinex,1XFbnj1jNNzzyg46ni3dnr,Deja Vu,4XigKIdh0BEFgblFhklxa4,2013-10-08,229000,11,2017-06-26T14:13:14Z,False
3eiMCHTM7zu2ZEKdLoWodo,Tigers - Thylacine Remix,"Fakear, Thylacine",4eFImh8D3F15dtZk0JQlpT,Tigers (Thylacine Remix),5bP672L1gWersK03ytUMKp,2014,339843,8,2017-06-26T13:56:10Z,False
2TRnLyaZl1W9srfkoI07OD,So Long,Gigamesh,1Bo8Afb2Qbjs4x6kJHyjle,Time Travel,0wRGX7zHdg0NsCfvKV4wCR,2016-10-21,220327,0,2017-06-26T13:37:50Z,False
53lCLhb2hNzMjBPNWmJoz3,Sweet Addiction,"Yuksek, Her",2ePIzx9NjxplS724QMZtsf,Nous Horizon,47JSOn8iofb0dW8BvEYo10,2017-02-24,215493,0,2017-06-26T13:04:07Z,False
6bLopGnirdrilrpdVB6Um1,The Greatest,Sia,5WUlDfRSoLAfcVSX1WnrxN,This Is Acting (Deluxe Version),2eV6DIPDnGl1idcjww6xyX,2016-10-21,210920,76,2017-06-20T17:19:59Z,False
0GA2lGB4KkxCAqnpWlEEvY,Line of Fire (feat. Karin Park) - Radio Edit,"Booka Shade, Karin Park",2CKaDZ1Yo8YnWega9IeUzB,Line of Fire [feat. Karin Park],2NFrNJFdOKz68IyVDA1tUy,2015-04-17,202561,0,2017-06-20T15:08:33Z,False
2kBpsXKH2hCUDslEcvS0FK,Don’t Stop The Party,Black Eyed Peas,1yxSLGMDHlW21z4YXirZDS,The Beginning (Deluxe),0kz0d5wzAy1i14mSDaptrC,2010-01-01,367413,0,2017-06-19T03:33:10Z,False
6avxJ3kn6rkPE21X4fyg7q,Don't Dream It's Over,Crowded House,7ohlPA8dRBtCf92zaZCaaB,Crowded House,0dAD49L0BeGHuxXeyjEq4o,1986-01-01,236933,0,2017-06-19T03:11:38Z,False
74zwpxcN8WD03yZwLPYwLt,Maliblue,Darius,5vfEaoOBcK0Lzr07WN8KaK,Velour,5c5RaaxUjA9V6lp2gxMB9o,2012-03-16,259082,0,2017-06-19T03:10:14Z,False
1HowUwxKilHhkVb7VlWAkw,Once in a while,Darius,5vfEaoOBcK0Lzr07WN8KaK,Velour,5c5RaaxUjA9V6lp2gxMB9o,2012-03-16,218174,0,2017-06-19T03:09:53Z,False
3zOvCNuRh0hX0Bua4eWJbs,Low,Cracker,0ODQJS4mk7rVBJXjdqByX6,Get On With It: The Best Of,3GVBriNvXM7rxMDF1JWCtk,2006-01-01,274573,43,2017-06-19T03:07:51Z,False
5uzNa0SBGOe5pPnstWHMCt,Come On Eileen,Dexys Midnight Runners,4QTVePrFu1xuGM9K0kNXkk,Too Rye Ay (Deluxe Edition),2t3JY6Pch53HxDu7sipMP7,1982-08,273720,1,2017-06-19T02:50:54Z,False
08o75xMKmGrKny6GsXrNJW,Little Lies,Fleetwood Mac,08GQAI4eElDnROBrJRGE0X,Greatest Hits,0LfM3PGkXE6KvJEE1HkOnz,1988-11-21,218040,67,2017-06-13T04:16:00Z,False
19slC7k8bsPOAKDjHYLU2W,Father And Son,Yusuf / Cat Stevens,08F3Y3SctIlsOEmKd6dnH8,Tea for the Tillerman,1FKScTiXaADVfAp6gTWHKj,1970-11-23,221000,1,2017-06-13T02:24:34Z,False
3qrEG6rQ9Qm72MNWeUKKiU,Wham Bam Shang-A-Lang,Silver,7oeuJSyVZTCkm3BurLz8cG,Silver,3sGENYCDR3UaIfFwWMJWrY,1976,212840,69,2017-06-13T01:56:32Z,False
2OSfEYKhlSsLx6vn4O75RK,I Want You Back,The Jackson 5,2iE18Oxc8YSumAU232n4rW,Greatest Hits,7ioDs7ZLvqeYLD1SVFeWci,1971-01-01,178493,59,2017-06-13T01:47:42Z,False
28DD0sdH62lta3qSPtaHS4,Sexy - Original Mix,Raffa Fl,0j4dGWeyGGE4GvrAzdZIZ5,Sexy,5Wr5vwKIs5WDYZZL4rLQqy,2017-06-16,374758,0,2017-06-10T14:35:43Z,False
6utFNl6tz78Z5luz4H5IAN,Marble,The Toxic Avenger,5zExRf0VQCl3GO4Jrj8r0s,Ξ,0IQNCUOi4f0e5paXv9ut6S,2016-02-12,219826,17,2017-06-07T22:53:35Z,False
3bqzUDyN8wTCmdyzg6OlF3,SHY,"The Magician, Brayton Bowman",4WUGQykLBGFfsl0Qjl6TDM,SHY,7etyFcNbNbz9IIwoSTfsRb,2016-05-02,204684,0,2017-06-03T04:18:09Z,False
4UEff0ry2mzBb1KeLOOwCA,Catchfire (Sun Sun Sun) (feat. Anna Leyne) - EDX's Miami Sunset Remix,"Spada, Anna Leyne",2hPCF7VDHhihvNdobslOHw,Catchfire (Sun Sun Sun) [feat. Anna Leyne] [Remixes],0ZSNhpHTPpPZ7LZXdfhyks,2015-08-21,280766,0,2017-05-31T18:39:50Z,False
42Pm0VVWpFCcFdjYbWfBpn,Hello E,Tepr,6gvLnqSteeVfB6WnmVJV1j,Inquisifunk,5XSYxXoD2TXCgYbZ0aEymY,2017-04-21,370960,19,2017-05-31T18:27:23Z,False
0pMUR7Uvp6vxlbG0qBFvgM,Better Off Alone,Alice Deejay,2tbvDi9eXf9XXp06LupkED,Who Needs Guitars Anyway?,5oPKlo7IBFXlh12tqDVoAU,2000,214883,9,2017-05-21T04:20:55Z,False
75IiVIjhH1D2twasNsaKZL,Missing - Todd Terry Remix,Everything But The Girl,13ccXrK7AmXb4TddMkE7jy,Amplified Heart + Extra Track,5bDwpdNLbF4RjkOak17Lvv,1994-06-13,249533,0,2017-05-21T04:12:50Z,False
2b4SSorCTQ2VzmllaeWuuT,YOU'RE THE ONE,"KAYTRANADA, Syd",6qgnBH6iDM91ipVXv28OMu,99.9%,1dZZh7PvVgce1DDsDPzy8Z,2016-05-06,227706,0,2017-05-20T14:12:09Z,False
6iPzFPafHG23FomvNwgOLl,Every Step Every Way,Majid Jordan,4HzKw8XcD0piJmDrrPRCYk,Majid Jordan,7awpB1UEVeDF6h8mGMssTI,2016-02-05,214920,0,2017-05-20T03:13:00Z,False
51G9eY5a9zlJ2oTKxgEXob,Disparate Youth,Santigold,6Jrxnp0JgqmeUX1veU591p,Disparate Youth,0hoLkAa398sSyl03zPtdhT,2012-02-14,284924,45,2017-05-20T02:19:04Z,False
0KS8IY5kiBOOnkR5OJKv7K,Heart Attack,Demi Lovato,6S2OmqARrzebs0tKUEyXyp,Demi,7KAoB1N8QmvYVQv5cwe9Xp,2013-01-01,210840,1,2017-05-17T19:47:27Z,False
4yLebnID5b6tqlrwUdaQ01,Wild Child,WEKEED,0xgxqCx6wm4roFuDMO0l1d,Wild Child,3yBK13iu9SR5vGvZ0rzG9D,2013-10-14,274015,35,2017-05-11T14:50:04Z,False
69ah2ifZhQ0y7MG1zKxoh1,I Can't Win,Jus Jack,3g9rdz7MPhIWHtMBAslYMa,I Can't Win,11G4wjQU40bgn8UFgOCPdA,2017-04-28,181911,0,2017-05-09T12:10:14Z,False
3LTMnFa0hhwisyq6ILahyj,Sultans Of Swing,Dire Straits,0WwSkZ7LtFUFjGjMZBMt6T,Dire Straits (Remastered),3QEcBcqPmefFWd5ZrLNuDX,1978-10-07,348624,3,2017-05-07T05:32:33Z,False
1xPSDf8z4dH46gkvlLtvDO,Maniac,Michael Sembello,771qBvjnXOH9Azr6lKy6FB,Flashdance Original Soundtrack From The Motion Picture,5rdy0MyO9GklJMgqfAJOSQ,1983-01-01,244706,6,2017-05-07T05:27:37Z,False
4xVy3g7qRlZ0UPTDjDsMz5,The Moment (Novell),Nicky Romero,5ChF3i92IPZHduM7jN3dpg,Nicky Romero presents Protocol ADE 2016,6rco2emCiCX66A2gCt4L1Z,2016-10-07,200791,0,2017-05-02T22:58:18Z,False
3lIxtCaROdRDuTnNBDm3n2,She's My Collar (feat. Kali Uchis),"Gorillaz, Kali Uchis",3AA28KZvwAUcZuOKwyblJQ,Humanz (Deluxe),0NvirtaDCaZU5PAW1O5FDE,2017-04-28,209560,78,2017-05-02T01:59:33Z,False
5GerJwon1HTwRdTPHJ1RY6,Waterfall - Seeb Remix,"Stargate, Seeb, P!nk, Sia",7KUri7klyLaIFXLcuuOMCd,Waterfall (Seeb Remix),66NGdgG97j6mn1MnAoB3ek,2017-04-07,203308,35,2017-04-30T13:08:13Z,False
4gqErggWezveQwhnevw6kM,Embrace Me Now,Giorgia Angiuli,4iHnLagnnmgiIwMSm1wuTq,Embrace Me Now,43OhpOsDR9GUbukZwbv7yC,2017-01-23,343075,0,2017-04-21T13:45:26Z,False
7cGfrVoC7G03XeXn7yflx5,Move Your Feet,Junior Senior,7xNPROyVfkH4mcIxxCxySm,D-D-Don't Don't Stop the Beat,2mv4iqMpFW99tKHpZwKETJ,2002-04-03,181826,1,2017-04-20T04:30:16Z,False
56YjHOutYKR9mzl86loPpz,Jump Into,"Slaptop, Maxine Marcus",5NFB7dL4b4ZtcMAk2wCOoi,With You,6jeH7G1F2CZ5StHtlt0NB1,2017-03-03,274900,30,2017-04-15T04:39:50Z,False
3Yyskke2xAbVUIrOOhmxya,Go Up - Radio Edit,"Cassius, Cat Power, Pharrell Williams",4sf3QZW8a3xZ14IGsOAzoy,Go Up,0myPqY5YfIJ1iOOYWyEfa7,2016-11-25,216700,0,2017-04-15T04:12:14Z,False
0V5zAGdvO780GT3gtdxzLt,Andromeda (feat. DRAM),"Gorillaz, DRAM",3AA28KZvwAUcZuOKwyblJQ,Andromeda (feat. D.R.A.M.),5ZmmS4AcXQ4eBYt8aWqlk3,2017-03-22,197546,41,2017-04-07T22:06:35Z,False
2oJInAFXiQYLgz0jh9MrXf,Saturnz Barz (feat. Popcaan),"Gorillaz, Popcaan",3AA28KZvwAUcZuOKwyblJQ,Saturnz Barz (feat. Popcaan),2YnklUr00pBvhOoV33nWrV,2017-03-23,181906,40,2017-04-07T22:05:09Z,False
3CCS6y9BPowg2jYiaY94UZ,Let Me Out (feat. Mavis Staples & Pusha T),"Gorillaz, Mavis Staples, Pusha T",3AA28KZvwAUcZuOKwyblJQ,Let Me Out (feat. Mavis Staples & Pusha T),5SlqiD2KdPBu1p3iiHt5Br,2017-04-06,175813,32,2017-04-07T22:01:37Z,False
70HugOq2RkgM8k0lw8yezC,Andromeda (feat. DRAM) - Bonobo Remix,"Gorillaz, DRAM, Bonobo",3AA28KZvwAUcZuOKwyblJQ,Andromeda (feat. D.R.A.M.) [Bonobo Remix],525R9TcoqUtId25NszHzuI,2017-04-07,315571,30,2017-04-07T21:38:08Z,False
6PnfLB5Z1DtXFMqhNn6wDY,It Ain't Me - Tiësto's AFTR:HRS Remix,"Kygo, Selena Gomez, Tiësto",23fqKkggKUBHNkbKtXEls4,It Ain't Me (Tiësto's AFTR:HRS Remix),0K83jZoA0P2uml8ngAmKZr,2017-04-07,192000,44,2017-04-07T21:34:08Z,False
5kwTdbmR4WXkjISa1U1Yao,Lights - Bakermat Remix,"Hurts, Bakermat",3w4VAlllkAWI6m0AV0Gn6a,Lights (Bakermat Remix),1FiD8CchX0CDjECfe2mb6h,2015-09-18,262226,35,2017-04-04T23:05:52Z,False
7pyzukQnkzBDpHICG2ta4i,Mistakes,CYA,2HFWySRmIs8TiKMMfcLN1g,Mistakes,4ChuoZUNXfRYeqwFHE8RVn,2017-02-24,393120,0,2017-04-04T23:02:06Z,False
5ybydtBlJJL82AprlvN7Lg,Magnets - A-Trak Remix,"Disclosure, Lorde, A-Trak",6nS5roXSAGhTGr34W6n7Et,Magnets (The Remixes),06tuUa5n7dvjX4zRMQLBSo,2015-11-16,260442,0,2017-04-04T22:39:07Z,False
5BHQgdYNXLHFSZaoSGXQh5,Primer,DubVision,3XINWZaloea97SIRiyTJxX,Primer,6Em1iehniGE0L25GVbV5YB,2016-08-05,186516,0,2017-04-04T19:34:35Z,False
2FfPX5AQSYpSixTEM8qMjO,K2 - Original Mix,Kryder,1xfLBmx0n8DQri9HxJsq9O,VONYC Sessions 2011 (Unmixed Edits),3cJhhGNNBq9ZCDB1l2eQZ8,2011-12-15,424214,0,2017-04-04T18:54:38Z,False
4PQCrz4sk00dIEmkwmmJCr,Together - Radio Edit,"Axwell, Sebastian Ingrosso",1xNmvlEiICkRlRGqlNFZ43,Together,5djOwKQnkgTv6eUgCtdFAz,2005-05-23,211533,40,2017-04-04T17:59:33Z,False
3n3K4po1rQgz87P2eXy9B8,Secret Smile,Semisonic,1TqQi97nqeiuOJrIFv5Sw0,Feeling Strangely Fine,7c6A82iJXXYlZq2huhkU3E,1998-01-01,276500,0,2017-04-04T00:52:47Z,False
6nLctpnQJiPTxkaSgbPKiw,Together,"Martin Garrix, Matisse & Sadko",60d24wfXkVzDSfLS6hyCjZ,Seven,0f1CZexom6ELxbDZx32fyk,2016-10-28,221274,46,2017-04-03T15:07:43Z,False
23L5CiUhw2jV1OIMwthR3S,In the Name of Love,"Martin Garrix, Bebe Rexha",60d24wfXkVzDSfLS6hyCjZ,In the Name of Love,1FOJ5IXGXe8dl0cXvCU6wK,2016-07-29,195706,79,2017-04-03T14:54:00Z,False
0fHZirprNSLEc1OLs1OiwL,Blossom,Milky Chance,1hzfo8twXdOegF3xireCYs,Blossom (Deluxe),7zuqkqhGkTH3PSdywhLgY4,2017-03-17,254586,2,2017-03-31T16:39:21Z,False
0EoOX1ozrWjU0fFaNwVoMg,Vom Fliegen,Frittenbude,7jy0nL3F5ehHJxXYMBImkk,Katzengold,6xxEEO3vTVBvUWQkYmTxGt,2010-05-28,205967,0,2017-03-31T15:52:56Z,False
1GABfc3adjNkTFGE5pzLSR,These Days Are Gone,Moonbootica,1YkHCcMgZ6fTQMeEQyYKTf,These Days Are Gone,6Nc8WFjn9C3FYNHMyAiWD2,2014-09-08,220952,0,2017-03-31T15:22:46Z,False
70s6Wy3XOZXUHN6YOGv1Wg,June,Moonbootica,1YkHCcMgZ6fTQMeEQyYKTf,Album 12,5akaGeD4m3Z2bso2hgN06t,2005-10-27,403586,0,2017-03-31T15:20:35Z,False
4Jw2kipb3igPreUTRQN6fD,Warrior's Dance,The Prodigy,4k1ELeJKT1ISyDv8JivPpB,Invaders Must Die (Special Edition),4uCcLQYMdb5dBZcIQ1FhKq,2009-11-08,312960,0,2017-03-30T16:15:41Z,False
1cuvBIEAnlBohQwQIjNQJn,Omen,The Prodigy,4k1ELeJKT1ISyDv8JivPpB,Invaders Must Die,3akffmhOpN4F45bXeW8BfO,2009-10-09,215806,0,2017-03-27T15:47:22Z,False
2BnqjCRKj00LtQBU8RNKnr,Genie (feat. Mayer Hawthorne),"Busy P, Mayer Hawthorne",3coXUO5EiwR37nzX4xWjIV,Genie (feat. Mayer Hawthorne),26nYHSnVWEHW32BOZQxmxp,2017-02-24,267692,0,2017-03-22T14:06:48Z,False
6b8Be6ljOzmkOmFslEb23P,24K Magic,Bruno Mars,0du5cEVh5yTK9QJze8zA0C,24K Magic,4PgleR09JVnm3zY1fW3XBA,2016-11-17,225983,82,2017-03-22T13:48:16Z,False
1F8bc4z2c1Tz3wTC0xYRo8,It’s A Memory - Chrome Sparks Remix,"Fred Falke, Elohim, Mansions On The Moon, Chrome Sparks",0AfNNw1LS2i9KW4icd7inD,It's A Memory,0dRa7CzUmdzNzYDLLqnMIe,2016-02-26,311746,0,2017-03-21T14:25:00Z,False
7r9beLH5ona6xH2JMxwUyk,The City Is at War,Cobra Starship,2aYJ5LAta2ScCdfLhKgZOY,¡Viva la Cobra!,5hJuFOrpXDXHtBmAHnAvua,2007-10-22,171493,41,2017-03-18T21:30:26Z,False
4RepvCWqsP6zBuzvwYibAS,I Feel It Coming,"The Weeknd, Daft Punk",1Xyo4u8uXC1ZmMpatF05PJ,Starboy,09fggMHib4YkOtwQNXEBII,2016-11-25,269186,3,2017-03-14T01:07:37Z,False
3BNBqwlztbE966U5BDkAlr,Good For Me - M-22 & Sonic Matta Edit,"M-22, Hayley May",4WFtYn5RyU8VGPpPyW9Pxw,Good For Me (M-22 & Sonic Matta Edit),0Ln59Gg9Ou57qh9GkrKDEo,2016-11-04,177277,22,2017-03-14T00:51:05Z,False
1v07K6OsaUuhyqf9Z2KBOk,Waiting,"Oliver Heldens, Throttle",5nki7yRhxgM509M5ADlN1p,Waiting,2MZo84sGIxpInFbCbDN64R,2016-01-22,203050,0,2017-03-14T00:46:46Z,False
2jrtBHMTkBg33oReWZj2GC,Cloud 9 - Fred Falke Remix,"Jamiroquai, Fred Falke",6J7biCazzYhU3gM9j1wfid,Cloud 9 (Fred Falke Remix),5XD1Ogl2nd9Jl4MMuce0ar,2017-03-03,207000,0,2017-03-06T04:04:27Z,False
4vXMKlYcfXzA2MmhYMLJVr,London Headache,Anabel Englund,3ky8xBRraNNzxzXEw6Ga0c,London Headache,5GvU0E5L0jRELoEfjyLgIs,2016-11-18,325433,0,2017-03-03T05:22:01Z,False
7JBnzN2y2Wund2xmkZCIJi,I Wanna Know - Alesso & Deniz Koyu Remix,"Alesso, Nico & Vinz, Deniz Koyu",4AVFqumd2ogHFlRbKIjp1t,I Wanna Know (Alesso & Deniz Koyu Remix),2PhVefWZp6KIn5ENjme2L2,2016-05-13,326960,0,2017-03-02T17:46:34Z,False
3wbgLMlONnYx7TSLZoEyzW,Oceans,"CAZZETTE, Leo Stannard",1IELhvOMg5VQlU7syRm6CS,Oceans,6PY1Kbx8fDvnWs6NwtOkh7,2017-01-27,195000,0,2017-03-02T15:58:32Z,False
5iAfLe0T0yRIYbL2v58Mzv,Take My Breath Away,Alesso,4AVFqumd2ogHFlRbKIjp1t,Take My Breath Away,30EbNBBriMXKYEG54aL8nr,2016-10-21,188710,0,2017-03-02T14:11:00Z,False
0wyTaLdr1Rc0tMPpMTPUWD,Standing When It All Falls Down (feat. Roshi) - Official NiP Team Song,"John De Sohn, Roshi",3TVjdmhfFoYJLgBEkkZTBm,Standing When It All Falls Down (feat. Roshi) [Official NiP Team Song],0YgTz24prtvBNFvLUf0bHx,2017-02-10,183192,30,2017-03-02T14:05:55Z,False
41KPpw0EZCytxNkmEMJVgr,One - Radio Edit,Swedish House Mafia,1h6Cn3P4NGzXbaXidqURXs,One (Your Name),5aLY2ivPGXvFX770ihBnmd,2010-07-23,169920,60,2017-03-02T13:59:39Z,False
43mNwDn0zOH2HKl5B4aqcx,Falling,Alesso,4AVFqumd2ogHFlRbKIjp1t,Falling,79lixUK9CJi0VpDymcQ3iY,2017-02-03,202313,49,2017-02-27T22:04:49Z,False
0wIblt271U2oH60h7w8ECA,Lillo,Pryda,37U9sPqTZMd7AKJCWgcvkt,Lillo,6VSLfGqB4hMq7ovc0JkR2V,2017-01-06,518293,31,2017-02-12T03:35:38Z,False
5LVhOLdKurXGE0rOu4suVA,Off World Lover - Original Mix,Hot Natured,4aKZ8rfdsQeR7YSskFu9V3,Off World Lover,1rINJwFj6pHkE3zsEFdKdu,2015-10-02,265609,0,2017-02-03T22:12:42Z,False
0FE9t6xYkqWXU2ahLh6D8X,Shape of You,Ed Sheeran,6eUKZXaKkcviH0Ku9w2n3V,Shape of You,7oJa8bPFKVbq4c7NswXHw8,2017-01-06,233712,5,2017-02-02T04:17:07Z,False
3ol2gUnaYHfGIfzWPsIaSe,The Arena,Lindsey Stirling,378dH6EszOLFShpRzAQkVM,The Arena,2NyVPZtDWaIxjJ5UzBwtuY,2016-06-28,232280,28,2017-01-31T15:05:41Z,False
5WVFPLZt8IoT4iXJ0JeXaM,Restless Spheres,Blue States,2wlTl7AyP0icYtAsmPylw6,Restless Spheres,3KDGnlZsQfwbcW617NcgW6,2016-08-12,232333,0,2017-01-31T14:57:45Z,False
7pBGmCtzP0h22KARFPx9Tt,Holding Me (Radio Edit),Lo Air,50QQNUIpoQtQSigqMpY6Cw,Holding Me (Radio Edit),7qbmkRKQ522QHoseLpp4vX,2016-06-06,190223,22,2017-01-23T23:13:11Z,False
2DiLwFmjXhkKAjbqgZc1qQ,Day and Night,Lo Air,50QQNUIpoQtQSigqMpY6Cw,Day and Night,0pMv8xsPJDF1sMD6iKzSeC,2016-10-11,240065,0,2017-01-23T23:04:50Z,False
4qer1rlbE5epgu8HxAw9wu,Don't Speak,"Far East Movement, Tiffany, KING CHAIN",698hF4vcwHwPy8ltmXermq,Identity,4EY1VMJgzg4Oq6pOeV7l3o,2016-10-21,205333,0,2017-01-23T19:07:07Z,False
6uWGDjiwcSwOQGhPLR4DZk,Slowly Burning (feat. Jem Cooke) - Edit,"Cristoph, Jem Cooke",532SqCIYmJyXEdEiCJLgYG,Slowly Burning (feat. Jem Cooke),0zQf1xduz2WwPVD4Y6eREJ,2015,207149,0,2017-01-19T15:15:38Z,False
7gaaHyGR0JAtEjs8YlvLvs,Slowly Burning (Dub) [Mix Cut],"Cristoph, Jem Cooke",532SqCIYmJyXEdEiCJLgYG,Wake Your Mind Sessions 002,1hNNGb9c82QHS2pYqxmF0g,2016-03-29,325813,0,2017-01-19T14:46:01Z,False
6dsoPBbMuUodSUvhRW7Vr4,Alone (feat. FEMME),"Cristoph, FEMME",532SqCIYmJyXEdEiCJLgYG,Alone (feat. FEMME),0WJsan45K0BcQbJiM5SdEN,2016-09-26,225234,59,2017-01-19T02:29:30Z,False
1t3rUJ54VEJwCS2lJoK2Jw,Till The Light - Original Mix,"Lee Foss, Infinity Ink",44T94QQEc60Jf7kqGY6Rip,Till The Light,08aUvmarXaLLH9SUyWdOta,2016-11-25,440750,0,2017-01-18T18:55:44Z,False
5eCkuGPZNl4mISFNPgr3Dd,Down,Marian Hill,1xHQO9GJIW9OXHxGBISYc5,ACT ONE,5laClXclOn3sCQOWKqFohJ,2016-06-24,197773,53,2017-01-15T01:54:48Z,False
3jGLIompr5T74HnKX5wvpL,Withdrawal - Spada Remix,"Max Frost, Spada",7r8xR0LmnaAM623MmRDn1V,Withdrawal Remixes,3IzVc6j7VnyJhT9rEzHYgm,2016-05-27,306409,5,2017-01-03T16:04:34Z,False
2ewfX3ASoCQgTGSUn6G9XQ,Patience,MOTSA,2fyuHXew1I5FJDAQdbCYXP,Reincarnation,6heyl4vPtT35jH8KEZwMDD,2016-07-01,277975,4,2017-01-03T15:18:02Z,False
3w8DfXAzWkBWRuyqM5QKtE,High Floors - Original Mix,Manics,3myc8xWoGmD2tiQY9H9u1G,High Floors,01EJhx7iguFLheaQ0XZ3uM,2014-04-15,315087,13,2017-01-03T14:41:06Z,False
74gVdAHBD9d9ZzON9vHESI,We Came To Party,"FREY, Waxy",5F96KjVVl5nnGRkXs8E8Za,"Bunny Tiger Selection, Vol. 8",07nwINQL6cVOdY2fDWwFmT,2016-12-19,392727,29,2017-01-02T16:49:09Z,False
4p4mGn6E58WDZj51GykMzT,Indian Summer,Stereophonics,21UJ7PRWb3Etgsu99f8yo8,Graffiti on the Train,3xm8h64OflkioIb6G9onSV,2013-05-21,267124,0,2016-12-29T01:05:09Z,False
702bgtK1RC080O8pozq94S,Wide Open,The Chemical Brothers,1GhPHrq36VKCY3ucVaZCfo,Born In The Echoes,36E5LAM5D3AKnVx8s5dyc6,2015-07-17,354603,52,2016-12-26T01:58:35Z,False
20J5QaInjzeb5Rd3HpyCrC,Vowels,Capital Cities,4gwpcMTbLWtBUlOijbVpuu,Vowels,1PLosofrwD0HqAjIcSMlhR,2016-09-16,185777,0,2016-12-20T01:04:43Z,False
1vpa9xBddoYgqGy1mPo1Nn,Onisia,Moonwalk,1khyIydqanugacJyKdmceT,Teenage Mutants vs. Moonwalk,25PHLGvx9kbLo6yP5NkbJy,2016-07-29,391079,0,2016-12-16T02:21:35Z,False
3VNqfttcYQOlFzE2DFFxSL,Kiko,"Teenage Mutants, Edone",3IFgjVPT8yeB4UnJCWOpZA,Chapter Two,2BlFOJIEL7Zzu6cIrI2RD9,2016-11-25,393904,0,2016-12-16T02:16:48Z,False
4ydvl89sPztvxuc2suvOQU,Alive,"Teenage Mutants, Edone",3IFgjVPT8yeB4UnJCWOpZA,Chapter Two,2BlFOJIEL7Zzu6cIrI2RD9,2016-11-25,403114,0,2016-12-16T01:34:08Z,False
0CT3UDVIR7urj2Q0qIi8OE,No More,Josh Parkinson,0ROQVBsPJtbUF13Bz5DgW2,No More,2TGdY5dpbnVV81jk9etJfY,2015-12-18,332373,0,2016-12-16T00:49:58Z,False
1nas007nDbzLwDGwvMdz79,How You Love Me,"3LAU, Bright Lights",4YLQaW1UU3mrVetC8gNkg5,How You Love Me,0IsgaoqRfJAJ6wojxWDZ7C,2014-01-01,210468,1,2016-12-12T21:52:57Z,False
1xHryy1j3leJS0gZrDPzbC,Colourblind - Radio Edit,"Thomas Gold, Kate Elsworth",1XLjkBxFokuDTlHt0mQkRe,Colourblind,4PbIRtcMidewnyakuh2Npf,2014-11-28,204614,0,2016-12-12T21:15:30Z,False
214tNSr4epshNjQ6W2PTLg,You're Gonna Love Again,NERVO,4j5KBTO4tk7up54ZirNGvK,Collateral,1CZnMTWdD8cApDRm2wLCZp,2015-07-24,201306,43,2016-12-12T16:02:52Z,False
4BwaVpGVeCBh8qeQ1hk2my,Leaving You - Thomas Newson Remix,"Audien, M.BRONX, Thomas Newson",4xnMDfgEmXZEEDdITKcGuE,Leaving You (Remixes - Part 1),06wngxHMJd8kIjtAwcxFkh,2013-10-28,187500,13,2016-12-12T15:25:12Z,False
3GaUiXEdfmdbEsUkzMgffA,Born To Rage - Blinders Remix,"Dada Life, Mateusz Owsiak",00sAT5YX8W3xNd1EuqyHw9,Born To Rage (Remixes),7E0mv3hJRBCoaahsLsLKUy,2014-01-01,208603,15,2016-12-12T15:16:33Z,False
63btH6uwaenyT1IMwFyNqY,Who I Am (feat. Christian Burns) - Radio Edit,"Benny Benassi, Marc Benjamin, Christian Burns",4Ws2otunReOa6BbwxxpCt6,Who I Am (feat. Christian Burns) [Radio Edit],0CLSpLRYS2jVd9o7mmZeFa,2015-07-31,196874,19,2016-12-12T15:12:37Z,False
74OTxQziaDz9WeQbTx9kPc,Video (feat. Tegan and Sara),"Morgan Page, Tegan, Sa-Ra, Tegan Rain Quin",1N9n8MSxrr4Emhb566493b,In The Air,2ead54s7rG9EfyumAXZoRx,2012-03-06,263200,0,2016-12-11T22:09:50Z,False
4aQpAL0slAAnJuBVWJPjeZ,Running Wild (Borgeous Remix),"Morgan Page, The Oddictions, Britt Daley",1N9n8MSxrr4Emhb566493b,"Running Wild (Remixes) (feat. The Oddictions , Britt Daley)",6bFDTEPgb7759UgRbkyxGE,2015-11-27,240013,0,2016-12-11T19:35:32Z,False
1tR0tdHtTapWhGkUAEfgVR,Sacar la Voz,"Ana Tijoux, Jorge Drexler",40JMTpVRUw90SrN4pFA6Mz,La Bala,2zKOLLaPdOm8gouCwbzkgF,2012,253360,44,2016-12-08T22:21:45Z,False
5Y5d3O5RSUiGqmd9Fsj4oq,Rising Tide,WALLA,1lhtpwswW0liqyOU52EP0E,Animal Of Love EP,3dKsWNVSwfSWzqCa1nWYFH,2012-11-19,206543,10,2016-12-06T19:22:38Z,False
4CL3xg1ahV85g8hsZqZyga,Nature,WALLA,1lhtpwswW0liqyOU52EP0E,Nature,2tYl3VOkhLOT8KVOFnCR29,2016-02-12,259317,25,2016-12-06T19:07:16Z,False
7BZSd9ORoRKRC7YptZtsOp,L.A. Love Song (feat. Win and Woo) - Win and Woo Remix,"XYLØ, Win and Woo",6ioOEWNNGK40H8xrGj6XPW,America (The Remixes) EP,4odqf3eJ5PwlIj5xhqWvut,2016-06-10,188571,23,2016-12-06T19:02:51Z,False
0i7CM5Gkf6rb96zs52A1Dr,Cover Me Up feat. Kat Vinter,"Joyce Muniz, Kat Vinter",2V5PoybhNfFnNEs0NKv44L,Made In Vienna,40lDCCJdJKDzbvmqOoIzAY,2016-10-21,202386,15,2016-12-01T23:43:43Z,False
0ifooM33X1iBxVYyOkSbXW,A Lonely Night,The Weeknd,1Xyo4u8uXC1ZmMpatF05PJ,Starboy,2ODvWsOgouMbaA5xf0RkJe,2016-11-25,220173,63,2016-12-01T05:30:44Z,False
06KyNuuMOX1ROXRhj787tj,We Don't Talk Anymore (feat. Selena Gomez),"Charlie Puth, Selena Gomez",6VuMaDnrHyPL1p4EHjYLi7,Nine Track Mind,5Nwsra93UQYJ6xxcjcE10x,2016-01-29,217706,79,2016-11-30T00:22:21Z,False
7BKLCZ1jbUBVqRi2FVlTVw,Closer,"The Chainsmokers, Halsey",69GGBxA162lTqCwzJG5jLp,Closer,0rSLgV8p5FzfnqlEk4GzxE,2016-07-29,244960,86,2016-11-30T00:10:48Z,False
39kqH5IjfttNDr1l9ZsFHE,Red Rover,Coleman Hell,3q9nybxzbSHsesDBHUlP4c,VENA,3tdwpVwRDJwWkmdNZwsGW1,2014-12-09,242812,11,2016-11-28T03:35:33Z,False
3eB0WIA2mRm2ynYsbeqFLp,Loved By You,POWERS,0PGB0xsAyDqHHlvNQcgq5S,Legendary,7JyQEhOF6cYOxwbghvGj28,2015-10-16,235933,27,2016-11-28T03:07:49Z,False
2foOeJLKSvepjHEkb4NR8N,Think About the Way,Ice Mc,5wlyJXaam6QmyDn8qBLZx8,Ice 'n' Green,3fSQDORWIQuhjPWZOptkML,1994-01-01,260973,67,2016-11-26T11:44:04Z,False
3Dx4tf1PskkT1jYqnWjBKr,The Night Out - A-Trak vs. Martin Rework,Martin Solveig,1bj5GrcLom5gZFF5t949Xl,Tomorrowland 2012_02,5WXHatfFYJWXThx8m0VR9Y,2012-07-27,232510,0,2016-11-25T23:11:49Z,False
230DuelPcEBq733XhZxYek,King - Chris Lake Remix,"GRADES, Culture Shock",5xtS6AoBUHhaAhxC1JN3PY,King (Chris Lake Remix),4QzGVlkBbvP3CWjTOiZAa7,2015-10-16,280645,14,2016-11-25T19:56:28Z,False
2TZeEO80lYoaKLOQkbvavK,They Don't Know Us,Kilter,2syYGtINPRno1nxxil7UcJ,They Don't Know Us,1gecI8p0Ezpx8oK0jWbzmY,2016-08-12,195356,0,2016-11-13T01:28:33Z,False
3jqq52YvTN2Dnv106z2lIX,Taste of Bitter Love,Gladys Knight & The Pips,0TF2NxkJZPQoX1H53rEFM1,The Way We Were: The Best Of Gladys Knight & The Pips,1KedFSRT6J8cWV4cCG06kE,2009-03-26,276946,15,2016-11-10T23:00:14Z,False
5hj9Dt5n7Vm1D86fGOaV9D,Do I Do - JAGO Remix,"Maurice McGee, JAGO",5LjPmruRksinKkKw8s81H2,"The Very Best of Full Time, Vol. 1",3Sfu07FWfLrPGwq9k3LkCZ,2013-07-25,247960,2,2016-11-10T20:08:50Z,False
0tmqWC2xV43eq0rmKgpHNH,Back for More,Breakbot,0iui2Be5CP8EWxvHYsVspL,Still Waters,3ouEGtFYo2YaBm6F5cUzkJ,2016-02-05,256307,0,2016-11-10T18:42:37Z,False
4kZf3cv0lRrW5NQwGMZRv7,Get Lost,Breakbot,0iui2Be5CP8EWxvHYsVspL,Still Waters,3ouEGtFYo2YaBm6F5cUzkJ,2016-02-05,248346,0,2016-11-10T18:29:08Z,False
4qPTaehSZWKeaIgiIyprLs,Baby I'm Yours (feat. Irfane),"Breakbot, Irfane",0iui2Be5CP8EWxvHYsVspL,By Your Side,3GwMpo98NzyGu0Na9SCCGA,2012-09-14,215786,0,2016-11-10T18:10:42Z,False
6LXRvh3S8TB5P1PKy4lY1S,Alors On Danse - Radio Edit,Stromae,5j4HeCoUlzhfWtjAfM1acR,Cheese,3XAyEMflBDI6eDhnKikvbd,2010-01-01,206066,2,2016-11-09T02:51:37Z,False
4ze2R3Zh4JWAtiHfkLVCS8,Not This Time,"The 2 Bears, Gary Go",0tCMgjr8y7UKNmE3B1Uwbl,The Night Is Young,30zCWpQv7uwfBlQ9UjkqLb,2014-10-12,254360,31,2016-11-08T19:35:42Z,False
2H3ZUSE54pST4ubRd5FzFR,Ain't No Mountain High Enough,"Marvin Gaye, Tammi Terrell",3koiLjNrgRTNbOwViDipeA,United,6sbZYwwQB15bt5TgkPFAdb,1967-08-29,151666,1,2016-11-07T22:28:38Z,False
7kJlTKjNZVT26iwiDUVhRm,Blow Your Mind (Mwah),Dua Lipa,6M2wZ9GZgrQXHCFfjv46we,Blow Your Mind (Mwah),7fb7W4noziWjuzWsdr3DzT,2016-08-26,178583,62,2016-11-04T02:54:32Z,True
0I3q5fE6wg7LIfHGngUTnV,Ms. Jackson,Outkast,1G9G7WwrXka3Z1r7aIDjI7,Stankonia,2tm3Ht61kqqRZtIYsBjxEj,2000-10-31,270506,82,2016-11-01T21:06:32Z,True
6zLEnNn5ccx7WV304xwXnG,Lonely Soul,"UNKLE, Richard Ashcroft",2nszamLjZFgu3Yx77mKxuC,Psyence Fiction,2puOhsob9yi5fzsHAds2VW,1998-09-29,534893,0,2016-11-01T01:16:24Z,False
7xmW8gsZgihBHkjHA3U8l7,"Girl, You'll Be a Woman Soon",Urge Overkill,5LEUigTSXpwrtERRcSW1N4,Stull,7xKH0hojTO31ir5mIrFDno,1992-06-10,189626,0,2016-10-30T17:51:01Z,False
52liQOfP8kTwK83lc3JCom,Edelweiss,Møme,4lDXfIznmGueBgTjI3qGUX,Edelweiss,2qbuBBe9mzKaWsJuXUTwuA,2014-09-01,270555,27,2016-10-30T02:05:06Z,False
14lVFNbhTthTycxTC3VjON,Playground,Møme,4lDXfIznmGueBgTjI3qGUX,Playground,4GngXYGlHzIYyFQPQxN9fy,2016-10-21,274386,0,2016-10-30T00:28:35Z,False
1i1fxkWeaMmKEB4T7zqbzK,Don't Let Me Down,"The Chainsmokers, Daya",69GGBxA162lTqCwzJG5jLp,Don't Let Me Down,2SByipSK8eZ2pasaIwwzhf,2016-02-05,208373,82,2016-10-24T00:27:13Z,False
3xii1xI1rgJTLnEyABGJsZ,Give Me a Sign,"Lipless, Georgi Kay",0XmmX4fE4SiRMu3ICsP5sA,Wake up Call EP,5zDpZ2X1gYV8pQmnXy9Suk,2016-07-29,213625,0,2016-10-22T17:25:59Z,False
6UHVgs77OlXMYELnvI8VbR,Aquarelle,Fonkynson,1SjxgZEAMJd9SMa1ydV56O,#Followme,2c1xF4aAbInCrz5NU6TFQY,2016-06-17,289203,0,2016-10-22T17:03:27Z,False
2pOaeeEj3eSRMMLlftPNHX,Last Day - David August Revision,"Kollektiv Turmstrasse, David August",1oXiuCd5F0DcnmXH5KaM6N,Diynamic Revisited (By David August),6XshfRU0fJlypu7mbA6lyx,2014-09-01,404818,1,2016-10-21T11:08:51Z,False
46HWwWIq2piTvm6nYmSDSY,Used To Have It All,"FÄIS, AFROJACK",5w6mMj1qwSILG0pcylfchp,Used To Have It All,5Efrp19ay3kC6dqfO7Q9J7,2016-10-14,198191,0,2016-10-19T01:27:00Z,False
0PMi7Te16djd77FNZNHEjS,False Alarm,The Weeknd,1Xyo4u8uXC1ZmMpatF05PJ,False Alarm,0n1oJUNbZgleiThHAFENNC,2016-09-30,231000,0,2016-10-16T13:59:34Z,False
7r3oumwvHjsnh5IPtGrfNB,Everything Goes My Way,Metronomy,54QMjE4toDfiCryzYWCpXX,The English Riviera,0KhwLl8JKnXaf6KQKBtMZL,2011-04-08,210080,0,2016-10-12T01:23:43Z,False
0vfZwjKXAvVg6KPOtQTumk,Late Night - Solomun Remix,"Foals, Solomun",6FQqZYVfTNQ1pCqfkwVFEa,Solomun - Selected Remixes 2009 2015,7JEymJlaR8N3XENiLwoRju,2016-07-01,504346,1,2016-10-11T23:27:10Z,False
4lkDky0afnOb8QZZsbeS2Y,Perfect Illusion,Lady Gaga,1HY2Jd0NmPuamShAr6KMms,Perfect Illusion,05opmDChjZXpbRynf93X7U,2016-09-08,181506,0,2016-10-04T04:19:54Z,False
2Kpoeflreypc9B2iQeawu2,Higher,The Naked And Famous,0oeUpvxWsC8bWS6SnpU8b9,Higher,4nWcXFIVGV9hjWu2nBFHdD,2016-07-08,230746,0,2016-10-02T20:13:08Z,False
5LWVXN39UpNyhkYnBvDfyq,Cool Girl,Tove Lo,4NHQUGzhtTLFvgF5SZesLK,Cool Girl,2b3A01u6pE106X4Ho8JMAG,2016-08-04,197815,0,2016-09-28T15:45:13Z,True
3D3MiDoVlM390mcxoY5sgr,Books,Swiss Lips,4MwmOOJAXva4UKjlfRCgXB,Swiss Lips,2AuM1Hg47URpdZHhyTs4Ce,2015-03-16,236380,13,2016-09-28T15:05:46Z,False
2zs15vOK2uRqG9loRjpSUb,I Can't Let You Go - Jan Vervloet Remix,"Ian van Dahl, Jan Vervloet",27IuDZNaLuEtupD8QZftiZ,I Can't Let You Go (Remixes),5NCIzflULB0y1PgdYC396p,2003,359826,14,2016-09-27T13:44:39Z,False
4qqArAiTPueDxIp7cf87h7,Final Song,MØ,0bdfiayQAKewqEvaU6rXCv,Final Song,2gcqSlK5xTxcpuLZ1iik3Z,2016-05-13,235826,63,2016-09-26T16:30:26Z,False
7lQqaqZu0vjxzpdATOIsDt,Starboy,"The Weeknd, Daft Punk",1Xyo4u8uXC1ZmMpatF05PJ,Starboy,4rnl39iMQXOYZcw9J7ml4y,2016-09-22,230466,1,2016-09-26T16:17:30Z,True
7JYJiNGejPLvDB9Avsibxz,In Time (feat. Anabel Englund),"PeaceTreaty, Anabel Englund",6SwEeZVewzRLzWWe0Sq1NR,In Time (feat. Anabel Englund),78SnK8RUcyX3CoF5EleXcw,2012,370453,0,2016-09-26T15:36:53Z,False
6x4801hy1YSbcl4K0dSaOx,I've Underestimated My Charm (Again),Black Kids,1oJolWh3meHLWUcyIijst7,Partie Traumatic,4bWa4HwoyMWq5E25TKewbt,2008-07-22,235226,0,2016-09-23T15:05:20Z,False
292b1y8CwfU6QHbhpaptFb,Imaginary,Peace,2O9XW1nnGRMkMV1wpK8IiS,Happy People (Deluxe),0R8N0ybzoUuGoONT98zWmL,2015-02-09,253453,14,2016-09-23T14:59:51Z,False
7DfgM7fmzxTm0cbAvrYXaY,Being Bad Feels Pretty Good,"Does It Offend You, Yeah?",4bFfSfCBYpFh37ziXCSqUs,You Have No Idea What You're Getting Yourself Into,65KhNfhhdeIlKuT3ClZrMh,2008-04-01,245866,26,2016-09-23T14:46:23Z,False
6Kk7PFknOlwJ5VuqXzmGzz,Muzzle No.1 - Radio Edit,The Whip,4M2H1fDQR5ygAi7MMOVxAA,Muzzle No.1,0a38RhGbAkoFA0zgICFyaO,2007-02-25,215506,18,2016-09-23T14:18:48Z,False
4VuITtAFJvDZg9tERdLJV3,Every Little Bit Counts,!!!,1mmehjf7eHA10uHMisZGJg,As If,07IZq0DyjFvXVv6FxMPblS,2015-10-16,194059,0,2016-09-21T15:29:09Z,False
7y8aVfDkqt6qirGNivvs0M,One Girl / One Boy,!!!,1mmehjf7eHA10uHMisZGJg,Thr!!!er,3ywERU9rVKEpCQE50fQOgM,2013,243626,0,2016-09-21T15:22:53Z,False
4EpY8tJSlVk9Dvx3U7gzsc,Rain,Klapstate,1hq7331cJVpGaNq9zEylju,"Clubbers Guide, Vol. 14: Bigroom Special",1gNBmcEIaIeTutZLXnFWwE,2016-06-29,363632,0,2016-09-21T14:30:42Z,False
5TLsJtweZUqRa3o0pcR295,Crush - Radio Mix,Paul van Dyk,7wU1naftD3lNq7rNsiDvOR,"A State Of Trance Classics, Vol. 8",6ZWX0I6N1dOvMR1cz5J32V,2013-10-11,235000,19,2016-09-20T22:43:37Z,False
15JHH5FBawCL7DmCcUxlUp,Song For No One,Miike Snow,4l1cKWYW591xnwEGxpUg3J,Miike Snow (Deluxe Edition),60qoUhwjHanuH4uO7ik4r5,2009,248746,0,2016-09-19T17:54:57Z,False
7IeleEHkqQRUuzPW2M8jk5,Hold You,ATB,7jZM5w05mGhw6wTB1okhD9,Seven Years,4FlawxFd7DeyoeKKPWNxfM,2005-06-13,208293,42,2016-09-19T14:34:54Z,False
7igBdfVoJlyLP1cKp8ynja,Lost You (feat. Twin Shadow & D'Angelo Lacy),"Zeds Dead, Twin Shadow, D' Angelo Lacy",67qogtRNI0GjUr8PlaG6Zh,Lost You (feat. Twin Shadow & D'Angelo Lacy),2kAthpNBEUQ51LaOK9Npor,2014-11-04,218312,1,2016-09-16T02:03:06Z,False
19g5J3aKjkuFHpCCZxyPEv,Blame,"Zeds Dead, Diplo, Elliphant",67qogtRNI0GjUr8PlaG6Zh,Blame,0sP8rtRFRBRgFrNUGQT2Jj,2016-07-15,217853,0,2016-09-16T01:58:11Z,False
4OGGkkDudK27kXpLiGEoiF,"Destination Sunshine (12"")",Balearic Bill,2CdGe3VwGtbOgfg1lplCuR,Greatest - Xtravaganza,3kMKYdNA6RkEA5emHk7EUS,2013-11-18,432586,0,2016-09-15T01:47:40Z,False
3UWmRUTmOfT507ZFHya8Px,Fall To Pieces,"Jonas Steur featuring Jennifer Rene, Jennifer Rene",0n7fnmKwk6o4knDSrZZ5Mf,In Search Of Sunrise 6 - Ibiza,0PDyfvrKActcf5BJAWS9mD,2007,502005,0,2016-09-15T00:14:34Z,False
2rbFtUavdI0STYRtp9OF00,Moonlight Party,Fonzerelli,6urI92gZGVIbiMNcQ9b9OK,In Search Of Sunrise 5 - Los Angeles,1bKlVuQuk1Qo5V0gRtplPY,2006,413533,0,2016-09-15T00:01:41Z,False
059ACLUOyEcdruA2m9f2jd,Unstoppable,Sia,5WUlDfRSoLAfcVSX1WnrxN,This Is Acting,3Xz1Bcn4YP9bdqlsstMfuJ,2016-02-18,217746,62,2016-09-14T11:01:19Z,False
46CiniduyRUQGrdpgrfZ9q,I Wish I Was James Bond,Scouting For Girls,2wpJOPmf1TIOzrB9mzHifd,Scouting For Girls,4RS4wZwO6MglxrlSCPZpKW,2007-12-14,197800,0,2016-09-14T02:33:51Z,False
5N43rwxkC5bpZIoMrfg2k5,The Best - Radio Edit,"Lenno, Dragonette",4IRw3ME1D0lYOyFyXAjDv7,The Best,5IlGK8QhfhndrMV1cBwuzP,2015-05-08,204218,0,2016-09-13T10:58:30Z,True
4VrWlk8IQxevMvERoX08iC,Chandelier,Sia,5WUlDfRSoLAfcVSX1WnrxN,1000 Forms Of Fear,3xFSl9lIRaYXIYkIn3OIl9,2014-07-04,216120,80,2016-09-10T01:51:57Z,False
27SdWb2rFzO6GWiYDBTD9j,Cheap Thrills,Sia,5WUlDfRSoLAfcVSX1WnrxN,This Is Acting,77jAfTh3KH9K2reMOmTgOh,2016-01-29,211666,77,2016-09-10T01:50:12Z,False
4wrrjT0SKCv2Edoqj6M74K,Forward Motion - Original,"Hot Natured, Ali Love",4aKZ8rfdsQeR7YSskFu9V3,Forward Motion,6Nt79d5qlmaomNePah92jP,2011-05-23,326505,0,2016-09-09T01:38:07Z,False
12HB8AmFTovKrFcGG36KbL,Delilah,Florence + The Machine,1moxjboGR7GNWYIMWsRjgG,"How Big, How Blue, How Beautiful (Deluxe)",2jn2n5OkuHliOLKCqHnjXV,2015-05-29,293468,54,2016-09-08T11:12:09Z,False
3JA2iX5scSBCmgmkjDG7Vn,Creation - Jason Ross Remix,"Seven Lions, Vök, Jason Ross",6fcTRFpz0yH79qSKfof7lp,Creation (Remixes),088eIKIDn0BAYdlZnAKYmt,2016-07-22,379964,8,2016-09-07T11:00:07Z,False
4Kilsx4KQncqipyb4e7hjl,Beautiful Heartbeat (feat. Frida Sundemo & Deorro) - Deorro Remix,"MORTEN, Frida Sundemo, Deorro",19HFRWmRCl27kTk6LeqAO8,Beautiful Heartbeat (feat. Frida Sundemo),0Uq7Tio1XcTXuD3hf8MiQt,2016-01-15,275342,22,2016-09-03T14:02:47Z,False
10SM2vnlTmh4hrEkdzjaZj,Everyday My Life,LVNDSCAPE,2QlwnS23KrBeshXFyK5U6M,V EP,4OYAw3CG6IbsnMPrc1Cxh7,2016-09-02,195826,0,2016-09-02T23:30:37Z,False
49TYAqC1wZmFzv2wqO3pPS,A New Reality,Klaxons,2qlAMLpUyBjZgnzuFXXZXI,Love Frequency,4TdRXo8e9jP6F8XCwDoaLu,2014-06-16,267746,0,2016-08-31T23:52:40Z,False
2heXZC5eWhTRlpKtxAndGl,There Is No Other Time,Klaxons,2qlAMLpUyBjZgnzuFXXZXI,Love Frequency,4TdRXo8e9jP6F8XCwDoaLu,2014-06-16,215666,0,2016-08-31T23:42:49Z,False
7kcyCnpHm1BZGB9Wc7MCZH,Golden Skans,Klaxons,2qlAMLpUyBjZgnzuFXXZXI,Myths Of The Near Future,48vhHQCCrjnqOzBMpJgpUX,2007,165120,1,2016-08-31T23:16:31Z,False
5UkAoiqanCHQSya4iVJOws,Echoes,Klaxons,2qlAMLpUyBjZgnzuFXXZXI,Echoes,52vGYyrbEX6igrjhBstizF,2010-01-01,228311,0,2016-08-31T23:10:52Z,False
2F9fooMr1MefIkGyfkEG3k,Hook,Blues Traveler,3pHeBYl1yujXcZqqfF1UyQ,Travelogue: Blues Traveler Classics,4C3RIYVSU9T1xqabPYxXC0,2002-01-01,288506,0,2016-08-31T22:09:32Z,False
3KAedD21EuZUuT1tdmXxYt,Portrait d'une panthère,Oothèque,4AGS5DHTYGGeJGE7UNECq5,Oothèque,4d8PnQEuiKb0nO7eLNXJ20,2013-05-14,225073,0,2016-08-31T01:19:05Z,False
7CayS6YIPQzWNQ3UurgGmz,Injection,Township Rebellion,4gGD7nrLZRnnCSz3KGEu4R,Vobia,1AuTTNdn47MCXgu9WJRKsx,2016-08-12,444595,0,2016-08-26T21:46:33Z,False
7dglFUyU3fQ916j2GyHjPD,Expression,Township Rebellion,4gGD7nrLZRnnCSz3KGEu4R,Vobia,1AuTTNdn47MCXgu9WJRKsx,2016-08-12,462153,0,2016-08-26T21:32:37Z,False
3J5hUz109tuWH2wvXW6Kyp,After Berlin - Original Mix,Township Rebellion,4gGD7nrLZRnnCSz3KGEu4R,Vobia,1AuTTNdn47MCXgu9WJRKsx,2016-08-12,413119,0,2016-08-26T21:25:28Z,False
6ztstiyZL6FXzh4aG46ZPD,Boogie Wonderland (with The Emotions),"Earth, Wind & Fire, The Emotions",4QQgXkCYTt3BlENzhyNETg,I Am,4RLVTxnuVN5ZWZqBFnaaQt,1979-06,288293,79,2016-08-12T18:46:46Z,False
6yl8Es1tCYD9WdSkeVLFw4,You Shook Me All Night Long,AC/DC,711MCceyCBcFnzjGY4Q7Un,Who Made Who,07EFoHHspqSwsmkbnWaB4A,1986-05-24,210880,66,2016-08-11T13:54:47Z,False
5cP52DlDN9yryuZVQDg3iq,Stayin' Alive - 2007 Remastered Version Saturday Night Fever,Bee Gees,1LZEQNv7sE11VDY3SdxQeN,Saturday Night Fever [The Original Movie Soundtrack],0taUwU7qjtc9lvwmd7FKac,1978-01-05,285373,2,2016-08-11T13:41:41Z,False
6Bi3pZTa53TakY0Aj5HLEQ,In The Shade,"Best Youth, Moullinex",3dFVFQhJ7koYGID3rnygYv,In The Shade,1gGAq3JfJ1ocKUcYvWj70N,2015-01-30,272000,0,2016-08-09T13:22:48Z,False
2sbZWEiRVqJpSitzVK9Owi,Night Owl,Metronomy,54QMjE4toDfiCryzYWCpXX,Summer 08,5hp72ounyv98s1MMvfdfrI,2016-07-01,268840,0,2016-08-07T14:21:59Z,False
06Nh1yrz0Yro9yNhRsw2P6,All the Same - Original Mix,"Slow Hands, Tanner Ross",5CBR9C1UxnBt9fnw4piVrW,All the Same,5DqDWf1iwwrq18QgUnaJlC,2013-03-04,471170,14,2016-08-07T13:59:57Z,False
3XGDiSP71e29ucpLQDp8jJ,Rolling in the Deep,Work Drugs,0wLfAlTh58anndtgqA0MCU,Misfits,7eSXOBU9XJ0YI549yolLFf,2012-11-19,237125,4,2016-08-01T20:23:37Z,False
5JwcXZBFsBTVhchPYARbPP,Digital Girl,Work Drugs,0wLfAlTh58anndtgqA0MCU,Insurgents,5WaPFQH1r92vA5zldQPXK3,2014-03-04,211018,3,2016-08-01T20:23:28Z,False
3qLg3HDN2Q3j8ZqgQsknSt,Dirty Dreams,Work Drugs,0wLfAlTh58anndtgqA0MCU,Delta,2LQKVhLxpTUm81izAI3AJ4,2013-01-08,246000,25,2016-08-01T19:47:59Z,False
6nTTwjBI4vAP80yvy4K7p0,Yeah,Steve Angello,4FqPRilb0Ja0TKG3RS3y4s,Yeah,0ZDSxi8kD27gfxWhcyaP3F,2012-10-11,326400,11,2016-08-01T14:46:03Z,False
0a0IuC09EJVoYrg4SUpVBJ,Life Itself,Glass Animals,4yvcSjfu4PC0CYQyLy4wSq,Life Itself,3c4OBkT7JhwfI5iEEL914b,2016-05-16,280415,0,2016-07-30T12:08:09Z,False
3uN39QYDbokzRJxtxRXNbt,Youth,Glass Animals,4yvcSjfu4PC0CYQyLy4wSq,Youth,1KAUCacwttNFi6aKRQtmYH,2016-07-18,230693,0,2016-07-30T11:53:32Z,False
0oyHOP6TLfUwFYrYhajtmY,Fabled World,Anti-Flag,30sqtiTKIb1oDve0SdYayT,American Spring,2dwuLQzS2b3eF3xpixWgmy,2015-05-22,194306,0,2016-07-27T18:48:31Z,False
5YhvT0GvxJxW5AO2l4BED7,We Are Mirage,"Eric Prydz, Empire Of The Sun",5sm0jQ1mq0dusiLtDJ2b4R,Liberate (Remixes),6aQGa0LFcmLj2PkNRdbklm,2014-01-01,379500,0,2016-07-25T15:10:56Z,False
1oM6nifgrrdjUT0l8Kev2M,Vanyll,Darius,5vfEaoOBcK0Lzr07WN8KaK,Romance,4ipvRPuGyE1Y1XvG904i3t,2014-02-24,240000,36,2016-07-24T13:14:55Z,False
10ZCvBygZ6Gq5J8dTGivlT,Omeo,Darius,5vfEaoOBcK0Lzr07WN8KaK,Romance,4ipvRPuGyE1Y1XvG904i3t,2014-02-24,210000,49,2016-07-24T12:52:11Z,False
3hGc6zv9LgSxGrIlhFdfT6,Espoir,Darius,5vfEaoOBcK0Lzr07WN8KaK,Romance,4ipvRPuGyE1Y1XvG904i3t,2014-02-24,242242,53,2016-07-24T12:41:34Z,False
5PSR3ul57ZNTQi4Al6xtUz,Release - Radio Edit,"Atmozfears, David Spekter",0MBGxwmCdXdO26ojaNcT64,Release,1FHmUkxwaulnzs9r4Witl0,2015-06-15,238420,48,2016-07-24T02:23:36Z,False
0KlahhzNb98zyN83Vwae0l,Untouched,The Veronicas,1dIdBZaaHRW2bDTkHNfWln,Hook Me Up,6aL2SwYj5kSEvIcYORHP37,2007-10-30,255360,64,2016-07-22T21:02:05Z,False
23lWpNzJLiS2e4ZItM7boP,Fall In Love - Slipenberg Remix,"Max Lyazgin, Max Vertigo",6dBdynpwlkryPmQceswtX8,Fall In Love,6xwJ4QVDNZAdAzmj7TxQSc,2016-02-16,328000,0,2016-07-19T18:20:50Z,False
3RUAFnk4i8CEGrcJS3YFoj,Sugar - Extended Mix,"Wild Culture, Karmin",7hayBHpyq0PvgOt9l96hpp,Sugar,1Wo2xrAghIaipM7e7fiWxX,2016-02-05,272567,0,2016-07-19T18:16:49Z,False
1yowjNEwPwraBJNXKjBoCb,Your Love - Extended Mix,"Loui & Scibi, Nuwella",6hhoNEHkx7jEWiJxOBvUX4,Your Love,6Vb4QPXNS7RMCNR8Tl40Ua,2013-09-13,312477,12,2016-07-19T17:54:09Z,False
7EeTZt8GtMM2XYoKjMIckd,Paradigm - Radio Edit,"CamelPhat, A*M*E",240wlM8vDrf6S4zCyzGj2W,Paradigm (Radio Edit),0trvDHtChS6ppBxoXGXV9V,2015-01-15,175955,28,2016-07-17T03:39:32Z,False
0w88OKe5vrHFTns0AOXJXs,Trip - Original Mix,CamelPhat,240wlM8vDrf6S4zCyzGj2W,Trip,4jr2xvxwTINAivxJcnsybC,2016-03-18,372530,22,2016-07-17T00:21:13Z,False
7G8Fbb6e8dr9qAFIPhNgN8,The Quad,CamelPhat,240wlM8vDrf6S4zCyzGj2W,It Is What It Is,5tFB8uCsGvlplgRq2hnpU3,2016-03-25,369644,0,2016-07-17T00:06:26Z,False
0Ea7rEwpqBOqtARzCUrETU,Chloe's Theme - Original Mix,CamelPhat,240wlM8vDrf6S4zCyzGj2W,Light Night EP,1wJPW6dGl9yropEtcGGPHM,2016-05-23,530529,22,2016-07-16T23:46:46Z,False
4ZsUKzYzaR3nYfzvBEucno,Slow Burn,Made in Heights,71zBpZsf6YDEBfWayKdAOA,Without My Enemy What Would I Do,7EfsMzyAr8PzI6xqnJhkIe,2015-05-26,265761,0,2016-07-16T00:47:30Z,False
58stjpV04lJKmPgc2vxm6J,Love Is All I Got,"Feed Me, Crystal Fighters",5FWi1mowu6uiU2ZHwr1rby,Love Is All I Got,2NfgKzKJkoth02sFUFcBEa,2012-10-28,186320,0,2016-07-14T12:46:40Z,False
6zpJjtnYJca98kpWEaLDdf,When It’s Gone [ABGT186] - Mat Zo Remix,"The M Machine, Mat Zo",62rW7FjQy7clhBDHuumg22,Group Therapy 186,6Glwrxj1S5QOIonre0sJXH,2016-05-05,208027,9,2016-07-14T03:45:03Z,False
2mj0Vf7UepRY8x2YzqtOME,Processed Beats,Kasabian,11wRdbnoYqRddKBrpHt4Ue,Kasabian,0VyDvw4MT9XDoSzE24yBCc,2004-01-30,187800,45,2016-07-11T19:54:40Z,False
3ZOEytgrvLwQaqXreDs2Jx,Can't Stop,Red Hot Chili Peppers,0L8ExT028jH3ddEcZwqJJ5,By the Way (Deluxe Edition),6deiaArbeoqp1xPEGdEKp1,2002-07-09,269000,86,2016-07-09T02:45:38Z,False
2oaK4JLVnmRGIO9ytBE1bt,Dark Necessities,Red Hot Chili Peppers,0L8ExT028jH3ddEcZwqJJ5,The Getaway,43otFXrY0bgaq5fB3GrZj6,2016-06-17,302000,76,2016-07-09T02:21:49Z,False
62ZroX9gLL60Tg6VcF2tIN,Trátame Suavemente - Remasterizado 2007,Soda Stereo,7An4yvF7hDYDolN4m5zKBp,Me Verás Volver (Hits & Más),0IkprxBZTCQhSry1AsDxcb,2007-06-28,200800,57,2016-07-08T14:24:26Z,False
5IlRYF58hRv5E0D2fykZXX,August Dub,Sharam,7rVEQZBDtYmToQaYOQJCm2,August Dub,45kL8yhKrNBXTccMEjc43Y,2015-09-18,219047,0,2016-07-06T14:06:59Z,False
3riyMcq2mv84ZXFR9T9uBM,Right Now - Yuksek Remix,"Kostrok, Yuksek",33NfDFgT8lGNK9Ez8vGNkV,Right Now [Remixes],0gQhlS6eXvR3WgIiJzURky,2013-05-07,256674,23,2016-07-06T13:55:57Z,False
6Nc1cTZVaa5xb2L1IH0vfc,Can't Deny My Love - Goshfather & Jinco Remix,"Brandon Flowers, Goshfather & Jinco",18Zv2g2vUcEGqJf6WnjfXN,Can't Deny My Love (Goshfather & Jinco Remix),6nvmaepjA8Siai44baAi1p,2015-05-18,238212,0,2016-07-06T13:52:30Z,False
64RHaFDHyDoAg0mn4fKlGL,Another Way,Crooked Colours,0aA1GTrIMutjIh4GlPPUVN,Another Way,4bbRahnZ0x3ukXJ18bIsRg,2015-03-06,235701,39,2016-07-06T13:48:00Z,False
162UA4HEnNgukkPrYbZmcG,Someone New - Original Mix,Lee Foss,44T94QQEc60Jf7kqGY6Rip,Starfruit,2reSEUPpX2j5XSkL5mzmHt,2011-06-20,344537,0,2016-07-06T13:04:16Z,False
7vqcDtNvoJn5pXhktc8qe8,Solitary Daze,"Maceo Plex, Gabriel Ananda",3TXQ1ddouwQAI78hV4hXDj,Solitary Daze,462nMAgJr4l14IqVngpOXM,2014-12-29,463405,0,2016-07-06T12:44:50Z,False
7IaPG30dBmOcw00zQHG8b2,Could Be - Original Mix,Lee Foss,44T94QQEc60Jf7kqGY6Rip,Electricity EP,6AxNv7eRrvleq2cpSc8Nrg,2012-12-03,313074,0,2016-07-06T12:36:01Z,False
5TpGqJxE3IFeLITHlg0j7x,Starfruit - Original Mix,Lee Foss,44T94QQEc60Jf7kqGY6Rip,Starfruit,2reSEUPpX2j5XSkL5mzmHt,2011-06-20,423978,0,2016-07-03T21:29:08Z,False
4Gbrv4GrzQya1RrlyBGqLW,Lost,"Amine Edge, DANCE",5iCqqgYu0T23xUwnBFGpU1,Miami G (Mixed & Compiled by Rob Made),2VguZqF2SVCVGJJpBmeT3q,2014-04-07,353000,0,2016-07-03T21:15:41Z,True
2cgQhJ5XDZRiofqGfaYWCd,Can't Leave You,Maceo Plex,3TXQ1ddouwQAI78hV4hXDj,Sweating Tears EP,6CdfiUhIDC0yhTmf88F15m,2011-10-03,535660,0,2016-07-03T21:04:58Z,False
651QhUxshxkDbIl7Ljb0YX,The Gift - Original Mix,"Lee Foss, Camille Safiya",44T94QQEc60Jf7kqGY6Rip,The Gift,37cAnTJH8Svz2Flajpyb5b,2016-06-24,361967,0,2016-07-01T01:12:52Z,False
61vMONAklv5mZaRzpVhuQH,I Feel Better (feat. Nick Nikon),"OVERWERK, Nick Nikon",2f9PTWJfMMDTAFZcvHy1Z5,I Feel Better,3qqob4VyxzSaI7YrmlNP9H,2015-02-11,442031,0,2016-06-29T15:19:19Z,False
0dKtJcaTJDzI4Z0YF1xQ02,Raindrop - Original Mix,Grum,3VEqFWRt47xQAZJMBF3duQ,Raindrop,3OSsHXhKexDOImOMLH1owL,2014-07-21,364599,0,2016-06-22T18:53:57Z,False
6qWNnWeTNTr4nulEtHh96A,Shooting Stars,Bag Raiders,6fXEqmGQEt6ONuqVmwrN46,Bang Gang 12&quot;s Compilation Part One - A Selection,6zBwjiSIVNri0CqFlMNbo2,2009-11-13,233332,1,2016-06-22T18:14:52Z,False
1MsyEbEQca1sfC9JnkKnOm,Alaska,Maggie Rogers,4NZvixzsSefsNiIqXn0NDe,Alaska,60KXWRoqDJspdtOqxhof6v,2016-06-17,188717,0,2016-06-18T16:51:34Z,False
0GO8y8jQk1PkHzS31d699N,Tongue Tied,GROUPLOVE,3kVUvbeRdcrqQ3oHk5hPdx,Never Trust a Happy Song,3oylWMc9TTC6Nx4I6U3axc,2011-09-02,218013,78,2016-06-17T15:28:06Z,False
30uJNlHIjfDeE4vr8g9fpf,Snap Out Of It,Arctic Monkeys,7Ln80lUS6He07XvHI8qqHH,AM,5bU1XKYxHhEwukllT20xtk,2013-09-09,193030,0,2016-06-17T14:00:33Z,False
5dKBaysNJtfpyNTRa5lqDb,A-Punk,Vampire Weekend,5BvJzeQpmsdsFp4HGUYUEx,Vampire Weekend,5oXBmKbyJeQftWMo87cQ9F,2008-01-27,137760,4,2016-06-17T12:30:35Z,False
5nWbbQ0sIEabqPxAdqmh66,Sweet Disposition,The Temper Trap,4W48hZAnAHVOC2c8WH8pcq,(500) Days of Summer (Music from the Motion Picture),2n5AOB0lGse7qp38HvVROB,2009-07-10,234680,45,2016-06-17T12:23:04Z,False
3nCkURI30dSOA2ibF493nf,One For The Road,Arctic Monkeys,7Ln80lUS6He07XvHI8qqHH,AM,5bU1XKYxHhEwukllT20xtk,2013-09-09,206051,0,2016-06-17T12:19:14Z,False
2Klw2Z7Fa4vKddr9DDEWVe,Ugo,The Dead Pirates,64bheP4lw6MvGJBNFKtPgx,Ugo,1zNtymrXxzRczamzRJPZdE,2016-06-17,358740,0,2016-06-17T11:59:22Z,False
1fVMnsLm4VXxMGytsueYuL,Cheese Naan,"La Fine Equipe, Fakear, Chomsk'",2EMmqQQmszsCXfVfMRibOQ,"La Boulangerie, Vol. 3 (La Fine Équipe & Friends)",31oCgGwCgtJZIvS4ERobSJ,2014-12-01,216403,26,2016-06-13T01:35:59Z,False
5Jlfld6JdyQSeDvNdv0XRE,La lune rousse,"Fakear, Deva Premal",4eFImh8D3F15dtZk0JQlpT,La lune rousse (feat. Deva Premal),5Ynd9HKyuBq3GtTFjBM63X,2014-06-06,225256,47,2016-06-13T01:06:17Z,False
3BMcY4M9KsjoQk3FiNU7Er,Silver,"Fakear, Rae Morris",4eFImh8D3F15dtZk0JQlpT,Animal,66lmXgvva1XnFrwOPdkMsj,2016-06-03,212693,0,2016-06-13T01:02:23Z,False
2ly9SUfXXa0IL84s23GH6n,Silver - Androma Remix,"Fakear, Rae Morris, Androma",4eFImh8D3F15dtZk0JQlpT,Silver (Androma Remix),1GfVOw52hHnuBjB8iMjkJ1,2016-06-10,219853,9,2016-06-12T23:44:34Z,False
6GUWBKnTnSYTg1IRbpDorE,Chasing Unicorns (feat. Lenny),"Peer Kusiv, Lenny",0yTV2etph4xN8PXPLPeEG5,Chasing Unicorns / Storch,1L8FPTETOJxCjgW0uaMOoR,2015-12-04,402720,19,2016-06-11T02:48:11Z,False
2aZOHvA6lEtZsPLyJPha9I,No Fear,The Rasmus,76ptJV8617638xrpeoUtzl,Hide From The Sun,6Y3uEcuCbk18c8m99Msogy,2005-09-12,247560,0,2016-06-09T03:27:29Z,False
6vYBuxwpqnBA5srfLMijdi,How Soon Is Now?,t.A.T.u.,2Q3eZMfDQgT8MhPowKFXYO,t.A.T.u. - The Best,6MWyJ2fcZPAXMk8JOfKPKF,2006-01-01,194306,0,2016-06-08T05:36:36Z,False
6tBdTwcyyGq1HU3PXgZK82,All The Things She Said,t.A.T.u.,2Q3eZMfDQgT8MhPowKFXYO,200 KM/H In The Wrong Lane (10th Anniversary Edition),2Vn3mB6jiBQ2gQ25vvJlEv,2002,214440,0,2016-06-08T05:25:04Z,True
0Txbn46ZPEuHUrafScSWLr,Not Gonna Get Us,t.A.T.u.,2Q3eZMfDQgT8MhPowKFXYO,200 KM/H In The Wrong Lane (International Version),2MJqN4wmnpw3fOfpXvsW07,2002-01-01,261200,0,2016-06-06T14:04:39Z,False
4JY5Puwe7zM9507UUswNHw,Ink,Jan Blomqvist,5wMlMjOLeJfS5DfxqGfm83,Ink,3StMNPYPwBqUJ6xcJLmZvY,2012-05-21,441990,0,2016-06-05T23:32:43Z,False
7rlBzRoOYEe9ByCOiv2vs9,Hypnotized - Original Version,Oliver Koletzki & Fran,5UfjdbCko5dik8bMhvrFvf,Hypnotized,79cOvQs3cKV1MhxTxtMAbb,2009-08-03,340560,0,2016-06-05T22:25:31Z,False
39rCjMwNSGk7xeJ1zZRzuX,Cinderella (She Said Her Name) - Radio Edit,Bob Sinclar,5YFS41yoX0YuFY39fq21oN,Cinderella (She Said Her Name),3lrWOtdSGnCIXUk5HC8PMx,2013-09-30,183433,0,2016-06-03T02:47:55Z,False
1SQdS3nQT0OALklAVANDnM,Things We Lost In The Fire,Bastille,7EQ0qTo7fWT7DPxmxtSYEc,All This Bad Blood,2r1iXEfyFZaYSmthwnKGGp,2013-01-01,240746,0,2016-06-01T00:31:55Z,False
00Gea8cfk0ECPm2Sd2cfqg,Fa-Fa-Fa,Datarock,4foARo5aSfuIuDLupoxK4k,Datarock Datarock,22S0QSpOrLf3dwt8QGBBAb,2007-03-19,306733,0,2016-05-30T23:41:28Z,False
5qKSG35g2L5q7A3KIzFRnr,Circle Down (Keljet Remix),AYER,5qL11uHhk8QM2IUnxggWqy,Circle Down (Keljet Remix),1gjTqqVscScTn5qjxB0Hip,2013-12-23,351238,31,2016-05-30T16:56:24Z,False
7g4V1MvSEquPXPJ2zN2lbz,I'll Take You - LBCK Remix,"MSTR ROGERS, LBCK",2CefeOM98Zx2FFrGXBgpms,I'll Take You (Remixes),0z1LN4lexpDugNnASRO7xy,2016-01-22,243214,13,2016-05-30T16:42:14Z,False
72XWsiLW8q2g8Lv0a010ha,The Great Escape,BOYS LIKE GIRLS,0vWCyXMrrvMlCcepuOJaGI,Boys Like Girls,47vcA9mKVcxl55GwuPJA5q,2006,206520,60,2016-05-27T13:21:41Z,False
5uz8vGA4iP8DSl5981eAh9,Japanese Heights,Vibe Tribe,0B4Z8L32aIQLItb34i3Dt9,Destination Unknown,60UBSecOKzYWda97d6M2Ip,2009-05-23,520000,0,2016-05-27T03:18:33Z,False
3End8lLDJQ2nPfDeF8VlYA,No Limits,Vibe Tribe,0B4Z8L32aIQLItb34i3Dt9,Destination Unknown,60UBSecOKzYWda97d6M2Ip,2009-05-23,436965,0,2016-05-27T03:08:34Z,False
7br84ZQ7X2IGahwaC2FlZs,Gonna Love Ya,Avicii,1vCWHaC5f2uS3yhpwWbIA6,Stories,5ttIIMPWCp2bvwsdAPcEXC,2015-10-02,215813,0,2016-05-26T05:01:12Z,False
0QHnxQsdunrlmduVLPQCNy,Can't Go Home (feat. Adam Lambert) - Radio Edit,"Steve Aoki, Felix Jaehn, Adam Lambert",77AiFEVeAVj2ORpC85QVJs,Can't Go Home (feat. Adam Lambert) [Radio Edit],5lXZdPOjp9Mt5RrPae0NYv,2016-03-25,183576,32,2016-05-26T04:17:19Z,False
2DO7ywgu9cdNqXf7Cukys9,Song to Say Goodbye,Placebo,6RZUqkomCmb8zCRqc9eznB,Meds,7cfTTszDP3KgMjtxhE8Re7,2006-03-13,216186,0,2016-05-24T21:26:28Z,False
6609cCUb8ayZkTUvkJ03Rm,Surrender The Throne,Krewella,0Cd6nHYwecCNM1sVEXKlYr,Ammunition,2F1dgnWAcVnBlX6Qp0MlBG,2016-05-20,195480,35,2016-05-22T03:46:10Z,False
2eQeO6nn2hMaMECtoWMT6y,Broken Record,Krewella,0Cd6nHYwecCNM1sVEXKlYr,Ammunition,2F1dgnWAcVnBlX6Qp0MlBG,2016-05-20,208240,31,2016-05-22T02:16:52Z,False
6lDo13SSgTv0WbyUQKgnjk,Light It Up (feat. Nyla & Fuse ODG) - Remix,"Major Lazer, Nyla, Fuse ODG",738wLrAtLtCtFOLvQBXOXp,Peace Is the Mission (Extended Edition),0OY2WzmmPG8yRZzmMeTX9N,2015-11-27,166138,10,2016-05-22T02:01:19Z,False
0UBgJMgfxiIsuL9zfiEuKn,Beggars,"Krewella, Diskord",0Cd6nHYwecCNM1sVEXKlYr,Ammunition,2F1dgnWAcVnBlX6Qp0MlBG,2016-05-20,227880,37,2016-05-22T01:59:37Z,True
1rO4Ew8dCbYWqJ3L6DmJDo,All the Sand in all the Sea,DeVotchKa,0hk8VgR64voU5ueK96W2DI,100 Lovers,4l3IxlNPRmI4kFFa537o2Y,2011-03-01,290106,34,2016-05-20T03:43:26Z,False
34GmTxmlK3TGlmqYCbcQKT,Cooler Than Me - Single Mix,"Mike Posner, Gigamesh",2KsP6tYLJlTBvSUxnwlVWa,31 Minutes to Takeoff,3Hmmcy5kIXlXoDqKgaHslu,2010-09-10,213293,50,2016-05-19T21:50:01Z,False
17Fd6Yb7mSbinKG8LoWfFl,I Took A Pill In Ibiza - Seeb Remix,"Mike Posner, Seeb",2KsP6tYLJlTBvSUxnwlVWa,"At Night, Alone.",3teu4biw5zhcN7QgjmKzGS,2016-05-06,197933,2,2016-05-19T21:26:09Z,True
6JNYQjwIYbnEs7PFuqfwhv,Our Own Way - Original Mix Edit,Klaas,25sJFKMqDENdsTF7zRXoif,Our Own Way,64mlT85mpxmtFsLPQQEDJz,2009-09-18,231964,41,2016-05-17T22:55:36Z,False
0gb1J5UrTpzaU1s3nupgCd,No Money,Galantis,4sTQVOfp9vEMCemLw50sbu,No Money,2f7kOrpFos0njurSOi2zqL,2016-04-01,189126,67,2016-05-15T00:00:07Z,False
5jqHfwXoBEowSn2xCiUdIp,Blister in the Sun - 2002 Remastered Version,Violent Femmes,0rpMdBzQXf7aYRnu5fDBJy,The Violent Femmes Collection,3wkLajiMfJdeKtED4tr9NR,2013-11-11,144333,0,2016-05-12T02:21:03Z,False
2Yfmdwl7LqXHxdWly1s3Sm,The Keys,Talisco,0ZR3khgseh3xy3s8iBYWrI,The Keys,7zUUP52orhor3lJzDEYGCH,2015-01-30,236946,0,2016-05-12T01:50:43Z,False
1brwdYwjltrJo7WHpIvbYt,Faded,Alan Walker,7vk5e3vY1uw9plTHJAMwjN,Faded,4pvMZr2Kfe1typbTqMHa8z,2015-12-04,212626,3,2016-05-12T00:49:17Z,False
40YcuQysJ0KlGQTeGUosTC,"Me, Myself & I","G-Eazy, Bebe Rexha",02kJSzxNuaWGqwubyUba0Z,When It's Dark Out,09Q3WwGYsQe5ognkvVkmCu,2015-12-04,251466,78,2016-05-12T00:42:07Z,True
0qai76jDCtlMy2bZxhcprL,They Won't Hurt Us Anymore,Chris Lago,1D7SZfMdCUrd9xYgfZv3Bt,This Wasted Summer,5DAYP695g2ufFYBLAbxueo,2013-06-15,241301,0,2016-05-06T00:49:47Z,False
6adhpSbrhat9S0WEVjf4HP,The Way You Like It,Adema,3n4ersmDo55xV4fPSCKpXb,Adema,2px7Z3Hvmb846rH8JHIiJh,2001-08-20,219933,52,2016-05-05T02:02:06Z,True
1OGMyqd5PKvCS45J5AyunP,Freaking Out,Adema,3n4ersmDo55xV4fPSCKpXb,Adema,2px7Z3Hvmb846rH8JHIiJh,2001-08-20,215693,37,2016-05-05T02:01:59Z,True
54WZtuc9b1LvNbkQ7mWeRJ,Let Me Know,Stupead,3jkkKGpsTqOQZQXVbJuofO,Let Me Know,5g0ykaxJBRsET4TKquBkfe,2016-03-15,196011,0,2016-05-04T22:49:56Z,False
1uMyLjI0HD4dLD7q4BYGWc,Light Night [ABGT179],CamelPhat,240wlM8vDrf6S4zCyzGj2W,Group Therapy 179,4s7ppepcPkNL9kohA3YkKx,2016-05-01,179513,0,2016-05-04T21:49:04Z,False
5Iw9m0zs2N3P9Jo2UxdCdl,Open My Eyes - Tom Swoon Radio Edit,"Ale Q, Avedon, Jonathan Mendelsohn, Tom Swoon",2TRGDHdrTyQVAavkzbjE1M,Open My Eyes (Empire Music Festival Anthem Guatemala),0g8qf41ah5a6xeoZmR1SK7,2016-03-18,195000,0,2016-05-02T21:08:00Z,False
72ojun8ufF5Y0YzssmvVHL,Déjà vu (feat. Sia),"Giorgio Moroder, Sia",6jU2Tt13MmXYk0ZBv1KmfO,Déjà vu,09IChrkzmFo9ZZroCRYujr,2015-06-15,200026,38,2016-05-02T13:37:52Z,False
73Iz0ppjXiDwgXqXaMd9Xp,Tom's Diner (feat. Britney Spears),"Giorgio Moroder, Britney Spears",6jU2Tt13MmXYk0ZBv1KmfO,Déjà vu,09IChrkzmFo9ZZroCRYujr,2015-06-15,212413,40,2016-05-02T13:37:52Z,False
0gU6QYlJElOMFLAifrGNwj,To the Sun - Original Mix,Deniz Koyu,39PhMWg1aAuuZcph0OXGu6,To The Sun,3DMJ4Q7Po0oqgNDRnBHcQL,2014-12-08,383452,1,2016-05-01T22:46:02Z,False
3pYGeyeea7F8b0d7iTue2I,Xanax (Moon Boots Remix),Elohim,6wKxOKEA3K6R2UZ3COLXEY,Xanax (Moon Boots Remix),6UUvmxKVK799A1ftqryH3w,2016-03-01,317960,0,2016-04-30T01:55:46Z,False
1uQWXYiUnFpwNj8Yxwx2hu,Glockenspiel Song,D.I.D,1XwRhEHqiCVgiEJQk66fyy,All Our Favourite Stories (Deluxe Version),5TVACiHLMe6Af5S6n70Tn9,2012-10-05,261066,23,2016-04-26T21:04:34Z,False
24sPI2LJsnRDQDhD8JPWfe,Wild Frontier,The Prodigy,4k1ELeJKT1ISyDv8JivPpB,The Day Is My Enemy,2oVLEYxxpkKHEwTJ2ww2jm,2015-03-27,268000,0,2016-04-26T16:43:10Z,False
3mcG2NI5G5vhrQtRda1YnA,The Middle,Jimmy Eat World,3Ayl7mCk0nScecqOzvNp6s,Bleed American (Deluxe Edition),2ZuFyQ3E5n1L0VA9iyH0YV,2001,168253,4,2016-04-24T20:11:25Z,False
3m6KkYKdnbffMpGd9Pm9FP,Seven Nation Army,The White Stripes,4F84IBURUo98rz4r61KF70,Elephant,0rRNLpdA8nA8Sm8Fk490b9,2003-04-01,231920,6,2016-04-23T23:20:06Z,False
4jH2NgiLe1z17ev6z6i7Fz,Lemon Tree - Album Edit,Fools Garden,0jRqFvRKCDryHOgrgFqsKG,Dish Of The Day,1L8jOPhcmUBO9Ljr3x3EfP,1995,191026,0,2016-04-20T07:52:23Z,False
7GSL5aAY472LNtv0dlh299,Your Love,WITHOUT,77oCjVYuCNvK4H4mgwltBy,Cheap Touch,3ZrTwqlP6yHb13Ytp5k5lW,2015-08-14,249667,0,2016-04-18T20:48:31Z,True
5gvO1qKBH5aEqQIdDoNz87,Feels So Good,Sailors,1c0IhHH9lWvX7cQAy1mkJz,Feels So Good,7f36oxV0tfhWB4Wu5tkLqD,2015-04-28,230526,17,2016-04-18T20:08:39Z,False
7He0HteYJzBwssiK2gBsI2,VYZA - Original Mix,WITHOUT,77oCjVYuCNvK4H4mgwltBy,Cheap Touch,3ZrTwqlP6yHb13Ytp5k5lW,2015-08-14,201428,0,2016-04-17T04:24:57Z,False
0bUc7RAs4X5IRzh2VAzbDh,You & Me,Max Vangeli,6Tu9KiWKN5ENQ2VjGCVN18,You & Me,3aYJbY0aXud4xl7Bc1Q7JZ,2015-01-26,330000,0,2016-04-13T13:43:22Z,False
1RtC36Z60MLqiE52gfdklT,Over,GusGus,5sL9uDMwceYHPknnCLAAwJ,Arabian Horse,5NCz8TTIiax2h1XTnImAQ2,2011-05-23,356576,0,2016-04-13T13:07:44Z,False
71ide5DBDzwRqq3nLZWuFY,See You In the Other Side,Pyramid,3aSTe6gzR3XChH1wcLfhmD,The Hall - EP,7daH4iqST6TZYy5E63NFiN,2011-03-28,332000,0,2016-04-13T07:13:40Z,False
436TQLXU8nt284YbmjOohq,Flee (feat. Dahnu Graham),"Suren Unka, Dahnu Graham",6IhyfL7peCFaxQWmFmFqHs,El Chupacabra,5iSO155Vmta5w1pHqKqvzt,2014-04-22,256062,5,2016-04-13T07:04:56Z,False
4Q8GGP6Jqx5fSSTYK8vG7N,Maandag - Original Mix,Tinlicker,5EmEZjq8eHEC6qFnT63Lza,Triangle EP,2C5tQvcbT9fXgVjo4kpkJl,2016-02-19,362418,13,2016-04-11T20:38:59Z,False
1zQX8Tf3fRYw8Djxh5kUKq,Chained,The xx,3iOvXCl6edW5Um0fXEBRXy,Coexist,2cRMVS71c49Pf5SnIlJX3U,2012-09-10,167546,0,2016-04-05T23:11:44Z,False
5H9IW5aJnBMFKbG0SmvfrD,Love Letters,Metronomy,54QMjE4toDfiCryzYWCpXX,Love Letters,1YPlEB0kZ4SOyT2kBLgINR,2013-12-30,315885,0,2016-04-02T15:28:53Z,False
0DRe2MeIAT5Bf1kOhRPJ4H,Voodoo In My Blood,"Massive Attack, Young Fathers",6FXMGgJwohJLUSr5nVlf9X,Ritual Spirit,6KHhT15M6l7cgaPZamEpM3,2016-01-28,241132,0,2016-03-27T18:17:42Z,False
3r6nLn0He79A16dFir8aUZ,Swept Away - Original Mix,"Parra for Cuva, Anna Naklab",238y1dKPtMeFEpX3Y6H1Vr,Fading Nights EP,21MzJxNQ2HSgEAWtTlrjbd,2013-05-08,346500,0,2016-03-27T00:17:43Z,False
4HBWeVFJif7KrZxKTb2XAD,Wide Open - Edit,The Chemical Brothers,1GhPHrq36VKCY3ucVaZCfo,Wide Open (Edit),0JameBIlEqgOelz8dgkZav,2016-02-12,253659,0,2016-03-25T18:30:47Z,False
2oxtQ84p1j5GmyzmD50Lq0,Rich Girl,"Gwen Stefani, Eve",4yiQZ8tQPux8cPriYMWUFP,Love. Angel. Music. Baby.,34y7m68F7rN9ou6m5GWohR,2004-11-12,236213,71,2016-03-25T15:00:09Z,False
0ny5zITdmyNwyTPVzRGscU,What You Waiting For?,Gwen Stefani,4yiQZ8tQPux8cPriYMWUFP,Love. Angel. Music. Baby.,34y7m68F7rN9ou6m5GWohR,2004-11-12,221226,65,2016-03-25T15:00:08Z,False
16WL3s4JszXh14ORSeGNAE,Pachelbel: Canon and Gigue in D Major: Canon,"Johann Pachelbel, Sir Neville Marriner, Academy of St. Martin in the Fields",62TD7509VQIxUe4WpwO0s3,Baroque Masterpieces,2entznF0FUMgl5m5Q813BW,2011-02-07,300613,36,2016-03-21T20:41:34Z,False
0HJBrdktMripVW4LkyM7Ch,All Four Walls,"Gorgon City, Vaults",4VNQWV2y1E97Eqo2D5UTjx,All Four Walls,2FYwWgKBjQhRJsgZhGyAUz,2016-03-18,192070,0,2016-03-21T05:37:38Z,False
3rUdlAGOBn1gUonFP391fa,After Rain comes Sun,Solomun,5wJK4kQAkVGjqM9x46KQOC,Dance Baby,0NpAILtUwlrg2DYi2191im,2009-10-26,449073,0,2016-03-21T03:34:51Z,False
1IbNYr8ByXsgwGbmOxLBXP,Friends,Solomun,5wJK4kQAkVGjqM9x46KQOC,Friends,4THASIy2X16riMpZINnTTz,2014-07-07,547244,0,2016-03-21T03:27:41Z,False
3tRqWoZuQtOfG54Vd6nNdq,Inhaler,Foals,6FQqZYVfTNQ1pCqfkwVFEa,Holy Fire,0PIR7PK8DMB4pgoxq7F9Ad,2013-02-11,292546,0,2016-03-13T00:28:59Z,False
269OfNY9Je1QWaDnu31KKp,Wild World,Yusuf / Cat Stevens,08F3Y3SctIlsOEmKd6dnH8,Tea for the Tillerman (Deluxe Edition),6lmjLgTFMevnJVif0iwfDi,1970-11-23,200173,0,2016-03-12T15:33:57Z,False
0PiJVE1XRWzoJUby7K7XNf,We Can't Fly,Aeroplane,31CtLHmSL7Oa7TPU9YyBEu,We Can't Fly,2SbATRLjOuAiJTAbeS3dpk,2010,253986,31,2016-03-10T21:25:41Z,False
1QyHxTbtAM1d57OIEz7Mjl,Nobody Seems To Care - Original Mix,16BL,0u2qG4roqULELVVO9fMgSG,Anjunabeats Journeys 02,46V6ihqXBUIIAmeDf3jwtD,2015-02-24,483952,1,2016-03-10T16:00:46Z,False
7ekTUmE8UxJ0cgowo8ZYBx,Hello Again,Meta And The Cornerstones,6pALX0nyILcabflRT8UA8u,Forward Music,1jfCsbTZxYBTV8AiwEDlKy,2008-01-01,230906,9,2016-03-05T16:00:57Z,False
79wzKgYTLmiDYXGXHA2Dar,High Time,Brent Berry & Honest Abe,6WESERvcpLJc2Lg6n1c9Dy,Monsoon,40aFXAnWk5DQQcRT5VJtds,2006-01-19,281426,32,2016-03-05T15:53:40Z,False
2has30uZnHlC3eCnM1nXeV,Love Me Already,Black Kids,1oJolWh3meHLWUcyIijst7,Partie Traumatic,4bWa4HwoyMWq5E25TKewbt,2008-07-22,243746,0,2016-03-04T00:35:56Z,False
3LQK5ArAQUVLrrGnheNao7,Twisted Game,The Subways,4BntNFyiN3VGG4hhRRZt9d,The Subways,3MAUk7LzuMkQpW5imOOiGY,2015-02-09,162422,0,2016-03-04T00:15:23Z,False
4fPBB44eDH71YohayI4eKV,You Only Live Once,The Strokes,0epOFNiUfyON9EYx7Tpr6V,First Impressions Of Earth,1HQ61my1h3VWp2EBWKlp0n,2006-01-03,189226,71,2016-03-04T00:05:30Z,False
736ZXpp3gYi2KtcKi3s5Af,Au Revoir (feat. Sido),"Mark Forster, Sido",7qXzy6c5RWT0XlVQcOBIDG,Bauch und Kopf (Live Edition),5YKT3ATEQt5ZbLYKgzDVDh,2015-08-28,202320,41,2016-02-28T04:00:38Z,False
1jlKdNbOA90rjnt88GJnwO,La Vuelta Al Mundo,Calle 13,0yNSzH5nZmHzeE2xn6Xshb,Entren Los Que Quieran,3yqcj5G3zkeXuWIx6cjQgx,2010-11-22,234133,70,2016-02-28T03:27:24Z,False
0sUyqewVzwv0e5tK3hS6vJ,Don't Be so Hard on Yourself,Jess Glynne,4ScCswdRlyA23odg9thgIO,I Cry When I Laugh,2xVeccmEU0zklK4XSKiDCW,2015,211460,58,2016-02-27T21:28:59Z,False
5HyymLLycBbg9HUqi90bs9,Conversation,Hot Hot Heat,5UVftEhSsIg0kkXlmfhB6M,Happiness LTD. (Standard Edition),3Y4fELian3Jf3dhNpoqmQc,2007-08-21,158293,10,2016-02-26T11:47:30Z,False
5miqYQTJsEOAEGYWG9DLsU,Mind Trip - Original Mix,Victoria Mussi,3R6t2w5k3E2MRaHiHzeeuV,Mind Trip,0baznDLOUro0QfxHqi0VEl,2011-03-14,358000,0,2016-02-26T00:53:43Z,False
77NNZQSqzLNqh2A9JhLRkg,Don't Stop Believin',Journey,0rvjqX7ttXeg3mTy8Xscbt,The Essential Journey,5pfpXvoJtSIFrbPIoBEv3R,2001-10-16,248906,75,2016-02-21T04:38:58Z,False
2RWraN4ZkuqjcNQAlBNGEH,Piece of My Heart,Janis Joplin,4NgfOZCL9Ml67xzM0xzIvC,Janis,294SMYuchjGEbo3bko8QVt,1993-11-23,266240,0,2016-02-21T04:16:15Z,False
71EnloViXmSKrQkrkaYFxF,Be Right There,"Diplo, Sleepy Tom",5fMUXHkw8R8eOP2RNVYEZX,Be Right There,1mpg0waIJb4aR6aHdXbxF2,2015-10-05,237051,0,2016-02-20T02:30:40Z,False
0Py83qzAmV9j4XstdSmTey,Meet You - Thomas Lizzara Remix,David K.,5hAf3qCeaol1iydJV9sK2a,Meet You [Remixes],2ACoiWUyPraov0YK2Sl9L7,2012-10-19,406080,0,2016-02-19T06:21:24Z,False
6sUhC28zNaIuRzjC0QQhTF,All Eyes On You,Klangkarussell,041iTeoMIwXMlShuQPIVKo,Netzwerk,33SQzqLVfBgyxEmUZzWzdm,2014-01-01,501760,0,2016-02-19T05:53:25Z,False
67FCQHKZOnyRmAlbYFx8ch,Balloons - Reworked Mix,Nils Hoffmann,6sOEMfvCfHQ9dhSWyamXVb,Balloons,5A7mVowni98nXQptyPID82,2013-03-01,496187,0,2016-02-19T04:24:50Z,False
4g3Ax56IslQkI6XVfYKVc5,The Less I Know The Better,Tame Impala,5INjqkS1o8h1imAzPqGZBb,Currents,0rxKf57PZvWEoU8v3m5W2q,2015-07-17,216318,1,2016-02-19T00:00:54Z,True
4xybr92r9x00MfLwQSvRDa,These Walls,"Kendrick Lamar, Bilal, Anna Wise, Thundercat",2YZyLoL8N0Wb9xBt1NhZWg,To Pimp A Butterfly,5uP9oyMK5lpzbB7K6UeT3X,2015-03-16,300973,0,2016-02-16T17:43:19Z,True
3UZK9yD18Mtzb6MgYBmuLW,Make Luv - Live,"Room 5, Oliver Cheatham",0AEbDFXbsssoSoC3pj91eq,Music & You,6jLeSCEqT7sAo0un1aOpSh,2003-01-01,212400,60,2016-02-14T22:11:34Z,False
5CMjjywI0eZMixPeqNd75R,Lose Yourself to Dance (feat. Pharrell Williams),"Daft Punk, Pharrell Williams",4tZwfgrHOc3mvqYlEYSvVi,Random Access Memories,4m2880jivSbbyEGAKfITCa,2013-05-20,353893,70,2016-02-14T21:52:14Z,False
3qkWAeydkXUI8cG0XDc5eC,Hurricane Jane,Black Kids,1oJolWh3meHLWUcyIijst7,Partie Traumatic,4jVhN9jg8lqB9z2QPJvKvI,2008-07-22,272760,0,2016-02-12T15:31:03Z,False
0qG1teoBvooRo7Z5Z8edCk,La ritournelle,Sébastien Tellier,23ymPLjbtAMzTJS2qRtQ8Z,Politics,05MRLgXFBdHFMww01vbvWY,2004-01-01,454480,0,2016-02-10T10:45:52Z,False
3McVJ4pdwNMP4RJtsJAogG,Always On The Run,Yuksek,2ePIzx9NjxplS724QMZtsf,Living On The Edge Of Time,0hFRGY5FtkENV4TkbwjCMM,2011-01-01,223560,34,2016-02-10T10:40:57Z,True
0fqLTppOt3UVAifvL3AlG2,In Return,Breakbot,0iui2Be5CP8EWxvHYsVspL,Still Waters,3ouEGtFYo2YaBm6F5cUzkJ,2016-02-05,200373,0,2016-02-10T05:36:58Z,False
2yHRqpCzLlW0wgNOsraRbn,Too Soon,Breakbot,0iui2Be5CP8EWxvHYsVspL,Still Waters,3ouEGtFYo2YaBm6F5cUzkJ,2016-02-05,249760,0,2016-02-10T05:36:48Z,False
3cow94VzEhI1236UDcbwJp,All It Takes,Breakbot,0iui2Be5CP8EWxvHYsVspL,Still Waters,3ouEGtFYo2YaBm6F5cUzkJ,2016-02-05,278946,0,2016-02-10T05:36:25Z,False
3x5IChGt3g6CTOSPGBTipX,Man Without Shadow,Breakbot,0iui2Be5CP8EWxvHYsVspL,Still Waters,3ouEGtFYo2YaBm6F5cUzkJ,2016-02-05,295400,0,2016-02-10T05:36:13Z,False
5NP3s5P3GMTxx6Ju4SgJh1,Turning Around,Breakbot,0iui2Be5CP8EWxvHYsVspL,Still Waters,3ouEGtFYo2YaBm6F5cUzkJ,2016-02-05,199426,0,2016-02-10T05:35:43Z,False
5sGfaneq9RoY6Y31hWtpd3,2Good4Me,Breakbot,0iui2Be5CP8EWxvHYsVspL,Still Waters,3ouEGtFYo2YaBm6F5cUzkJ,2016-02-05,241200,0,2016-02-09T23:28:07Z,False
3GeeyHU1Q6xjyeXjRAjBoo,Reality (feat. Janieck Devy) - Radio Edit,"Lost Frequencies, Janieck Devy",7f5Zgnp2spUuuzKplmRkt7,Reality (feat. Janieck Devy),1o18e1NP68Oe5UWA0JuxI2,2015-05-24,158474,1,2016-02-08T20:34:14Z,False
1zbTIdIbLYlXjtOqlHALh4,The Girl Is Mine,99 Souls,7aLdKgvXgDQz0wi5z2PKMV,The Girl Is Mine featuring Destiny's Child & Brandy (Remixes) - EP,0bjL6Jdr0u9HTVfyRByZCn,2016-01-15,216613,55,2016-02-08T17:31:22Z,False
5K6TfvT7sKAuEatUpHVvPQ,Odessa,Caribou,4aEnNH9PuU1HF3TsZTru54,Swim,0UP8fME7u9wS7mSQlkzCCO,2010-04-20,315506,0,2016-02-08T04:37:22Z,False
1iZTuY3wspO4DxFXBD58WX,Dammit,blink-182,6FBDaR13swtiWwGhX1WQsP,Greatest Hits (Explicit Version),2ghxwONTYbBQNxkROvij6C,2005-11-01,166266,0,2016-02-05T16:04:04Z,True
3LI4MmibTkXH5cGpCGZgyw,Teenage Dirtbag,Wheatus,4mYFgEjpQT4IKOrjOUKyXu,"Songs From Dawson's Creek, Vol. II",187HV0h26fG3mkRsySp5Lj,2000-09-29,241666,68,2016-02-05T15:15:14Z,False
1vcxF91pWs9uNwDROuiCPB,Savior,Rise Against,6Wr3hh341P84m3EI8qdn9O,Appeal To Reason,4ebodSLpRqbuQjpGlDZglH,2008-01-01,242280,77,2016-02-05T14:49:24Z,False
7s0lDK7y3XLmI7tcsRAbW0,My Songs Know What You Did In The Dark (Light Em Up),Fall Out Boy,4UXqAaa6dQYAk18Lv7PEgX,Save Rock And Roll,0EVJX4RlYKuApsAN5CaDa3,2013-04-12,186826,62,2016-02-05T12:19:09Z,False
2v8X6L6j0kbUPXDZwtXvXU,Why'd You Only Call Me When You're High?,Arctic Monkeys,7Ln80lUS6He07XvHI8qqHH,AM,5bU1XKYxHhEwukllT20xtk,2013-09-09,161123,1,2016-02-04T10:26:50Z,False
7oK9VyNzrYvRFo7nQEYkWN,Mr. Brightside,The Killers,0C0XlULifJtAgn6ZNCW2eu,Hot Fuss,4undIeGmofnAYKhnDclN1w,2004-06-15,222586,9,2016-02-04T10:15:38Z,False
53L6A3I9vf7rgEZnMzx54E,Mountain at My Gates,Foals,6FQqZYVfTNQ1pCqfkwVFEa,What Went Down,4uIDigk79DeZEYV6Z5Yf4s,2015-08-28,244293,1,2016-02-02T10:40:40Z,False
4AmJpaF86079ZjFVVYhFbJ,One Headlight,The Wallflowers,0jJNGWrpjGIHUdTTJiIYeB,Bringing Down The Horse,1lvj6DJXQcGVkX1V6oaN76,1996-01-01,312587,0,2016-02-01T03:11:58Z,False
5voU7QFyI9iXw3PZILBbyh,Lifted Up (1985),Passion Pit,7gjAu1qr5C2grXeQFFOGeh,Lifted Up (1985),5TMDzSHieLNACpLyiKp84P,2015-02-17,263293,30,2016-01-30T14:59:20Z,False
2zsWRxMcUdGjj8TnWkVKw0,Hypnotic,Zella Day,100sLnojEpcadRx4edEBA6,Kicker,600XgAY1N6sRPVczmBogiF,2015-01-01,176786,61,2016-01-30T13:10:28Z,False
0odCItRytDNrTIUh4CL9gK,Watch It Fall,The God Awfuls,2pozEyZKOWmMgFIrwiau6C,Next Stop Armageddon,19W86NIbJjHyz4qfG7DbyI,2004-02-24,146226,23,2016-01-30T12:10:03Z,False
0sAIljILdEo8Ku4tPLQ7dF,City Of Angels,The Distillers,7MlyHuGRHi31yYlrttDqgT,Sing Sing Death House,4VrINRcJyLcENNLiDbCoBi,2002-02-12,209626,54,2016-01-30T12:09:08Z,False
4ut0TJ2w4uBoiIdX1uzVTB,Beat Your Heart Out,The Distillers,7MlyHuGRHi31yYlrttDqgT,Coral Fang (Alternate Cover PA Version),1c4fH0GPGQJs4RxfmBLxia,2003-10-07,169056,0,2016-01-30T11:59:34Z,False
2zlOCBcS1CCIUkgpz78ahY,Abrasive,Ratatat,57dN52uHvrHOxijzpIgu3E,Magnifique,4Lp4NxL8v03Mxg3hbAgW1Z,2015-07-17,256808,0,2016-01-30T00:49:26Z,False
3sz8Gn0fOmXmyXOaPSWBJ9,Sweet Escape,"Alesso, Sirena",4AVFqumd2ogHFlRbKIjp1t,Forever,3yqh9ozOA2cAgPUJaveAuG,2015-05-22,232532,1,2016-01-28T10:45:27Z,False
2aAV8orZctvbDvVJnMDlBR,Never Win,Fischerspooner,5R7K1GezC0jy24v1R2n4x3,Odyssey,0xd9UW8Pe93kPIkFYv5jen,2005-01-01,239640,43,2016-01-25T22:28:16Z,False
0FBhM3ccS18j6MpntQBX5r,Falling - Digitalism Original Version,"Digitalism, Tommy Trash",2fBURuq7FrlH6z5F92mpOl,Falling,6V1if5f3bGShjVuurw11Ut,2012-07-23,275348,0,2016-01-24T18:51:34Z,False
2GyrX5kqaQeJskyL8TatIy,Poney Pt. I,Vitalic,4M84umUNRbZy1mJleyyRM9,OK Cowboy,1GJ2Gt5HiLFXOU9k0ziHV5,2005-04-04,323000,0,2016-01-24T18:13:05Z,False
73bDvrmSBh2fr53tLDH9oA,Nightcall,Kavinsky,0UF7XLthtbSF2Eur7559oV,OutRun,3bRM4GQgoFjBRRzhp87Ugb,2013-01-01,257320,57,2016-01-24T18:04:02Z,False
7Ay8Qdrvu0htVl7CkqTYAi,DVNO,Justice,1gR0gsQYfi6joyO1dlp76N,Cross,3CWD6k4rJIG72OXkSk98tf,2007-06-18,236546,0,2016-01-24T17:51:27Z,False
0dHpd6Mk6Y0iFeOEgWZWgl,Falling - Tommy Trash Version,"Digitalism, Tommy Trash",2fBURuq7FrlH6z5F92mpOl,Falling,6V1if5f3bGShjVuurw11Ut,2012-07-23,320000,0,2016-01-24T17:39:32Z,False
2ycQ8PhW4eMoe0Tx0P4Tno,Wolves - Instrumental,Digitalism,2fBURuq7FrlH6z5F92mpOl,Wolves (Instrumental),2tLj02bHtMzdJxwrtnKUkT,2014-05-12,283439,0,2016-01-24T03:16:01Z,False
7D1Dq1oEmlKNJltvzTL0wN,Roadgame,Kavinsky,0UF7XLthtbSF2Eur7559oV,OutRun,3bRM4GQgoFjBRRzhp87Ugb,2013-01-01,224386,52,2016-01-24T03:14:13Z,False
0vYtSvR5hvbyVsJYp7Zslq,With You Forever,PNAU,6n28c9qs9hNGriNa72b26u,PNAU,4xt97JA9kb6NUiDf7g2tgy,2007,214053,0,2016-01-24T03:04:02Z,False
49ErwcBYfYRPNBdRuPvpYA,We Are Your Friends - Justice Vs Simian,"Justice, Simian",1gR0gsQYfi6joyO1dlp76N,We Are Your Friends,1M9rUTZKBvDhKIqK9rNxLi,2006-01-01,262773,1,2016-01-24T02:14:30Z,False
5dpDrUG52yI3s1AQRlaypA,All Downhill From Here,New Found Glory,4ghjRm4M2vChDfTUycx0Ce,Catalyst,1Igrcji3zf5aC61saylDE1,2004-05-18,192426,1,2016-01-23T03:49:18Z,False
3JMy4HCSvdwY6FMtvkdKfF,Here We Go Again,SR-71,7fTcs8dn9y6XuB2IqZMzBq,Here We Go Again (US Edition),5bs8QWutqP4aM8HtGhDLk8,2010-11-21,185424,42,2016-01-23T03:21:56Z,True
5K7RDuh2JihPUScuOB76Sq,Face Everything And Rise,Papa Roach,4RddZ3iHvSpGV4dvATac9X,F.E.A.R.,70TYHf7Is70KOY1sHl5Vlh,2015-01-27,190586,0,2016-01-23T02:47:39Z,False
3ezkJgagRPZ39KCTrKcSI7,Ghosts 'n' Stuff (feat. Rob Swire),"deadmau5, Rob Swire",2CIMQHirSU0MQqyYHq0eOx,For Lack of a Better Name (The Extended Mixes),3eNZDL2rqTVvmiC1f0yFwF,2009,328746,2,2016-01-22T10:50:46Z,False
4QRCZmIimN9p5HOcaWdTLv,House (feat. Nick Nikon) - Meta Remix,"OVERWERK, Nick Nikon, Meta",2f9PTWJfMMDTAFZcvHy1Z5,House (Meta Remix),7pc5XsIXQtS3ORX7PwMSXu,2014-11-03,289343,0,2016-01-22T10:40:22Z,False
03h4TbEghDuv08z0z0KJyt,Positive Tension,Bloc Party,3MM8mtgFzaEJsqbjZBSsHJ,Silent Alarm,6SsIdN05HQg2GwYLfXuzLB,2005-02-02,235440,0,2016-01-21T10:48:38Z,False
3M2LLIKDLRpLRUwgFZnGLg,Like Eating Glass,Bloc Party,3MM8mtgFzaEJsqbjZBSsHJ,Silent Alarm,6SsIdN05HQg2GwYLfXuzLB,2005-02-02,261986,0,2016-01-21T10:38:02Z,False
0Uk5SIuOr5PYk66ShxGRO0,I Don't Think About You,Jan Blomqvist,5wMlMjOLeJfS5DfxqGfm83,6 Years Hive,5fe2j9ARMBHthbeSNCP16X,2012-04-13,430620,28,2016-01-20T05:44:41Z,False
57Xjny5yNzAcsxnusKmAfA,Reptilia,The Strokes,0epOFNiUfyON9EYx7Tpr6V,Room On Fire,3HFbH1loOUbqCyPsLuHLLh,2003-10-28,219826,76,2016-01-18T12:31:04Z,False
7KPLvVaccakFAxIBjntHUe,Greek Tragedy,The Wombats,0Ya43ZKWHTKkAbkoJJkwIB,Glitterbug,5eMwZy5R5qZB3v3lBumnFZ,2015-01-13,209557,53,2016-01-18T01:27:17Z,False
09ZEB3X2oswrIBBuzuVLEt,Want You Bad,The Offspring,5LfGQac0EIXyAN8aUwmNAQ,Conspiracy Of One,1AcUejY65mpt5Ze1Nx5xuV,2000-11-07,202600,0,2016-01-16T15:18:10Z,False
5JzF2iymNwCyFz9MTmojd0,Why Don't You Get a Job?,The Offspring,5LfGQac0EIXyAN8aUwmNAQ,Americana,7rgq4mAjZOPGVJCRF56FU4,1998-11-17,171866,0,2016-01-16T15:17:52Z,True
1FkoVC85Ds3mFoK0fVqEqP,Self Esteem,The Offspring,5LfGQac0EIXyAN8aUwmNAQ,Smash,7IDywTRaCI8qzS3X8tNU3x,1994-04-08,257826,78,2016-01-16T15:17:49Z,False
4sQJXbtxwoKHG7PwMRJ0Ig,The Kids Aren't Alright,The Offspring,5LfGQac0EIXyAN8aUwmNAQ,Americana,7rgq4mAjZOPGVJCRF56FU4,1998-11-17,179600,6,2016-01-16T15:10:01Z,False
1FMm3wG5WOhi7js35KR7Ea,"You're Gonna Go Far, Kid",The Offspring,5LfGQac0EIXyAN8aUwmNAQ,"Rise And Fall, Rage And Grace",3LhnJMmYkizRwyHdw8y0Qr,2008-06-13,177826,2,2016-01-16T15:02:19Z,True
4Bfn1AXTNX9ETEj4HESIu7,Try to Lose,Penguin Prison,5VsOThWOagH8C8gCvIy13k,Lost in New York,4nipLqikLaHZEfJaiE1esZ,2015-05-04,216133,0,2016-01-16T14:48:45Z,False
7r2MxNsdHGIF3u9JXdhtl5,Hey Kid,I Heart Sharks,4HHftqPaBwXIk5C7GOLI7y,Hey Kid,5uACGgtKccXOgE5pAQWYJG,2015,216264,0,2016-01-13T17:58:04Z,False
1lpGX4TZPVgEKGGBDc3n9j,Nada,"Zoé, Bunbury",6IdtcAwaNVAggwd6sCKgTI,Colaboraciones España,45DCXNwdmaIt0kwAnqrVnG,2010-01-01,260439,69,2016-01-13T05:51:14Z,False
1fd15fT88xkHTZD64mrZVY,Haciendo el Amor,Big Pollo,1EIsBAAADiVX9anuvDFYza,Habla,12LUdKy0VQ75HtxjiewPzl,2012,380960,0,2016-01-13T05:41:30Z,False
2YaGH8FO0TSxry4nxeSxzf,The Beatles,Shy Child,6w9ED7WnjSscMaY2RCVOHh,Liquid Love,0ljhnLjirN0JSAj58Hkfcf,2010-09-21,264200,4,2016-01-09T13:48:26Z,False
3r47dnu7PhxIv0sYO8t7Xe,I Will Come Back,Holy Ghost!,2Vhc7Y0Kc6HzMC6glKM4h6,Static On the Wire,5tJqV8SAnJAcc8Iv8Zc8vT,2010-05-18,321073,0,2016-01-09T13:42:35Z,False
4OSEE9iEHADmTSCpxl87GJ,Paris (Aeroplane Remix),Friendly Fires,3mZqziCJj4pq3P2VBpmK6p,Friendly Fires,6o5Da716CH8m1im2XiaeE1,2009-08-30,465333,0,2016-01-09T02:51:05Z,False
5HQDspxnwlx9RCJINFxeGZ,Civilization,Justice,1gR0gsQYfi6joyO1dlp76N,"Audio, Video, Disco.",4B3LGUCt5OsnJtzed6fLby,2011-10-24,250825,0,2016-01-04T00:26:33Z,False
24LS4lQShWyixJ0ZrJXfJ5,Sweet Nothing (feat. Florence Welch),"Calvin Harris, Florence Welch",7CajNmpbOovFoOoasH2HaY,18 Months,7w19PFbxAjwZ7UVNp9z0uT,2012-10-29,212560,77,2016-01-02T21:55:07Z,False
6C0xucNj75wRdlejwWIEW1,Club Foot,Kasabian,11wRdbnoYqRddKBrpHt4Ue,Kasabian,0VyDvw4MT9XDoSzE24yBCc,2004-01-30,214373,61,2016-01-02T19:17:56Z,False
0qImpiFeovSF3tDfl3jiFG,Dream Bigger - Instrumental,"Axwell /\ Ingrosso, Axwell, Sebastian Ingrosso",2XnBwblw31dfGnspMIwgWz,Dream Bigger (Instrumental),0XzkRALq1QrxCuWQDSjixN,2015-12-31,242160,21,2016-01-01T19:27:31Z,False
2OLMjGIhCNI6j34ysPscbp,Love Me Do - Remastered,The Beatles,3WrFJ7ztbogyGnTHbHJFl2,Please Please Me (Remastered),7gDXyW16byCQOgK965BRzn,1963-03-22,141693,0,2015-12-31T14:28:03Z,False
0fBMRLeJoHPqg49UgnTqxf,Heartbreak Station,Cinderella,7HL4id2U7FSDJtfKQHMgQx,Gold,6MYa70MMShivs2rhySGrU7,2006-01-01,269093,0,2015-12-31T13:32:39Z,False
4VNbjRqBMv7Km87nVtQCcF,Maria,Blondie,4tpUmLEVLCGFr93o8hFFIB,Original Album Classics,44Na6YGXVgYIuLBM83ovh2,1999,291240,0,2015-12-31T04:10:25Z,False
0mNQUZEATk2uItMUtiLWK5,A Hard Day's Night - Remastered 2015,The Beatles,3WrFJ7ztbogyGnTHbHJFl2,1 (Remastered),5ju5Ouzan3QwXqQt1Tihbh,2000-11-13,152920,0,2015-12-30T22:32:15Z,False
7pQAq14Z73YUFMtxCyt0bG,Can't Buy Me Love - Remastered 2015,The Beatles,3WrFJ7ztbogyGnTHbHJFl2,1 (Remastered),5ju5Ouzan3QwXqQt1Tihbh,2000-11-13,131213,0,2015-12-30T22:30:01Z,False
5ou2BiQ9FxIYkxsYvYHpAT,Help! - Remastered,The Beatles,3WrFJ7ztbogyGnTHbHJFl2,Help! (Remastered),19K3IHYeVkUTjcBHGfbCOi,1965-08-06,139560,0,2015-12-30T16:19:58Z,False
4DRBaZ760gyk7LWnaJFqsJ,I Want To Hold Your Hand - Remastered 2015,The Beatles,3WrFJ7ztbogyGnTHbHJFl2,1 (Remastered),5ju5Ouzan3QwXqQt1Tihbh,2000-11-13,145746,0,2015-12-30T16:15:34Z,False
4Z1fbYp0HuxLBje4MOZcSD,Twist And Shout - Remastered,The Beatles,3WrFJ7ztbogyGnTHbHJFl2,Please Please Me (Remastered),7gDXyW16byCQOgK965BRzn,1963-03-22,155226,0,2015-12-30T16:01:54Z,False
5V1AHQugSTASVez5ffJtFo,Let It Be - Remastered,The Beatles,3WrFJ7ztbogyGnTHbHJFl2,Let It Be (Remastered),2pCqZLeavM2BMovJXsJEIV,1970-05-08,243026,1,2015-12-30T15:51:46Z,False
38S8QaVo3RlmLU7cgfNT7B,All This Love,"Alesso, Noonie Bao",4AVFqumd2ogHFlRbKIjp1t,Forever,3yqh9ozOA2cAgPUJaveAuG,2015-05-22,251399,0,2015-12-29T12:56:53Z,False
2ds1pv9NpW4YqfWykRfkDg,Shadows,Dear Frederic,22PdRC5zuFcyTp0JAkCHhz,Shadows,3DwjqjUpK3ErKqCkMpcF4e,2015-10-02,190254,0,2015-12-28T19:48:07Z,False
3u4rIcRR7gSoJdkJIx9zpu,Young,Vallis Alps,7qhWa7UI1QNZNDnzYwAYZm,Vallis Alps,0s2fghAEEk3Uzz1IbGMDlq,2015-01-06,324122,0,2015-12-28T18:32:08Z,False
1VBtqki9so2Ir3rSt0PLvK,The End Where We Start,The Black Queen,3j2DZTwQle72CWyB19B5Mq,The End Where We Start,1Az0kVfcWImhx7mG5DSlNd,2015-06-02,248000,9,2015-12-28T18:26:25Z,False
4ksPg1gghznDYsF4CsGytf,Wasted Love,"BenZel, Stevie Neale",3pO1r7J66KdKt2vWMdSGim,Men,2YlwI3RpPqlZJBijZ7C6XO,2014-01-01,206000,26,2015-12-28T18:20:23Z,False
6bHUZ75s5KVt6pIZAY2HX2,Espoir,Darius,5vfEaoOBcK0Lzr07WN8KaK,Romance - EP,0mu2Kgggt2vX6eaL7y92h1,2014-02-24,242242,0,2015-12-28T17:43:48Z,False
21vtyMs7mkb0ji9llNXGm4,Game,Mating Ritual,4ZeB1hzT2mSZrf7wszOqHs,Game,38V9vsECqRTxRDl0hPLlkl,2014-09-26,263613,0,2015-12-28T17:19:41Z,True
3fThUiifN17brFqJ6LIjyz,Hypnotized,JANIS,6yUYZsMTveUZ8yo8wsKSLN,Hypnotized - Single,78qGfHjS1iWjigr3sEnVsz,2015-03-13,248586,21,2015-12-28T17:05:32Z,False
3bN4tg6rnNPy9GCkGhym4T,Message In A Bottle - Remastered 2003,The Police,5NGO30tJxFlKixkPSgXcFE,Reggatta De Blanc (Remastered),4dB2uBf7IEazBMreDVZmB2,1979-10-02,290280,1,2015-12-27T04:08:56Z,False
3FmAUR4SPWa3P1KyDf21Fu,Roxanne - Remastered 2003,The Police,5NGO30tJxFlKixkPSgXcFE,Outlandos D'Amour (Remastered),3D9JqZG5Q1ptOJr8ZQ0j7I,1978-11-02,191500,1,2015-12-27T04:08:36Z,False
6jrMVRReY24qzCfe1BRrww,What You Know,Two Door Cinema Club,536BYVgOnRky0xjsPT96zl,Tourist History,0gyRFAfY08NFv7N8RTFg9M,2010-02-07,191400,1,2015-12-26T18:10:56Z,False
55RgkQsaSkcScDaBm5m7D2,Panic Switch,Silversun Pickups,6qyi8X6MdP1lu6B1K6yh3h,Swoon,7lupJXO27KCr7H4e2G3TKB,2009-04-10,342040,0,2015-12-25T16:52:37Z,False
414a7UjgozCezMUz6Ng70h,Maybe Tomorrow,Stereophonics,21UJ7PRWb3Etgsu99f8yo8,Decade In The Sun - Best Of Stereophonics (Deluxe),4tm2y6cW1crczFhkylSSHZ,2008-01-01,273160,0,2015-12-25T16:47:50Z,False
6OzzowkbnUNXA65Bka8Z54,Again - Long Mix,Technasia,0rnKlPis7AQgoIe2NEVWa5,Central (Unmixed),1dvVq3tTx5WcWHhcC7W5pc,2010-05-31,440726,0,2015-12-25T16:43:54Z,False
1UaR2hdLbmiirwfEaokeNv,Torn Apart - Radio Edit,Adrian Lux,5kp9Qhzri9LrDkzrtjt5Sh,Torn Apart,6IJwnBo1ObmHlHxlB2Me6Z,2015-12-04,166626,7,2015-12-25T15:16:12Z,False
4MFCXniy7I8tj0GXtf3wgC,Adventure of a Lifetime,Coldplay,4gzpq5DPGxSnKTe4SA8HAU,Adventure of a Lifetime,0TWPnJaGqeZB6bfdAcsfIj,2015-11-06,263786,53,2015-12-25T14:51:55Z,False
6u0x5ad9ewHvs3z6u9Oe3c,Under Cover of Darkness,The Strokes,0epOFNiUfyON9EYx7Tpr6V,Angles,6Jx4cGhWHewTcfKDJKguBQ,2011-03-21,235546,66,2015-12-23T22:19:10Z,False
0wYVNC09iLBVIqHB07Hckt,Ecstasy,ATB,7jZM5w05mGhw6wTB1okhD9,No Silence,1z3EKLq7IsSUyElIqqulb0,2004-05-24,261093,56,2015-12-23T20:36:52Z,False
1s08dif7auwU798DX3Km4z,Unification,"Ali Wilson, Chris North",6zFLMg0hWGxLsfn8kzjloh,Global DJ Broadcast - Top 20 December 2015,7l7Kt9mBAyDVKl4DaQ8mtz,2015-12-18,444485,0,2015-12-23T19:05:22Z,False
6jWuz2KjUuYnzR88U371S1,Tomorrow Never Dies [Bombay] (Radio Edit),"Markus Schulz, VASSY",6OO0PboZcIWUWL7j2IyeoL,Tomorrow Never Dies [Bombay],2WPteUJj63VI4jv7UOAttr,2015-08-03,203708,0,2015-12-23T17:57:22Z,False
29U1azNyQN2vSqIquF9srD,Midnight City,M83,63MQldklfxkjYDoUE4Tppz,"Hurry up, We're Dreaming",5lZrn6dy53gXNatTjgiIoi,2011-10-17,243960,0,2015-12-23T17:11:35Z,False
5fgb3Md1xjt3mxeBqguiIA,I Would Do Anything for You,Foster The People,7gP3bB2nilZXLfPHJhMdvc,Torches,7Kmmw7Z5D2UD5MVwdm10sT,2011-05-23,214080,59,2015-12-23T17:11:34Z,False
1zuKjpp4t7BS8JPKi6mkQr,Angels,The xx,3iOvXCl6edW5Um0fXEBRXy,Coexist,2cRMVS71c49Pf5SnIlJX3U,2012-09-10,171653,0,2015-12-23T17:04:58Z,False
5mOPeaSXywGZX3mDflbDsq,Birch Tree,Foals,6FQqZYVfTNQ1pCqfkwVFEa,What Went Down,4uIDigk79DeZEYV6Z5Yf4s,2015-08-28,261133,0,2015-12-23T16:34:59Z,False
7DImv0qWPEiAYUPJ0yKuDd,Sunset,The xx,3iOvXCl6edW5Um0fXEBRXy,Coexist,2cRMVS71c49Pf5SnIlJX3U,2012-09-10,218586,0,2015-12-23T16:22:08Z,False
4Sfa7hdVkqlM8UW5LsSY3F,Take a Walk,Passion Pit,7gjAu1qr5C2grXeQFFOGeh,Gossamer,14JU5SskmcyckE5I8PY6lv,2012-07-23,264493,64,2015-12-23T15:32:33Z,False
72YZhtR48JGTjmgpfISwYb,Golden Touch - Radio Edit,Razorlight,450iujbtN6XgiA9pv6fVZz,100 Rock,65P84ZBtHARyccEPc4XFrj,2011-01-01,198550,0,2015-12-23T15:30:02Z,False
32ozKTIK682zp1OKsa9PT2,Adagio For Strings,Tiësto,2o5jDhtHVPhrJdv3cEQ99Z,Just Be,6UaMr4OlLYYY23AsqMqhiw,2004,443426,0,2015-12-21T16:59:27Z,False
0bLFr9Lg9cKIMQV9hvHg8m,Ma chérie (feat. The Beat Shakers) - DJ Antoine vs Mad Mark 2k12 Radio Edit,"DJ Antoine, The Beatshakers",6yTYR09WCvsgdnurDW4WQo,Ma Chérie (2k12 Remixes) (feat. The Beat Shakers),2ustJiWuyCJdTMVVwywiZA,2010,191080,0,2015-12-19T16:18:15Z,False
0sgbVwevbpvp9e6LF152Jt,In the Air (Mord Fustang Remix),"Morgan Page, Sultan + Shepard, BT, Angela McCluskey, Mord Fustang",1N9n8MSxrr4Emhb566493b,Laptop Symphony,3718l12nH8orYD7xjErFew,2012-05-14,458306,0,2015-12-19T16:11:03Z,False
2ZjsGA7RfyNzkw2fjkdoGw,Fight for You,Morgan Page,1N9n8MSxrr4Emhb566493b,Fight for You,4472OMwgS7t7VKDRIjsOFP,2009-09-08,237760,0,2015-12-19T15:56:49Z,False
5WWuKsN4PzLa85Lpr9Jpg6,All The People In The World,"Safri Duo, Clark Anderson",2UOx6w3eHpPKc3RBnNV3Rl,3.0,0kIPJdl1Asnkp6z9h4WmPZ,2003-01-01,221533,40,2015-12-19T15:37:07Z,False
5YfqiG5TBvCMkWvWrnXRhF,Touch Me,Avicii,1vCWHaC5f2uS3yhpwWbIA6,Stories,5ttIIMPWCp2bvwsdAPcEXC,2015-10-02,186173,0,2015-12-15T01:19:31Z,False
2gpytjWqJVE3LICibhEUaK,Treasured Soul - Radio Edit,Michael Calfan,4CuipEvwcoQggmCV8jpKF9,Treasured Soul,2EQnAJqa6iRpzbepnN0yEf,2015-02-18,177600,52,2015-12-15T01:15:37Z,False
38CfrUNgdukmo5FwaA7WMt,Voices - Eric Prydz Remix,"Steve Angello, Eric Prydz",4FqPRilb0Ja0TKG3RS3y4s,Voices,6A3eSEVfNvXWiwgNiHu2WR,2003-12-10,452120,0,2015-12-15T00:47:05Z,False
0qqwzVWiVmIRynDh1nTGCG,Chemicals,"Tiësto, Don Diablo, Thomas Troelsen",2o5jDhtHVPhrJdv3cEQ99Z,Chemicals,2sXzdtGJP1WqdJghhFc55M,2015-10-03,222075,0,2015-12-15T00:13:24Z,False
6ZixfeFT8V0Nle1rMZAekY,Next to Me,Otto Knows,5fahUm8t5c0GIdeTq0ZaG8,Next To Me,4I46tkai1n6ZlPUw8YCp5h,2015-05-08,202169,59,2015-12-14T23:51:43Z,False
6Y1c6YbCD2HzRck6qm6ux8,In The Dark (Radio Edit),"Tiësto, Christian Burns",2o5jDhtHVPhrJdv3cEQ99Z,In The Dark,4OaH5Us2wxsJ5ts0mGffGg,2007,233560,0,2015-12-13T17:49:54Z,False
2fP9GLSZcMLA8XhNqhdOX7,Break My Fall (Radio Edit),"Tiësto, BT",2o5jDhtHVPhrJdv3cEQ99Z,Break My Fall,1pDmEfmjOIFActL1vuRE25,2007,206533,0,2015-12-13T17:40:31Z,False
0raVBO6qvDQ9PGQZbdL4qh,Prisoner (feat. Gary Go),"Steve Angello, Gary Go",4FqPRilb0Ja0TKG3RS3y4s,Prisoner (feat. Gary Go),1zYoZVSIJckWAYmQwNKu90,2015-11-20,305373,0,2015-12-13T14:56:44Z,False
4mBrsRxJX6DP9zVS1xwAqm,Remember (feat. The Presets),"Steve Angello, The Presets",4FqPRilb0Ja0TKG3RS3y4s,Remember (feat. The Presets),5cTv27dHppNuvZBRd1cNw1,2015-11-01,334266,0,2015-12-13T14:47:28Z,False
54LOoyYUEsW8K2ZopEtHOg,The Bar Tender,"Be Svendsen, Seth Schwarz",4BaLB5aiExO29BEGVUisru,The Bar Tender,6b2YHowMUz656E0mUUvRJy,2015-12-10,578014,0,2015-12-13T14:22:37Z,False
33BtlwXUBRunGdnHAy9Qdi,Don't Mean A Thing,Lapalux,46Ce0QmI1mE2bl5VQ4P9N8,Lustmore,4gcQlf421a5ydYH65ncTrU,2015-04-06,348741,36,2015-12-12T02:09:05Z,False
21XpjBYEwH08XtLazsJ5wf,Disarm You (feat. Ilsey),"Kaskade, Ilsey",6TQj5BFPooTa08A7pk8AQ1,Disarm You (feat. Ilsey),4dFqJ3TtLxrgk62hNvOc4F,2015-07-24,221133,31,2015-12-09T23:09:52Z,False
48bFgWuYofpZqmIxC82R8V,Awaken (feat. Jack Liebeck),"Dario Marianelli, Jack Liebeck, Benjamin Wallfisch",0s1ec6aPpRZ4DCj15w1EFg,Jane Eyre - Original Motion Picture Soundtrack,4EHO6nIhB0OCyOY2vQ8yqX,2011-03-08,265933,43,2015-12-09T05:52:46Z,False
5g6QMEXgFeqJpVbhs4Z7Az,A Little More,"Kaskade, John Dahlbäck, Sansa",6TQj5BFPooTa08A7pk8AQ1,A Little More,2BbvMD9sUOSCajfsmqDQTE,2014-11-03,233232,0,2015-12-06T20:18:42Z,False
0ldFK4y1FBQbuip4w4cAIg,Innerbloom,RÜFÜS DU SOL,5Pb27ujIyYb33zBqVysBkj,Innerbloom,2LyblqOVQnaLhE7Kpx9P1G,2015-11-20,578040,52,2015-12-04T12:08:10Z,False
6QhwLtNg6BorvSO05vbXnz,Payback,"Dimitri Vangelis & Wyman, Steve Angello",10hGPIDZi33LRaYRIq3Bh4,Payback,6mBZTwzIX6a8UWaEpJmUsf,2015-02-16,349489,0,2015-12-03T03:15:19Z,False
1uL4Nj0JRsIt0EibpO4Zx1,Children Of The Wild (feat. Mako),"Steve Angello, Mako",4FqPRilb0Ja0TKG3RS3y4s,Children Of The Wild (feat. Mako),1gIO5DMUJCLaYlXgD6kKTD,2015-06-10,251449,0,2015-12-03T03:15:16Z,False
3zVOsV4JgNptNKz9NHsMRe,Don't Leave Feat. Amira - Original Mix,"Vario Volinski, Strassenmajor",62THU73PMWjv9HEI23xrzu,Toolroom Ibiza 2015 Vol. 2,2oVzFZiHiICGHxj6T3aAD1,2015-08-28,369836,0,2015-12-01T10:41:08Z,False
6rK8YLvFotZ78rb9m6MeqE,Do Or Die - Afrojack vs. THIRTY SECONDS TO MARS Remix,"AFROJACK, Thirty Seconds To Mars",4D75GcNG95ebPtNvoNVXhz,Forget The World (Deluxe),7eIdlHTVcGUhf6WGGffQES,2014-01-01,278174,1,2015-11-26T10:50:04Z,False
5VwIUWNIcvXvPRLProsxGD,Miami 82 - Vocal Mix,"Syn Cole, Madame Buttons",6i1GVNJCyyssRwXmnaeEFH,Miami 82,4tokLewvn9s58AJ4poSTUe,2013-12-31,365625,0,2015-11-26T10:35:00Z,False
5DsZVnFfwpys1SbObz1yUF,Dark Fantasy,Kanye West,5K4W6rqBFWDnAN6FQUkS6x,My Beautiful Dark Twisted Fantasy,6LBiuhK7PZKjVXyMfPxPoh,2010-01-01,280786,0,2015-11-22T22:14:04Z,True
4ncBUy5fM5iWshm02YODea,Baalbek,Trifonic,2TDsrZZt4XXF7iQlr5l20Z,Ninth Wave,4NJb6SsQSl8kbTPGdMmwgp,2012-11-13,457800,17,2015-11-22T17:59:28Z,False
5PZN2lQL8IusNEc8L5BeeW,Lies,Trifonic,2TDsrZZt4XXF7iQlr5l20Z,Emergence,2zIgRpn3OaIEHlrCAWkk4h,2008-02-26,300466,25,2015-11-22T17:38:47Z,False
38peLHRTxGZAd5TpEO3gB9,Don't Look Back into the Sun,The Libertines,4fSPtBgFPZzygkY6MehwQ7,Don't Look Back into the Sun,4C6qKYoroXakpgQOyA8no8,2003-08-18,179960,0,2015-11-21T15:24:10Z,False
2hnl5Gx8ORvufbnuL34PJs,D-D-Dance,The Royal Concept,7LAucJAvbQa7ZIA0qP8YI2,D-D-Dance,4IXNZiBETW3LhsnQD35CkS,2014-01-01,222040,0,2015-11-21T14:23:25Z,False
1hxKLsHN7O0H6eAr9ZUUmp,Wildfang - Mollono.Bass Remix,"Oliver Schories, Mollono.Bass",0iTjLBepeGaLgZS18kxgRq,Wildfang (Remixes),0hAh5ShdXw1M2xAeDFOeo5,2011-11-25,403969,0,2015-11-20T15:47:45Z,False
5yPZ308lJVhzBw14ptuDeY,Balloons - AKA AKA & Thalstroem Remix,"Nils Hoffmann, AKA AKA, Thalstroem",6sOEMfvCfHQ9dhSWyamXVb,Balloons,5A7mVowni98nXQptyPID82,2013-03-01,452690,0,2015-11-20T15:04:05Z,False
1IebM6KulbvdBzAdsUlmiP,Janna,Oliver Schories,0iTjLBepeGaLgZS18kxgRq,Herzensangelegenheit,5nlqi0XbTK64XzAwE0U796,2012-04-25,478000,0,2015-11-20T14:56:01Z,False
11RSAj9BMemLu7Pwfyz5yT,Reykjavik,Joachim Pastor,6eNOjuJSfKkAvbiGW90AkZ,Reykjavik,5eJEBrrCfrvUA772RHQPRr,2015-05-04,456762,0,2015-11-20T14:38:45Z,False
4YbwDpBNSnxw5xxZvrYaEo,Midnight Worker,Chance's End,4KV0sQHuBckxS0wumdzuVR,The Outsider,1YcLyXLnP3ecg1FXQRRNRU,2007-09-07,290826,8,2015-11-19T15:34:19Z,False
3xATEhxjTSArvaWteLLtZg,Santa Rosa,Trifonic,2TDsrZZt4XXF7iQlr5l20Z,Ninth Wave,4NJb6SsQSl8kbTPGdMmwgp,2012-11-13,373914,36,2015-11-19T12:29:43Z,False
4aS17gqJZPAohsfy88UaqM,Soul Fossa,Woven,4s7sutoISpt6tbPFmQcYGN,8 Bit Monk,46ZYnpYxTgfHOwDtDbSTYn,2002-01-01,327320,0,2015-11-19T10:40:31Z,False
2UpAbzcMcKee8ucVeOCXty,Everyday,"Vintage Culture, theDuo",28uJnu5EsrGml2tBd7y8ts,Everyday's A G-Thing EP,4CNQoXpheCkk5zP468Me36,2014-02-03,379842,0,2015-11-15T17:46:02Z,False
0woZzY4KnPiodU4XLu5ZRx,Man of the Year - Radio Mix,Thee Cool Cats,2B8pwCMMgvApPWlixiXAfL,Thee Worst Ep,5HEPqxhGG8tk7jI9jpzXbo,2015-04-27,208518,11,2015-11-15T17:02:22Z,False
0k93MXOj0kSXo84SvSDeUz,Ocean Drive,Duke Dumont,61lyPtntblHJvA7FMMhi7E,Ocean Drive,1jlUEbR1VEEGzjK47Xk1gT,2015-07-31,206320,2,2015-11-14T14:26:26Z,False
2C2Bz7sauB37bnacn2KQyF,Define,"Dom Dolla, Go Freek",205i7E8fNVfojowcQSfK9m,Define,17ysjqZb3UqJ9tajZVYjpU,2015-07-24,232129,55,2015-11-14T13:17:27Z,False
3nyFtO4w6RYyGmbjj2JKid,So Far Gone,"Crayon, Pyramid",1byiL1WtteUjvqT6GhlEfh,Kitsuné: So Far Gone,2SVf9hmJ941K2C5d2m0fyX,2013-02-25,262292,0,2015-11-13T10:39:19Z,False
232HDN1OQ12Pdw4qb9wzKu,Give You Up - Darius Remix,"Crayon, KLP, Darius",1byiL1WtteUjvqT6GhlEfh,Crayon - Give You Up,4tR6KO6eyCDWEJRO3NluSH,2013-08-05,324895,0,2015-11-09T18:08:57Z,False
2IWXn5BJBJ4rVcEY2A5fvn,Technoir - D-Nox & Beckers Remix,David Labeij,7dgedQ1fvT0vg4SMht9p97,Kitties Go Deep,0yex90KaCEBWUGYEASPTbK,2013-03-18,463830,0,2015-11-07T14:43:40Z,False
4fPZEkijJu0yxqtP0MRnPS,Sticks & Stones - Sascha Kloeber Bootmix,Steffen Linck,6ZfcFLe1e14kSQNUZekb8K,Sticks & Stones (Sascha Kloeber Bootmix),70d8lJkZX2soxzSeyR9NGT,2014-04-29,296741,25,2015-11-06T18:44:43Z,False
5I4Iik09oGpx4kvZlaUZW0,After Life (Point Point Remix),"Tchami, Stacy Barthe, Point Point",1KpCi9BOfviCVhmpI4G2sY,After Life Remixes,0JyyVejazyqDU7HvBpIpQN,2015-07-07,230400,0,2015-11-05T15:10:37Z,False
7c0AlAMOJTiArvRiTusaxG,All That - The Knocks Remix,Carly Rae Jepsen,6sFIWsNpZYqfjUpaCgueju,All That (The Knocks Remix),4I8W3rX9R54EwwMCFFoLvH,2015-09-18,310253,0,2015-11-05T00:41:16Z,False
2nVHqZbOGkKWzlcy1aMbE7,Kashmir - 1990 Remaster,Led Zeppelin,36QJpDe2go2KgaRleHCDTp,Physical Graffiti (1994 Remaster),1lZahjeu4AhPkg9JARZr5F,1975-02-24,508200,3,2015-11-03T16:11:41Z,False
51pQ7vY7WXzxskwloaeqyj,Stairway to Heaven - 1990 Remaster,Led Zeppelin,36QJpDe2go2KgaRleHCDTp,Led Zeppelin IV,1Ugdi2OTxKopVVqsprp5pb,1971-11-08,478173,1,2015-11-03T02:49:47Z,False
3fuXKiEzDCs1IBnLHQ5CL0,"Another Brick In The Wall, Pt. 2 - 2011 Remastered Version",Pink Floyd,0k17h0D3J5VfsdmQ1iZtE9,The Wall [2011 - Remaster] (2011 Remastered Version),33p78EyTp6esCBodi24Pzx,1979-11-30,238746,0,2015-11-03T00:12:19Z,False
5uvosCdMlFdTXhoazkTI5R,Light My Fire,The Doors,22WZ7M8sxp5THdruNY3gXt,The Doors,1jWmEhn3ggaL6isoyLfwBn,1967-01-04,429760,70,2015-11-02T17:24:09Z,False
4UZRjeuXVsXNgYR3sly2FZ,Embrace,"Armin van Buuren, Eric Vloeimans",0SfsnGyD8FpIN4U4WCkBZ5,Embrace,7G53des9iRPuUydeFXXNGy,2015-10-29,456693,30,2015-10-31T14:37:52Z,False
44EbX1Cuwpq3hdnpTHsmfO,Another You,"Armin van Buuren, Mr. Probz",0SfsnGyD8FpIN4U4WCkBZ5,Embrace,7G53des9iRPuUydeFXXNGy,2015-10-29,192306,61,2015-10-31T14:37:52Z,False
4u51z6hVh3pmoP7FSiibDW,Face Of Summer,"Armin van Buuren, Sarah deCourcy",0SfsnGyD8FpIN4U4WCkBZ5,Embrace,7G53des9iRPuUydeFXXNGy,2015-10-29,398320,23,2015-10-31T14:37:52Z,False
0je4PthHP8TczUOEiVGZet,Gotta Be Love,"Armin van Buuren, Lyrica Anderson",0SfsnGyD8FpIN4U4WCkBZ5,Embrace,7G53des9iRPuUydeFXXNGy,2015-10-29,401333,23,2015-10-31T14:37:52Z,False
0Cz9dLpXbp0Vq11g4a0PO8,Hands To Heaven,"Armin van Buuren, Rock Mafia",0SfsnGyD8FpIN4U4WCkBZ5,Embrace,7G53des9iRPuUydeFXXNGy,2015-10-29,360253,21,2015-10-31T14:37:52Z,False
7a5kGgaOzOfcwNI82LM5wv,Caught In The Slipstream,"Armin van Buuren, BullySongs",0SfsnGyD8FpIN4U4WCkBZ5,Embrace,7G53des9iRPuUydeFXXNGy,2015-10-29,307146,26,2015-10-31T14:37:52Z,False
7vUwNqZYKChb2nHBVAJB43,Embargo,"Armin van Buuren, Cosmic Gate",0SfsnGyD8FpIN4U4WCkBZ5,Embrace,7G53des9iRPuUydeFXXNGy,2015-10-29,319466,27,2015-10-31T14:37:52Z,False
08qGLfKTCJirdZBeqzZTRC,Freefall,"Armin van Buuren, BullySongs",0SfsnGyD8FpIN4U4WCkBZ5,Embrace,7G53des9iRPuUydeFXXNGy,2015-10-29,199026,30,2015-10-31T14:37:52Z,False
0GUJ3JrdRVkDNE8oinn13k,Indestructible,"Armin van Buuren, DBX",0SfsnGyD8FpIN4U4WCkBZ5,Embrace,7G53des9iRPuUydeFXXNGy,2015-10-29,196280,30,2015-10-31T14:37:52Z,False
3zGB8rE7Guy8R1FJ1csX95,Caje [feat. Narra] - Orginal Version,"Niconé, Sascha Braemer, Narra",70s3JhU9Ai0cIowagibjNI,Romantic Thrills,25MgNmB8Ab7bB3NtQNX1CN,2011-11-11,439565,0,2015-10-28T20:24:29Z,False
75Yc9FmbzI2fuvTCj873bi,Don't Kill My Vibe - BIjou and Ryan Collins Remix,"Thee Cool Cats, Bijou, Ryan Collins",2B8pwCMMgvApPWlixiXAfL,Don't Kill My Vibe,7C4sSrMgCpbwn4LqRT1kK9,2015-10-23,317355,0,2015-10-25T18:05:40Z,False
4ceLHchwDjXxILMS1UBQGV,Destroy She Said - De Donatis Remix,Circ,7LbMjMqJMwJDvztl8cRbt7,Vocal Trance Club Hits Vol. 1,27Q9jrULUuBiNaUW2ILyph,2008-03-13,340146,0,2015-10-25T17:44:04Z,False
6zPkXdxcJoiS3Niv5RPRNR,The Night We Danced,CIRC,4i8hIk8fUXLjpRNKMcQKbR,Velvet Ears 17,1hPSR2tmZZTVRZjRvkGI0q,2013-10-22,210464,0,2015-10-25T17:37:44Z,False
6X6qPLYPdtcoC6IVGyMqsV,Jenny,Electric Guest,7sgWBYtJpblXpJl2lU5WVs,Good America,6MFwpE3xWuZOTBZeX9qEvx,2013-04-22,254720,0,2015-10-25T15:19:58Z,False
1iF2TYT5ScZ2BStvrrxyrE,Sister Of Pearl,Baio,50lhyY7UVI9NyVHl79rVgk,Sister Of Pearl,6nEZANupOQrnR6gJFd4yS4,2015-06-16,253439,0,2015-10-22T10:40:41Z,False
0UsVg9eb6Nk4KCXDGtNd6c,Keep You On My Side,CHVRCHES,3CjlHNtplJyTf9npxaPl5w,Every Open Eye (Special Edition),6qRpXui3PWubskblkUNUls,2015-09-25,265933,0,2015-10-22T10:39:44Z,False
5C0LFQARavkPpn7JgA4sLk,Every Breath You Take - Remastered 2003,The Police,5NGO30tJxFlKixkPSgXcFE,Synchronicity (Remastered),28eOriEfl7IGbQDNvWIWXK,1983-06-01,253250,4,2015-10-21T02:46:23Z,False
2sW8fmnISifQTRgnRrQTYW,Roads,Portishead,6liAMWkVf5LH7YR9yfFy1Y,Dummy,3539EbNgIdEDGBKkUf4wno,1994-01-01,303973,64,2015-10-19T23:00:18Z,False
1MNUVQEMMJ93CZpxcswukI,Monogamy,I Heart Sharks,4HHftqPaBwXIk5C7GOLI7y,Summer,0TZx6T6DKK6lbmj97ZRG2k,2011-10-28,253440,0,2015-10-18T16:05:07Z,False
6XdQGQ3p206TcowaJwZVlI,Demons - Radio Edit,"Paris Blohm, Charles",5lXf3xjcLx6BmYMY6TvczJ,Demons,3kEIqDDKTQk9h99yV4ERf5,2015-01-12,197817,0,2015-10-17T16:54:01Z,False
01J6iy59nDgDoEd0nhqgcu,Time Is On Your Side - Radio Edit,"Stadiumx, Dzasko, Delaney Jane",0DRf6JJDQnRnz0Yp209CmH,Time Is On Your Side,5Jp5SxdlZ0nyFtj1YEms0p,2015-08-31,176799,36,2015-10-17T16:45:57Z,False
36kqh7AwDWWAycSewuBovZ,We Are Lost - Volt & State Remix,"Lush & Simon, Rico & Miella",0UN8vGMxWEBKNNu8NtyF96,We Are Lost (Remixes),45r9fhQkM9WbVrsNQgWlZD,2015-08-07,307500,1,2015-10-16T10:50:30Z,False
6xy6jNeNTYwjnKTDzMyHw2,Zombie,The Cranberries,7t0rwkOPGlDPEhaOcVtOt9,No Need To Argue (The Complete Sessions 1994-1995),2KsgTeLQXz7yDV1joGOd2L,1994-10-03,306440,3,2015-10-15T10:35:07Z,False
0N5x5UmYcbBeHFJtCCqf62,Ruby,Kaiser Chiefs,0LbLWjaweRbO4FDKYlbfNt,"Yours Truly, Angry Mob",0mKKqokWGSgKoL2bzdyTpd,2007-01-01,204200,2,2015-10-11T19:53:03Z,False
4fCpHhES8IExESfkZmRQQ3,The View From The Afternoon,Arctic Monkeys,7Ln80lUS6He07XvHI8qqHH,"Whatever People Say I Am, That's What I'm Not",2PXlvqTzGBNetlGct7L5e6,2006,218133,0,2015-10-11T18:48:18Z,False
02RDt0n6EXpYemu5mhMxjh,Days Are Forgotten,Kasabian,11wRdbnoYqRddKBrpHt4Ue,Velociraptor!,6lox5NV29L4QQmLuAvBXuP,2011-09-19,302613,47,2015-10-11T18:34:48Z,True
6ooluO7DiEhI1zmK94nRCM,Take Me Out,Franz Ferdinand,0XNa1vTidXlvJ2gHSsRi4A,Franz Ferdinand,0mUEGMT2YlzCWGeWOJjBKD,2004,237026,6,2015-10-11T16:26:53Z,False
7iqTu4OPL3KYs4FMdtLZsy,Mardy Bum,Arctic Monkeys,7Ln80lUS6He07XvHI8qqHH,"Whatever People Say I Am, That's What I'm Not",2PXlvqTzGBNetlGct7L5e6,2006,175440,0,2015-10-11T16:26:45Z,False
7BHPGtpuuWWsvE7cCaMuEU,Naive,The Kooks,1GLtl8uqKmnyCWxHmw9tL4,Inside In / Inside Out,03JPFQvZRnHHysSZrSFmKY,2006-01-01,203506,77,2015-10-11T16:26:34Z,False
1vV2Cis8njdHOs3gkqjDSZ,Chillin',Modjo,0AkpPlFLnr0VQwZQeMGht0,Modjo (Remastered),0h4pHU3yZyMmXEArrnWE82,2013-08-19,293732,0,2015-10-10T16:55:34Z,False
63WGk6ue6ttTnyFLGh7ogp,Wonderland (feat. Angelika Vee) - Radio Edit,Stadiumx,0DRf6JJDQnRnz0Yp209CmH,Wonderland (feat. Angelika Vee),5psTJGCxu227BOSREbqotl,2015-06-29,181746,26,2015-10-08T11:29:37Z,False
1RWyNOxagT7JNfDwnquqKh,The Right Time (feat. Mike James) - Radio Edit,"Yves V, Mike James",47BEc2RoW53owMyxacXWdV,The Right Time (Radio Edit),54dbis0vlhXhLelEiQXqdw,2015-04-17,213794,0,2015-10-07T17:37:21Z,False
6fUaJ4IabozaLDys8WIcch,Winds [Mix Cut] - Hardwell Exclusive,"Joey Dale, Rico & Miella",3QjbhhPrW6clls3VPRGkXu,Hardwell On Air Episode 233 - Hardwell Exclusives Week 36,446iqSCCDAspHT7BUAfdTt,2015-09-12,277500,0,2015-10-06T23:21:31Z,False
68G6yStcwiWWYSIJYcsmN7,Howl At The Moon - Radio Edit,"Stadiumx, Taylr Renee",0DRf6JJDQnRnz0Yp209CmH,Nicky Romero presents Miami 2014,2y7ayaPu6z5rX6dsf6azsm,2014-03-17,183750,0,2015-10-06T23:10:33Z,False
0GclHr7syAMExjnGx4iulK,Take Me Home,"Thomas Gold, Harrison, HIIO",1XLjkBxFokuDTlHt0mQkRe,Take Me Home,7HEbNIMfQMNY0XaBmlGWrS,2015-05-25,210345,30,2015-10-06T22:50:31Z,False
5qM61pJDpUnVDjrSOkaouT,Hollow,DubVision,3XINWZaloea97SIRiyTJxX,Hollow,0aO4decoDJdgwkD4z5K3Q3,2015-08-21,211250,0,2015-10-06T13:37:54Z,False
2C4wPlnD6N8vS9N49rW5PA,Like a Lie,"Jetski Safari, Helen Corry",5cv7br3oMm3WPY2eD4mtQw,Like a Lie,4CNOPsA805nNUJ18s4Pe7M,2013-07-26,274424,28,2015-10-06T06:30:05Z,False
68X6XZHO8dR1XGsK1kqU36,Winds - Original Mix,"Joey Dale, Rico & Miella",3QjbhhPrW6clls3VPRGkXu,Winds,4YnepQIPIepSIqiydFFFkR,2015-10-02,301489,0,2015-10-05T19:31:18Z,False
2plrjsgUNFn0o61mr3JDRA,Movement,The Whip,4M2H1fDQR5ygAi7MMOVxAA,Wired Together,2x33uSPTp0XiZahpdkoE59,2011-11-04,321007,17,2015-10-05T02:44:17Z,False
6PkzXU8dlwtfrwyTlUyVnv,Show Me Love - EDX Remix / Radio Edit,"Sam Feldt, Kimberly Anne, EDX",20gsENnposVs2I4rQ5kvrf,Show Me Love (EDX Remix / Radio Edit),6i0e9955UWeADYG0ZsXBiP,2015-06-14,180336,59,2015-10-05T02:37:45Z,False
2j3YrhaMgMID62ZG9CT6rU,Dark Corners & Mountain Tops,Cut Copy,4EENT7N7rCBwrddM3s0vFS,Free Your Mind,1jC0syHv6d6upeaIt0Emyz,2013-01-01,306929,0,2015-10-05T00:51:01Z,False
6R1hD9xyWfJcxVLsUnZYXg,Embrace,PNAU,6n28c9qs9hNGriNa72b26u,PNAU,4xt97JA9kb6NUiDf7g2tgy,2007,329773,0,2015-10-04T23:55:37Z,False
0CaHZUniQtDRZleX6XK9p7,Jealous (I Ain't With It),Chromeo,2mV8aJphiSHYJf43DxL7Gt,White Women,0U78mbujuFjpprS0G9QcTx,2014-05-07,228026,44,2015-10-03T15:23:44Z,False
22mek4IiqubGD9ctzxc69s,How Deep Is Your Love,"Calvin Harris, Disciples",7CajNmpbOovFoOoasH2HaY,How Deep Is Your Love,3cG32DOXJoYlOHMmJIaQsm,2015-07-17,212640,76,2015-09-29T15:50:41Z,False
3H3cOQ6LBLSvmcaV7QkZEu,Aerodynamic,Daft Punk,4tZwfgrHOc3mvqYlEYSvVi,Discovery,2noRn2Aes5aoNVsU6iWThc,2001-03-12,212546,63,2015-09-29T15:43:25Z,False
2TG30mMcNrZF1xg2Ghmfld,Bronx Sniper,Mister Heavenly,2HoWH2v3xB11oIAoQIWBBi,Out of Love,2LCUg26ApCnqiRNOsE7hTw,2011-08-16,219426,0,2015-09-28T12:55:53Z,False
69u6WS5N16hxXQnfRnpxfu,Tears From The Moon (Tiësto In Search Of Sunrise Remix),"Conjure One featuring Sinead O’Conner, Sinéad O'Connor",7m2ln4pyJe89CeHkenQv3U,Nyana,4FU1ct1KEPRkWXjK6kCdpK,2003,489492,0,2015-09-27T13:55:57Z,False
6KsWlu1s8o5ZD3MNdb28Nr,Venus (Meant To Be Your Lover) (Tiësto Remix),"Cor Fijneman featuring Jan Johnston, Jan Johnston",5BZl6ROVDKTbFtb5auhHvk,Nyana,4FU1ct1KEPRkWXjK6kCdpK,2003,457040,0,2015-09-27T13:47:34Z,False
7mqmAKoCAhhAr9OEYKXTHs,Baby I'm Yours,"Breakbot Feat. Irfane, Breakbot, Irfane",3KcIZKgUHhqJr9dodvm4iN,Baby I'm Yours (Remix),3Uyq5EL3v8IPyQb3YTgTWA,2010-06-21,215786,0,2015-09-27T00:28:54Z,False
7Jlqg70T1RhZICoFJmj1Bm,Hate or Glory,Gesaffelstein,3hteYQFiMFbJY7wS0xDymP,Aleph,3MiiF9utmtGnLVITgl0JP7,2013-10-28,288786,49,2015-09-26T16:46:55Z,False
2jJIxT6WAIVWzDo3Ou53Q0,Pursuit,Gesaffelstein,3hteYQFiMFbJY7wS0xDymP,Aleph,3MiiF9utmtGnLVITgl0JP7,2013-10-28,247603,52,2015-09-26T16:46:00Z,False
4J6GZ9veAN8kMsMxn63Ela,Touching Me - Original Mix,Finnebassen,3Ckt7DNBcLi93B2LGyKYzy,Scarpa Mykonos 2012,7CBlf7xUGtl8hb9JzyUCET,2012-07-17,380438,0,2015-09-24T04:51:38Z,False
3miXpNVXlgNA1UXlwDJeKS,Bad Boys Cry - Original Mix,Mark Lower,5Hlywis1lsrKUDxoP0t4jL,Bad Boys Cry,7fBM8fwVz2jlLVHxgdxyeR,2013-06-04,345750,43,2015-09-23T23:18:33Z,False
125ABiFu87TxipoWAMK8LR,Want You In My Soul,"Lovebirds, Stee Downes",4UW65n6QZ8YmanLPuUXVui,Want You In My Soul,2s4lZOcIMe1MN2X9w1qeML,2011-05-30,497521,54,2015-09-23T20:55:10Z,False
3wojLunY4dRlM51YoSGDdl,Warriors - Original Mix,"Nicky Romero, Volt, State",5ChF3i92IPZHduM7jN3dpg,Warriors,2aXxxdyJ5iQfPMlT3XUyCi,2015-03-30,328336,0,2015-09-23T14:05:53Z,False
3NMm9vrHV9sXBLXbJl6az9,Perfect Love Antidote Hey Champ Remix - Hey Champ Remix,Scenario Rock,6u8yA3AzG6wVjG2MzzSL0k,Perfect Love Antidote,11XJVA6IEukP6zKDpZ2Uog,2007-08-20,259800,0,2015-09-20T16:38:17Z,False
2D1Qw5tVYz7zfSiRHL907q,All We Need,"ODESZA, Shy Girls",21mKp7DqtSNHhCAU2ugvUw,In Return (Deluxe Edition),5eKLb6aljErWJyIv7BgUlg,2015-09-18,211200,26,2015-09-18T13:13:12Z,False
75k1fjO9JBjnuOtO9uSyj7,Left Behinds,"Paris Blohm, Taylr Renee",5lXf3xjcLx6BmYMY6TvczJ,"Hardwell Presents Revealed, Vol. 5",6upK1HGfWx9vnqh4clEq8e,2014-06-20,333764,0,2015-09-16T13:17:09Z,False
2mVgKeBMIkxYlRXcdCbyww,Heat [Mix Cut] - Original Mix,Vicetone,0daugAjUgbJSqdlyYNwIbT,The Sound Of Revealed 2014 (Mixed Version),74beNDhngL6rPdpbBp1fR6,2014-11-28,311250,0,2015-09-15T13:08:33Z,False
5D0iKXx7KqgWQ4LFbnhMNn,Not Too Late - Original Mix,Tom Swoon,2OFEXARoSZyZLR6S0oV2R7,Not Too Late (Remixes),0NtwiN7xFZb28vLl0cxwG6,2013-04-02,348586,8,2015-09-15T12:44:50Z,False
55XXRFZb2JNjcLt2hsBtBd,Knock You Out - Hardwell Remix,"Bingo Players, Robbert van de Corput",1pbHrVayIcVpHI9z97u4bK,Knock You Out (Remixes),4QlrCnnoTLRyZZRevTyAsL,2014-06-17,386186,4,2015-09-12T19:02:56Z,False
7F3XiVyHhM6xKiKjHDnBN8,Knock You Out,Bingo Players,1pbHrVayIcVpHI9z97u4bK,Knock You Out,3lX7byffkq23unDbiahiRA,2014-01-01,170000,0,2015-09-12T18:08:16Z,False
4YiEKrJuoZGGg3nzTJfONS,Superlove (Avicii vs. Lenny Kravitz) - Radio Edit,"Avicii, Lenny Kravitz",1vCWHaC5f2uS3yhpwWbIA6,Superlove (Radio Edit),1mo04hrgKFpM9AWXsiOU2q,2012-08-24,179530,44,2015-09-12T18:07:15Z,False
6RsWqX8zABZLhZydXxEFOm,Can't Feel My Face,The Weeknd,1Xyo4u8uXC1ZmMpatF05PJ,Beauty Behind The Madness,28ZKQMoNBB0etKXZ97G2SN,2015-08-28,213520,2,2015-09-12T17:25:36Z,False
4DbmuOSxftTmltXNebpvl7,Sonnentanz - Original Version,Klangkarussell,041iTeoMIwXMlShuQPIVKo,Sonnentanz,7fzzyXDdaBhe2clNJkO14E,2012-08-10,362813,0,2015-09-10T02:55:50Z,False
4c9WmjVlQMr0s1IjbYO52Z,My Number,Foals,6FQqZYVfTNQ1pCqfkwVFEa,Holy Fire,0PIR7PK8DMB4pgoxq7F9Ad,2013-02-11,240533,2,2015-09-09T13:11:55Z,False
7gKm41SAR6HVYcCELPje3n,Run Away (feat. Jan Blomqvist) - Orginal Version,"Niconé, Sascha Braemer, Jan Blomqvist",70s3JhU9Ai0cIowagibjNI,Romantic Thrills,25MgNmB8Ab7bB3NtQNX1CN,2011-11-11,403284,0,2015-09-07T13:12:07Z,False
6T1PT2Q9qwV5Z19Eqjz8Vr,Sin Condiciones - original,San Telmo Lounge,30HyR7VywzVrsKvpl2vXu4,Madrugada En Backcelonia,6pptnPvirGvArFZd0cYwmY,2005-03-22,304509,10,2015-09-07T12:30:06Z,False
3Q7Fhds0twd9SAHrcGTwYL,Don't Sing,"Data, Benny Sings",75QkeG5yBHVCybZurCrMa8,Don't Sing,7HGiUWfOslsBiDEeJkzy4V,2015-02-09,254871,40,2015-09-06T00:21:42Z,False
2clKV0Ntg8ek7vbb92DFq7,On the Hill - Mollono.Bass & Ava Remix,Be Svendsen,4BaLB5aiExO29BEGVUisru,Gross Kelle,3wYpvsbPi3Jm38k67dY58t,2012-07-26,400004,0,2015-09-04T12:49:38Z,False
19XQb9uJRmHwxb0EOVXkvn,Image Of The Invisible,Thrice,3NChzMpu9exTlNPiqUQ2DE,Vheissu,4pwaQ1jEWLrcCvYFDJVWbl,2005-01-01,254853,0,2015-09-01T13:03:23Z,False
5npqVYHjQeHFTE9iZBio6Q,When The Sun Goes Down,Arctic Monkeys,7Ln80lUS6He07XvHI8qqHH,"Whatever People Say I Am, That's What I'm Not",2PXlvqTzGBNetlGct7L5e6,2006,200013,0,2015-08-27T14:22:21Z,False
2HYaqJitHc9qiG68vc0JIm,Fluorescent Adolescent,Arctic Monkeys,7Ln80lUS6He07XvHI8qqHH,Favourite Worst Nightmare,4jKGRliQXa5VwxKOsiCbfL,2007-04-22,179533,2,2015-08-27T14:06:04Z,False
2UzMpPKPhbcC8RbsmuURAZ,Do I Wanna Know?,Arctic Monkeys,7Ln80lUS6He07XvHI8qqHH,AM,41vPD50kQ7JeamkxQW7Vuy,2013-09-10,272386,1,2015-08-27T13:56:09Z,False
0uLhNT7UIH3nZCCDZd3OBl,Anna Molly,Incubus,3YcBF2ttyueytpXtEzn1Za,Light Grenades,5WwXMygJ3dQXk3S6mDDfCH,2006-11-28,225880,61,2015-08-27T13:39:20Z,False
0LigJnwiA8OXeDp5qEDlTc,Lighthouse - Radio Edit,Nicky Romero,5ChF3i92IPZHduM7jN3dpg,Lighthouse,02O7PX6ypIu0rH431o4rEZ,2015-06-22,186562,0,2015-08-26T22:48:11Z,False
3tRv4ZYZimrL27flnjgeR6,Every You Every Me,Placebo,6RZUqkomCmb8zCRqc9eznB,Without You I'm Nothing,2cDDG5rnwEgjNL8Q0cO9Zd,1998-10-12,213800,3,2015-08-26T12:40:58Z,False
1dhuY1DoWymcOPydghpkkZ,Everyday Of My Life,Third Party,2J80qXI4NHKpq5RT3xUF7V,Sensation Welcome to the Pleasuredome,3AEsmcKy2J2r1lYwvBEBww,2014-07-04,379802,0,2015-08-26T12:14:10Z,False
7JLgigmISLh7ZhYubUWK0T,Two Souls (Austin Leeds & Redhead Roman Remix),"JES, Austin Leeds, Redhead Roman",6UAyCjS0OPMd1Ham8bvs9g,Two Souls (Remixes),4iZguvPn3Gb6VkBAews7k6,2015-03-02,329546,0,2015-08-26T04:58:29Z,False
2rXx3ZMZ4PvQOEeSs0LF75,Open Heart (feat. Lissie),Morgan Page,1N9n8MSxrr4Emhb566493b,Open Heart (feat. Lissie) - Single,1jSRTyyMMsn7V6x9C7B46P,2015-02-25,243626,0,2015-08-26T01:56:27Z,False
5eCgNATwXgRc4mZx9NymGJ,Waiting For Love,Avicii,1vCWHaC5f2uS3yhpwWbIA6,Waiting For Love,0LUr5Q06EQu7QIid7cACFU,2015-05-22,228750,2,2015-08-26T00:47:06Z,False
34xwIBGyUaQYQfo4QHjFyQ,Rise Early Morning (feat. Au Revoir Simone) - Radio Edit,"NERVO, Au Revoir Simone",4j5KBTO4tk7up54ZirNGvK,Collateral,1CZnMTWdD8cApDRm2wLCZp,2015-07-24,200769,24,2015-08-21T12:02:54Z,False
1SrIqVTPCu442WhQA6A9tU,The Book of Kells,Bruno Coulais,5kjb55jtwPnbYXXDvP4x7R,Brendan et le secret de Kells,2KXh9luUpayBMucDcdIrWl,2009-02-09,295025,0,2015-08-17T05:26:11Z,False
69UGm9BuoiJBEaNzNMZBUb,Naval,Yann Tiersen,00sazWvoTLOqg5MFwC68Um,Tabarly / B.O.F De Yann Tiersen,77DRf1X1rVBDhXVaIogs2X,2008-06-06,218106,0,2015-08-17T05:09:26Z,False
7FJP35tUJ2121EJsFpU1Gh,Beautiful Now,"Zedd, Jon Bellion",2qxJFvFYMEDqd7ui6kSAcq,True Colors,453l82SGKWDAlOpKkUSX1u,2015-05-15,218292,1,2015-08-17T03:01:13Z,False
36bOT34EdRNrNhCWMwNJKu,Just A Girl,No Doubt,0cQbJU1aAzvbEmTuljWLlF,Tragic Kingdom,4Rvc82pV7HCKZyRHbLWCac,1995-10-10,208400,0,2015-08-13T03:57:27Z,False
5PsUB0ISfQxRLhF5DmI5Ks,Don't Speak,No Doubt,0cQbJU1aAzvbEmTuljWLlF,Tragic Kingdom,4Rvc82pV7HCKZyRHbLWCac,1995-10-10,263000,1,2015-08-13T03:51:14Z,False
0P2p4impgdd77kBY1XrLIx,Bones (feat. HVOB),"Oliver Koletzki, HVOB",1WjBIvYAnZTkTh5UiZNwlR,I am OK,4eGdahdwOQzilF7qJskeLs,2014-05-16,295893,0,2015-08-11T17:09:50Z,False
3T5qaXJeMAgyEpt2b4mFyK,Find You,"Zedd, Matthew Koma, Miriam Bryant",2qxJFvFYMEDqd7ui6kSAcq,Find You,54oB2fnFkQeuQuX3jn7FOI,2014-01-01,204223,0,2015-08-11T16:24:51Z,False
3mw7CVKm9mtbvMmEz8FPxS,People of the Night (An21 & Max Vangeli vs. Tiesto) [feat. Lover Lover],"Tiësto, An21 & Max Vangeli, Lover Lover",2o5jDhtHVPhrJdv3cEQ99Z,People of the Night,1Mls1tO5vhSe40bOjyxlWW,2012-09-04,335778,10,2015-08-10T21:47:51Z,False
3VgNbGJAVtbT1afQiRBTX4,Cool for the Summer,Demi Lovato,6S2OmqARrzebs0tKUEyXyp,Cool for the Summer,3zBmbj91hxwuf70OTksAWf,2015-07-01,214746,0,2015-08-10T17:45:02Z,True
5V5OLEqKavPlNKLpFTfg9r,Gravity (Radio Edit) [feat. Kelly Sweet],"Kevin Wild, Punk Party, Kelly Sweet",1mf9Lf2Ik7d4mgkQ5HfHqj,Gravity,0W0xYY9qn2qHbo6JJFoZum,2014-06-30,245625,0,2015-08-10T01:28:33Z,False
6mcxQ1Y3uQRU0IHsvdNLH1,Where Is My Mind?,Pixies,6zvul52xwTWzilBZl6BUbT,Surfer Rosa (Remastered),2l7RPWC3E6eStJJLBsUeCI,1988,236973,2,2015-08-08T20:43:05Z,False
7zkDEBSxkcBVsStS4qBFpK,Lisztomania,Phoenix,1xU878Z1QtBldR7ru9owdU,Wolfgang Amadeus Phoenix,2TVvPbLNPTCZS8lPHs1rZW,2009,241546,2,2015-08-08T20:28:13Z,False
1mvyqSb1tOvtVP1qfWEyPa,1901,Phoenix,1xU878Z1QtBldR7ru9owdU,Wolfgang Amadeus Phoenix,2TVvPbLNPTCZS8lPHs1rZW,2009,193120,1,2015-08-08T20:23:36Z,False
4RyK6N4IQ85xxLgguQAFH5,Blue Jeans,Lana Del Rey,00FQb4jTyendYWaN8pK0wa,Born To Die - The Paradise Edition,5VoeRuTrGhTbKelUfwymwu,2012-01-01,209440,66,2015-08-08T15:00:48Z,True
1t3VYWeWUcf4o8NaGEkEOL,My House,Kids Of 88,4XLDU2AQL3oFnd27IMcNqY,The Great New Zealand Songbook,6CxkCF6dsHgjMl37TP6pA8,2011-08-08,239080,0,2015-08-06T15:57:47Z,False
1H1d4dr7Hk5Rrd8Tb5y5yr,One More Time / Aerodynamic,Daft Punk,4tZwfgrHOc3mvqYlEYSvVi,Alive 2007,7u6zL7kqpgLPISZYXNTgYk,2007-11-19,370533,51,2015-08-04T10:47:27Z,False
5RByQFt9Mlo8hDYJ921tCv,"Around the World / Harder, Better, Faster, Stronger",Daft Punk,4tZwfgrHOc3mvqYlEYSvVi,Alive 2007,7u6zL7kqpgLPISZYXNTgYk,2007-11-19,342626,58,2015-08-04T10:41:00Z,False
5oxOwuDN1HjQ1Ae1q7HJfd,Beggin For Thread,BANKS,2xe8IXgCTpwHE3eA9hTs4n,Goddess (Deluxe),4gBzWbu3Hp7bZGeAcewRrl,2014-01-01,249739,0,2015-08-02T22:39:24Z,False
2QP0moUeWZ9n50mp4UIo2h,Island (Nôze Remix),"Dapayk & Padberg, Caro, Nôze",0CSUa2tToUsyQZYhQPPhyl,"Black Beauty Remixes, Pt. 2",3x65L1qFR4FjxOG21EdBxY,2008-05-30,381063,0,2015-08-02T15:32:48Z,False
0jrq4CJ3WT8mjcFKeDK4yL,The Greeks,IS TROPICAL,148ujrGRexnhpqhRiw0rDi,Kitsuné Maison Compilation 11: The Indie-Dance Issue,7L83aYVkxlMpOnezb4H42r,2011-05-16,220241,0,2015-08-02T14:39:43Z,False
4TtBHwZinq03rYtB2fHUfL,These Days Are Gone,Moonbootica,1YkHCcMgZ6fTQMeEQyYKTf,Shine,6GFjk1u94KKugXVVPKqZr5,2014-06-13,221160,0,2015-08-02T14:07:03Z,False
0O4dzpCtxUXKswyHOVwcGq,All We Are - FlicFlac Remix,"JONAH, FlicFlac",3Rmw0IldYoch0L6XmTjQO4,All We Are - EP,4KVgYCowgpB7WyW1PjRP2o,2015-02-06,326173,0,2015-08-02T13:59:37Z,False
0k9un4VZY52tvtxNhg6XLo,Englishman In New York,Sting,0Ty63ceoRnnJKVEYP0VQpk,Nothing Like The Sun,4V8NMwzyLX0ENSXq65gNRC,1987-01-01,266960,0,2015-08-01T12:45:21Z,False
2vdId18EePzFhwfp4ryqFq,Shape Of My Heart,Sting,0Ty63ceoRnnJKVEYP0VQpk,Ten Summoner's Tales,6PMokt242OFzvXAgtvGgU6,1993-03-09,279226,0,2015-08-01T12:42:12Z,False
3SsSCdNTc2gnZ7aqrCVdnI,Beautiful Girl - Radio Edit,"Junge Junge, Kyle Pearce",721T2PETMLaAkijbYu05VD,Beautiful Girl,50lIwF4ClzeVWi4TqG8FhF,2015-03-02,200626,0,2015-07-30T17:39:47Z,False
0sIHrC7EVkuACId9vtmk0Y,Glow - Promise Land vs. AN21 & Max Vangeli Remix,"AN21, Max Vangeli",3wPBMtzFP84b7UN786Sxhn,Glow (Promise Land vs. AN21 & Max Vangeli Remix),77i2IfS0EjNcjCNELheZ4p,2013-07-08,381732,0,2015-07-29T00:37:17Z,False
6fQoomNZcRthXGJmR8JulG,Wake The Giant,"Tommy Trash, J Hart",1tBU8jUEdVR3mqSsAqEGfD,Wake The Giant,2YuMCVD5uKGBvI5gpEplpA,2015-07-13,210790,35,2015-07-28T23:16:48Z,False
57RHMnLMQx8Qz5V6c0E8dF,We Are The People,Empire Of The Sun,67hb7towEyKvt5Z8Bx306c,Walking On A Dream (Special Edition),1GoqBRUPZzBKvMKZxSQ1mp,2009-01-01,267354,61,2015-07-28T00:07:45Z,False
6zbnpAx9RH1W0dS4JEqdpc,Spaceman,The Killers,0C0XlULifJtAgn6ZNCW2eu,Day & Age,39JESZeZjLUrjwQtCrRs6d,2008-11-18,284546,0,2015-07-26T18:45:37Z,False
3gmVbNqZTlOcTuWVpXO2fi,Hold On,NERVO,4j5KBTO4tk7up54ZirNGvK,Collateral,1CZnMTWdD8cApDRm2wLCZp,2015-07-24,180000,32,2015-07-26T16:39:11Z,False
6MOZplWTBsTdbMpUr9jdfS,Reality (feat. Janieck Devy) - MÖWE Radio Edit,"Lost Frequencies, Janieck Devy, MÖWE",7f5Zgnp2spUuuzKplmRkt7,Reality (feat. Janieck Devy) [Remixes],4X5DZSPkZ1sRdq1edffzJA,2015-07-23,189836,0,2015-07-26T16:08:30Z,False
6L49HdfcQz9BTGvSSGtxS9,Warm Water - Snakehips Remix,BANKS,2xe8IXgCTpwHE3eA9hTs4n,"TheSoundYouNeed, Vol. 1",4UZ0792AClQ9vo3d74x9fY,2014-11-16,253584,0,2015-07-25T17:38:07Z,False
0OaQKaMdYw6RwY5dcSxGjI,Sky High - Tiësto Edit,Firebeatz,53YSn9tHwGJ6bq5P0gGoYo,"Club Life, Vol. 4 - New York City",0EJ1snUYEw0bkISahebQUC,2015-05-18,134760,0,2015-07-23T21:27:40Z,False
29BNwy4DiJbLSf796C337g,Revolving Door,Crazy Town,4iSKnRZAxkmqNok6tv10Se,The Gift Of Game,0hdOk76DmEMYI6QV92mIin,2000-12-15,220506,41,2015-07-21T05:26:35Z,False
3sWbIVUEdY2YyXzJoNj2zs,Toxic - Explicit Album Version,Crazy Town,4iSKnRZAxkmqNok6tv10Se,Toxic,69AH8JXzq2Tf3VTkAoEPjT,1999-02-10,166933,41,2015-07-21T05:20:33Z,True
0BCrZsTDb5PBHxDj5X4lck,Butterfly (Re-Recorded / Remastered ),Crazy Town,4iSKnRZAxkmqNok6tv10Se,Butterfly,5360MQlYj2yvfqTaFW6Hvn,2011-04-22,217971,35,2015-07-21T05:13:57Z,False
3Dt8shntGQZdrEfNzZvZMf,I Am You - Radio Edit,"Tom Swoon, First State",2OFEXARoSZyZLR6S0oV2R7,I Am You (Radio Edit),3UinljqZYPTiSAzkAZwTg2,2015-03-10,180000,20,2015-07-21T03:27:20Z,False
1M600IE8ujvrGKcyAuMRED,Heartbeat - Nicky Romero Edit,"Magnificence, Alec Maire, Brooke Forman, Nicky Romero",5zfDGV6C2Xwns1g773GF3N,Heartbeat (Nicky Romero Edit),2TtA6ZGM01Z4XFAoduI0vq,2015-05-04,302000,0,2015-07-21T02:28:40Z,False
0rCuRc07y6l1kPYj0JSRg5,Angels (feat. Kat Nestel) - Radio Edit,"Vicetone, Kat Nestel",0daugAjUgbJSqdlyYNwIbT,Angels (feat. Kat Nestel) [Radio Edit],6edezaNBO0YPIWshiVAOqu,2015-04-20,214325,0,2015-07-21T00:30:42Z,False
2sNvitW3TxiTeC9xT9f2ZZ,Firestone,"Kygo, Conrad Sewell",23fqKkggKUBHNkbKtXEls4,Firestone,4JVCsRgCU1j17JcNGdwXNw,2015-06-24,273684,4,2015-07-20T04:31:37Z,False
1KDNPUw0FKMhr21qgMd6io,Universe - Radio Edit,"Don Diablo, Emeni",1l2ekx5skC4gJH8djERwh1,Universe,10Lob3u6P49NXgXNj9ILyS,2015-06-10,179440,0,2015-07-20T02:28:08Z,False
6OGRM4MAOlyOdhHuX0OJ6P,A New Error,Moderat,2exkZbmNqMKnT8LRWuxWgy,Moderat (Deluxe Version),1FAgdEJ056QYPVEP755mE3,2009-05-11,367306,0,2015-07-19T15:34:37Z,False
06Hdbxh6NCy6TIhjdXTchB,Headlights (feat. Ilsey),"Robin Schulz, Ilsey",3t5xRXzsuZmMDkQzgOX35S,Headlights (feat. Ilsey),2ryym6yEc6r3ZuigHBDr1A,2015-04-03,209208,53,2015-07-19T13:39:08Z,False
0jgh0AwFawsaiuTOiWDzfS,Soundwave - Radio Edit,"R3HAB, Trevor Guthrie",6cEuCEZu7PAE9ZSzLLc2oQ,Soundwave,5LCu0ji3y0jzQGM5FJbTIT,2014-09-29,183750,0,2015-07-19T02:44:57Z,False
7iEFN1AkZ4ovr0f6iY1dzf,Lights Go Down (Radio Mix) [feat. Curtains],"The Jane Doze, Curtains",2cXHX0utHfwr61RMsKtFgU,Lights Go Down (Radio Mix) [feat. Curtains],4r07mB6c4BtRoDPDuhovPq,2015-04-07,232524,22,2015-07-18T14:55:01Z,True
64BbK9SFKH2jk86U3dGj2P,Otherside,Red Hot Chili Peppers,0L8ExT028jH3ddEcZwqJJ5,Californication (Deluxe Edition),2Y9IRtehByVkegoD7TcLfi,1999-06-08,255373,84,2015-07-18T14:29:19Z,False
08kgGQvRC3Cfy1q09suLlw,Crimewave - Crystal Castles VS. Health,Crystal Castles,7K3zpFXBvPcvzhj7zlGJdO,Crystal Castles,3APUL76KsEzXarVXjH5T4z,2008-03-18,258453,0,2015-07-17T05:02:41Z,False
1sNSG13fsK6KPKKNIQXXrh,You Know You Like It,"DJ Snake, AlunaGeorge",540vIaP2JwjQb9dm3aArA4,You Know You Like It,307C8qOXhP1iVcp2MttpmO,2014-10-14,247266,0,2015-07-15T03:11:16Z,False
6clcFbQhBpjfMUMCMLDWme,Without Lies - Breakbot Remix,"Aeroplane, Breakbot",31CtLHmSL7Oa7TPU9YyBEu,We Can't Fly - The Remixes,68Rs3QJ6dugW5BHPTVfAo7,2012,226789,20,2015-07-14T12:45:03Z,False
2nOx2XwnLiraylicoyDqZX,Let's Get Slow,"Aeroplane, Benjamin Diamond",31CtLHmSL7Oa7TPU9YyBEu,Let's Get Slow,2QgLMZqJ0nemIHZTAgaRQ2,2015-04-20,243293,0,2015-07-14T12:37:37Z,False
1G391cbiT3v3Cywg8T7DM1,Scar Tissue,Red Hot Chili Peppers,0L8ExT028jH3ddEcZwqJJ5,Californication (Deluxe Edition),2Y9IRtehByVkegoD7TcLfi,1999-06-08,215906,85,2015-07-14T11:02:51Z,False
15uFqHGAOvaGCqikvgiW6w,Sleepless - Radio Edit,"CAZZETTE, The High",1IELhvOMg5VQlU7syRm6CS,Sleepless,4pDtJD36tHdR4dVxakWBWH,2014-05-12,221421,0,2015-07-14T06:22:40Z,False
71dRBSmaKMdaFZPeZlVzf5,You,Bad Religion,2yJwXpWAQOOl5XFzbCxLs9,No Control,3efgo1fUo21py17Z7jGsle,1989,126520,58,2015-07-13T03:32:00Z,True
2kMjk14RmYyYhhSbipoa9U,The Sharpest Lives,My Chemical Romance,7FBcuc1gsnv6Y1nwFtNRCb,The Black Parade,0FZK97MXMm5mUQ8mtudjuK,2006-10-20,200880,70,2015-07-12T15:47:24Z,False
4WfzRSiFd1ZlcIPLYAjLgg,Millionaire,Plastilina Mosh,4PtVXWSOmF4Tox1jj6ctSq,Tasty + B Sides,5IO0ppb7WMdyanUnnBCR0M,2006-01-01,210653,53,2015-07-12T12:36:02Z,True
6H8oBlNd3QYVC8GhJzewz8,Toll Free,Plastilina Mosh,4PtVXWSOmF4Tox1jj6ctSq,All U Need Is Mosh,2G2j31wyWe0SYzvqMnrf13,2009-03-17,201733,0,2015-07-12T12:28:59Z,True
7x8dCjCr0x6x2lXKujYD34,The Pretender,Foo Fighters,7jy3rLJdDQY21OgRLCZ9sD,"Echoes, Silence, Patience & Grace",3ilXDEG0xiajK8AbqboeJz,2007-09-25,269373,78,2015-07-11T15:47:53Z,False
2aibwv5hGXSgw7Yru8IYTO,Snow (Hey Oh),Red Hot Chili Peppers,0L8ExT028jH3ddEcZwqJJ5,Stadium Arcadium,7xl50xr9NDkd3i2kBbzsNZ,2006-05-09,334666,80,2015-07-11T15:29:22Z,False
48UPSzbZjgc449aqz8bxox,Californication,Red Hot Chili Peppers,0L8ExT028jH3ddEcZwqJJ5,Californication (Deluxe Edition),2Y9IRtehByVkegoD7TcLfi,1999-06-08,329733,84,2015-07-11T15:13:53Z,False
3RLC8jJmDOZwrJ5izaISXr,Blackout,Breathe Carolina,53M4Iv2RkzzxFFvW2B1jhC,Hell Is What You Make It,6w9kxsUt468jfIAqYdwL8x,2011-07-12,210200,55,2015-07-10T08:15:30Z,False
1U8ZGtWBxcPeWcwDTCO64X,Paranoid Android,Radiohead,4Z8W4fKeB5YxbusRsdQVPb,OK Computer,2fGCAYUMssLKiUAoNdxGLx,1997-05-21,387213,0,2015-07-09T01:29:30Z,False
7lRlq939cDG4SzWOF4VAnd,I'm Not Okay (I Promise),My Chemical Romance,7FBcuc1gsnv6Y1nwFtNRCb,Three Cheers for Sweet Revenge,3DuiGV3J09SUhvp8gqNx8h,2004-06-08,186480,77,2015-07-08T05:46:02Z,True
5i7RvRKlvkuIU8jfVPm0yA,Air,"Dzeko & Torres, Delaney",5Ip2ecnyGpNyZvPuuYU8Ai,"Club Life, Vol. 4 - New York City",0EJ1snUYEw0bkISahebQUC,2015-05-18,217213,0,2015-07-07T23:40:04Z,False
5UZub5dP27wSxoB6vcUEvI,Someone Somewhere - Tiësto Edit,"Bobby Puma, Natalie Major",31HZjRPeEasjNH9MCgNW1N,"Club Life, Vol. 4 - New York City",0EJ1snUYEw0bkISahebQUC,2015-05-18,221013,0,2015-07-07T23:18:46Z,False
5wsskBPgW3pw876uCa9JX4,The Only Way Is Up,"Martin Garrix, Tiësto",60d24wfXkVzDSfLS6hyCjZ,"Club Life, Vol. 4 - New York City",0EJ1snUYEw0bkISahebQUC,2015-05-18,258440,0,2015-07-07T23:11:50Z,False
68oUQRwGJGExtkpaSvSbgb,Glory Box,Portishead,6liAMWkVf5LH7YR9yfFy1Y,Dummy (Non UK Version),3gxOtUSRzweDWBKlpj7cG6,1994-01-01,305560,0,2015-07-06T10:40:40Z,False
5kHiHWLcbsvTDtmHxBiaID,Are You With Me - Radio Edit,Lost Frequencies,7f5Zgnp2spUuuzKplmRkt7,Are You With Me (Radio Edit),71hItF8TZVeDHx6xmfxfYV,2015-01-26,138842,0,2015-07-04T17:55:51Z,False
3M32k1qJEsl6J1prAKjVth,Parade,Rone,3Dw9w3jnmr58ocgxiwITcq,Tohu Bohu,68vkdRiAyHhwUvzM7cUMej,2012-10-15,381157,36,2015-07-03T04:24:29Z,False
2zGW1X3cD3KZTdQoCminom,Soledad,Gui Boratto,27LGatz1m8aJ7ZaVVWEphc,III,0p0PgsIdTYUaBFKKVP8b18,2011-09-12,305074,0,2015-07-03T01:52:19Z,False
1yEF6KQftCPLUObb4B4KyH,Lionhearted,"Porter Robinson, Urban Cone",3dz0NnIZhtKKeXZxLOxCam,Worlds,3RPdpabXNb64iiCEVdf94J,2014-08-08,266106,0,2015-07-02T05:39:32Z,False
51zyLK2fERYvJQ0b94OHnl,Hyper Love (feat. Nat Dunn) [Radio Edit],"Ferry Corsten, Nat Dunn",2ohlvFf9PBsDELdRstPtlP,Hyper Love,1KvRa3bI3kpPIbP0PHCgbw,2014-08-21,204230,0,2015-07-02T03:57:08Z,False
69zxj1EFDfAouZu9JDmQld,Secrets - Radio Edit,"Tiësto, KSHMR, VASSY",2o5jDhtHVPhrJdv3cEQ99Z,Secrets (Radio Edit),4p3CULd5VeCSikL0PYkoP3,2015-04-03,216967,58,2015-07-02T03:03:54Z,False
7AeYomUuCNb965CWyfLTjK,Somewhere to Run,Krewella,0Cd6nHYwecCNM1sVEXKlYr,Somewhere to Run,0ncAjnBlT0NZERLH9m0VsR,2015-03-23,222080,35,2015-07-02T03:00:10Z,True
3KIYGBcEJbDP9gfUqPK14i,Everything - Cazzette Remix,"EDX, Hadley, CAZZETTE",7GMot9WvBYqhhJz92vhBp6,Everything,07pDBxn3KyLodHmbM2qNY6,2012-07-14,332528,0,2015-07-02T02:17:01Z,False
03rvAMQ4KGS4rrN0R8YL5G,Hydrus - Original Mix,"Chomstars, Liv Young",52Kl23wXoISQYJ5lrTbCHr,Stargazing EP,5f83srmM67sOx9WSUFBoCi,2014-06-23,468923,0,2015-07-02T02:10:46Z,False
3GC3xIxWImpR7dfv2F81ze,Greyhound,Swedish House Mafia,1h6Cn3P4NGzXbaXidqURXs,Greyhound,0kljaJVkxitOWes85XlsY6,2012,411017,2,2015-07-02T01:53:47Z,False
6r7FXNO57mlZCBY6PXcZZT,Five Hours,Deorro,6VD4UEUPvtsemqD3mmTqCR,Five Hours,3hM67HrtJ55aUC5TGt66Za,2014-10-14,326887,64,2015-07-02T00:49:27Z,False
1or8ahboNauRa9Ds9fskco,Wild Child,WEKEED,0xgxqCx6wm4roFuDMO0l1d,Majestic Casual - Chapter I,0uq8daBmQAnyBD2EnSzJou,2013-11-10,274015,0,2015-06-28T18:00:36Z,False
48O0GrGJWml3DzHhC5sJ7a,Karma Chameleon,Culture Club,6kz53iCdBSqhQCZ21CoLcc,At Worst...The Best Of Boy George And Culture Club,7gdwk8zdee8ghIq94Z9ck3,1993-01-01,241600,62,2015-06-28T16:34:51Z,False
5prTs2HAw2G4idHZyeFp8o,Total Eclipse of the Heart,Bonnie Tyler,0SD4eZCN4Kr0wQk56hCdh2,The Very Best Of Bonnie Tyler,1CuFf5IslmlCno7DAFjrt9,1999-02-08,269786,2,2015-06-28T16:30:57Z,False
61lqNlVRnWYiR9C7BDJw2l,You Give Love A Bad Name,Bon Jovi,58lV9VcRSjABbAbfWS6skp,Bon Jovi Greatest Hits,3Ad4QdO0EJr1c2livr9cmm,2010-01-01,223146,2,2015-06-28T16:17:28Z,False
4hJi9ntjJwrefSogD74lkk,Zero Gravity - Radio Edit,"Borgeous, Lights",4uiMn2g0pgTrhN096QJhbp,Zero Gravity,15Gtdn0XYQjwjrBBeSHsvc,2015-05-25,227076,0,2015-06-28T15:27:26Z,False
628fQLPU5vRdf2ljFiYcSU,Rising Love,"Arno Cost & Norman Doray, Mike Taylor",01rO83e6LyRcZxn2HQiMh7,Rising Love,6YexA0mFAHkhd9AXFonxhp,2015-05-18,220906,0,2015-06-28T15:25:36Z,False
2J3kiT2VuOV8f1JuGyv2No,Take Me Into Your Skin - Original Mix,trentemøller,4O71i7ke5iIBX6RNSFoZbS,The Last Resort,71atOmlAjqT0QIFbLcRa0a,2006-10-06,450562,0,2015-06-24T06:27:45Z,False
1Gsgn6QFYJgkBxEVC1jJnN,Moan - Trentemøller Remix,trentemøller,4O71i7ke5iIBX6RNSFoZbS,Moan,6FW9e37f8NF0luP6IW6YeP,2007-03-16,445330,0,2015-06-24T06:04:53Z,False
07ulYrNreBRl9g7JxFAuxR,I Like You [Mix Cut] - Original Mix,"Lucky Date, Sabrina Signs",6nNKPNNjOy3my0IYO8l0v4,Hardwell presents Revealed volume 6,4AxlF2ZP5RDCeZ5QrZSCNe,2015-06-19,225133,0,2015-06-23T19:33:03Z,False
2cEayFH18vW1x1GCe1EtdT,Survivors [Mix Cut] - Original Mix,"Hardwell, Dannic, Haris",6BrvowZBreEkXzJQMpL174,Hardwell presents Revealed volume 6,4AxlF2ZP5RDCeZ5QrZSCNe,2015-06-19,210000,0,2015-06-23T19:16:51Z,False
18E1Tj2vkWBBZDxMzKBftN,Keep Our Love Alive,"AFROJACK, Matthew Koma",4D75GcNG95ebPtNvoNVXhz,Forget The World,4Icn9KNTjnursv6iIt3ofb,2014-01-01,252997,5,2015-06-23T06:35:47Z,False
74jTexO94dFGyXGyeu8krd,Beautiful Life,Ace of Base,5ksRONqssB7BR161NTtJAm,The Bridge,5BOX6g9aOGf0yh7OEkzen3,1995-11-07,221186,68,2015-06-20T22:14:01Z,False
0hrBpAOgrt8RXigk83LLNE,The Sign,Ace of Base,5ksRONqssB7BR161NTtJAm,The Sign,5UwIyIyFzkM7wKeGtRJPgB,1993-12-24,191240,74,2015-06-20T22:10:02Z,False
4KKzv6Ml2tV5ueRMNrEDK3,Samurai - Tiësto Radio Edit,"R3HAB, Tiësto",6cEuCEZu7PAE9ZSzLLc2oQ,Samurai (Tiësto Remix),6XTwhpoqcgO7F4LnPo7Mf6,2014-07-11,217500,0,2015-06-20T19:41:03Z,False
2oX46s90nkZtTbCowHiWVs,You Give Me Something,Jamiroquai,6J7biCazzYhU3gM9j1wfid,A Funk Odyssey,2M50cB74zAc1lQNlrlYHxY,2001-09-03,199600,0,2015-06-19T20:27:45Z,False
5ctXZyWLbYyUSpPOdlKTlj,I Do,Felix Jaehn,4bL2B6hmLlMWnUEZnorEtG,Shine,6EscLxbKMhsnoHmV91yIeS,2014-12-05,182126,0,2015-06-17T04:51:38Z,False
2LR7ba5oU2T0Nk3J2qs33M,Hollywood,"RAC, Penguin Prison",4AGwPDdh1y8hochNzHy5HC,Strangers,5jjqYr9gIP2LmH7xYBpnu2,2014-01-01,197466,0,2015-06-17T04:12:18Z,False
5wi7zSv1nN43Z2WDsVLbRN,Here I Stand (feat. Cimo Fränkel) - Radio Edit,"Tom Swoon, Kerano, Cimo Fränkel",2OFEXARoSZyZLR6S0oV2R7,Here I Stand (feat. Cimo Fränkel) [Radio Edit],4GmWzDP32rr3dCRVXh0dmE,2015-06-09,217500,22,2015-06-16T12:07:18Z,False
7CbUK19EUxPdOpqXounMmk,(OO),Rone,3Dw9w3jnmr58ocgxiwITcq,Creatures,3xQWnywtKpTVF93DwZzvkj,2015-02-09,175466,17,2015-06-14T23:45:24Z,False
2ljeqbzxPMrAnRtITHiPas,Acid Reflux,"Rone, Toshinori Kondo",3Dw9w3jnmr58ocgxiwITcq,Creatures,3xQWnywtKpTVF93DwZzvkj,2015-02-09,242973,10,2015-06-14T18:35:34Z,False
1pyXSvT0Sj5uWSJbwMdZC7,Elle,"Rone, Bryce Dessner",3Dw9w3jnmr58ocgxiwITcq,Creatures,3xQWnywtKpTVF93DwZzvkj,2015-02-09,309106,20,2015-06-14T18:35:34Z,False
3nI0WVPT0vC3n48Bx7936w,Sing Song,Rone,3Dw9w3jnmr58ocgxiwITcq,Creatures,3xQWnywtKpTVF93DwZzvkj,2015-02-09,261226,10,2015-06-14T18:35:34Z,False
2Wlze9LfBpbcLCEYqyxlkN,Memory,Rone,3Dw9w3jnmr58ocgxiwITcq,Creatures,3xQWnywtKpTVF93DwZzvkj,2015-02-09,318506,7,2015-06-14T18:35:34Z,False
4sBbWPrxyVr7h7a5TlW2bM,Sir Orfeo,"Rone, Sea Oleena",3Dw9w3jnmr58ocgxiwITcq,Creatures,3xQWnywtKpTVF93DwZzvkj,2015-02-09,309440,7,2015-06-14T18:35:34Z,False
3rVp5HCdkpMkOHlUdlyYye,Ouija,Rone,3Dw9w3jnmr58ocgxiwITcq,Creatures,3xQWnywtKpTVF93DwZzvkj,2015-02-09,230666,4,2015-06-14T18:35:34Z,False
3rRtA0mVazMfHk754ePHqH,Calice Texas,"Rone, Bachar Mar-Khalifé",3Dw9w3jnmr58ocgxiwITcq,Creatures,3xQWnywtKpTVF93DwZzvkj,2015-02-09,242746,4,2015-06-14T18:35:34Z,False
0UAZTSudb0R6ywmJMPbcGV,Freaks,"Rone, Gaspar Claus",3Dw9w3jnmr58ocgxiwITcq,Creatures,3xQWnywtKpTVF93DwZzvkj,2015-02-09,292520,4,2015-06-14T18:35:34Z,False
4OABIh4ezwlnzHdkoZZSpv,Quitter la ville,"Rone, Francois Marry",3Dw9w3jnmr58ocgxiwITcq,Creatures,3xQWnywtKpTVF93DwZzvkj,2015-02-09,344800,7,2015-06-14T18:35:34Z,False
4sAip7Nj53y9Hy0J94ZvNn,Vif,"Rone, Bryce Dessner",3Dw9w3jnmr58ocgxiwITcq,Creatures,3xQWnywtKpTVF93DwZzvkj,2015-02-09,165653,11,2015-06-14T18:35:34Z,False
2E01JGJGMa5gW1PmqAWYXG,Overtime,Cash Cash,1LOB7jTeEV14pHai6EXSzF,Overtime EP,5lLQIsKacRMQwp4tfrocjh,2013-10-29,246447,45,2015-06-14T00:14:18Z,False
7vIBxqsNQZ3PehEFQr1ZGt,Something Good Can Work,Two Door Cinema Club,536BYVgOnRky0xjsPT96zl,Kitsuné Maison Compilation 7,0hljn4caZCf6xPILpLDJkB,2009-06-01,165320,0,2015-06-12T12:20:47Z,False
4oBiLeOqUqSLfsk1zvWuH9,Breaking into My Heart,Antoine Clamaran,2LTa2TleomBhi05k8khxCF,Breaking into My Heart,1fTBaQUBQqrEzNXBc4aPch,2014-03-31,333241,8,2015-06-12T12:12:22Z,False
2mKouqwAIdQnMP43zxR89r,What's Luv? (feat. Ja-Rule & Ashanti),"Fat Joe, Ja Rule, Ashanti",3ScY9CQxNLQei8Umvpx5g6,Jealous Ones Still Envy (J.O.S.E),6vMgb2mih3pPiWUxF8VEdI,2001-12-04,267093,76,2015-06-11T00:31:09Z,True
7eVZbb7YlUopOeuiyRcJ7Z,Heartbeat (feat. Collin McLoughlin),"Vicetone, Collin McLoughlin",0daugAjUgbJSqdlyYNwIbT,Monstercat 012 - Aftermath,6BVBm72Q7gLZUEm1fyoBB7,2013-03-11,393750,0,2015-06-09T10:27:55Z,False
4eUMbFJ6l8UogwBENovA4v,Chasing Time,"Vicetone, Daniel Gidlund",0daugAjUgbJSqdlyYNwIbT,Chasing Time,0N2gxrWBn154zyG6ROsir2,2013-10-07,203714,35,2015-06-09T04:07:59Z,False
3ARti7OUxxxhvruAhrw0Pd,No Way Out - Radio Edit,"Vicetone, Kat Nestel",0daugAjUgbJSqdlyYNwIbT,No Way Out,4D3xkTwsXgfmCdoYF5kxLY,2015-02-02,206814,0,2015-06-09T03:34:40Z,False
321gv2jshdnYZ2hZSjPwuI,Stars,"Vicetone, Jonny Rose",0daugAjUgbJSqdlyYNwIbT,Stars,6LK6EZErGqnEPQWajbMugc,2013-04-15,238125,27,2015-06-09T01:46:48Z,False
1s9vyvyhLhx5jjFlmbb3es,Anchor - Lush & Simon Remix,"Tritonal, Lush & Simon",521qvhdobR0GzhvU6TFw76,Anchor (Remixes),0osRO2tymBVmnL6f76tskA,2014-12-01,315000,13,2015-06-08T23:48:13Z,False
0pbSwjkHsy65MfyIPQsNs6,Afroki (feat. Bonnie McKee) - Club Edition,"Steve Aoki, AFROJACK, Bonnie McKee",77AiFEVeAVj2ORpC85QVJs,Afroki (feat. Bonnie McKee) [Remixes],3sMR5aEMRrKwonHEA2VYF5,2015-06-02,363549,12,2015-06-07T17:25:48Z,False
2XvKgq9Xe5MZFXE3JnX0Og,Let It All Out (feat. Angelika Vee) - Leeyou & Danceey Radio Edit,"Kap Slap, Angelika Vee, Leeyou & Danceey",1yRxS3CXYM7s6amlkEmozI,Let It All Out (feat. Angelika Vee) [Leeyou & Danceey Radio Edit],58S2Kyn45JaOjdQMe9HN43,2015-05-25,218749,11,2015-06-07T16:55:30Z,False
4KIn12LWNOHZ4eE8B3kzDz,Name & Number - Wax Motif Remix,"Shift K3Y, Wax Motif",26OrZl5U3VNGHU9qUj8EcM,Name & Number - EP,09q7F3x07VJ1pvlttzjaCT,2015-05-11,286080,0,2015-06-07T16:01:22Z,False
4O2ns0EKGQTMEIvMP4we6G,Not Alone - Tom Swoon Remix,"Kid Arkade, Josh Franceschi, Tom Swoon",1YEvw4sgvmyNQ43f6SOPj1,Not Alone,3uXloawOUcH7yfTyd7JNsx,2015-04-24,346880,0,2015-06-07T15:56:47Z,False
00W6fkIZpX6nJ4OvMiywV6,Unstoppable,"R3HAB, Eva Simons",6cEuCEZu7PAE9ZSzLLc2oQ,Unstoppable,2VL92bkMwjFaTiv7nHmZLr,2014-05-12,213684,0,2015-06-06T23:20:41Z,False
0gv9o9mPK1JQeZd3eMFdTa,Lightning Strikes,"Steve Aoki, NERVO, Tony Junior",77AiFEVeAVj2ORpC85QVJs,Neon Future II,4Bx8NxZeTAC53GjxVxXp2W,2015-05-11,238128,37,2015-06-06T23:05:50Z,False
0qfrk2Wa53HcBusHfkgrZN,Happy Violence,Dada Life,00sAT5YX8W3xNd1EuqyHw9,The Rules Of Dada,1lqbyIuEs1vy1lfgdKvCu0,2012-01-01,228680,35,2015-06-06T22:51:56Z,False
4GvfMnlZ4Oi7afbdhlwudk,Human,Krewella,0Cd6nHYwecCNM1sVEXKlYr,Get Wet,7d2uP5sqFrhFz9p6CA9gu6,2013-09-20,195533,9,2015-06-06T21:34:25Z,False
0CjofOXWkiwB1WRYX7FA2L,United We Are (feat. Amba Shepherd),"Hardwell, Amba Shepherd",6BrvowZBreEkXzJQMpL174,United We Are,3QTVsIyjtbHhXGxwh7H6j3,2015-01-23,351749,26,2015-06-06T21:22:34Z,False
5nUJym1qItTzwWx2zfSxUb,Follow Me (feat. Jason Derulo),"Hardwell, Jason Derulo",6BrvowZBreEkXzJQMpL174,United We Are,3QTVsIyjtbHhXGxwh7H6j3,2015-01-23,199848,36,2015-06-06T21:04:01Z,False
4YUzYBNa0fS8kIAGHPsER4,U R the sun - Toni Rivera Mix,"Kenny Fontana, Toni Rivera",3jIJBmZFPiAJFKUPz8W069,"Planet Chill, Vol. 1 (Compiled by York)",4NqGUvhPTMrOu25VhHBe3Z,2012-02-10,352286,8,2015-06-06T20:11:48Z,False
5790D9sgPum0aE59ES7X1v,RIVA (Restart the Game) - Radio Edit,"Klingande, Broken Back",1L9i6qZYIGQedgM9QLSyzb,RIVA (Restart The Game) [Radio Edit],3LEtF7RU1L9LCdmGw4Cspr,2015-03-02,180861,37,2015-06-06T19:13:35Z,False
2ec6A7BVwscwirxa0gnWHj,Together - Radio Edit,"CAZZETTE, Newtimers",1IELhvOMg5VQlU7syRm6CS,Together (Radio Edit),1ObzjZd5dXpOFbKQon6PWp,2015-05-29,188170,0,2015-06-04T17:55:44Z,False
1SqHHN5Mqy13gHbDGjTaU7,Back to Earth (feat. Fall Out Boy),"Steve Aoki, Fall Out Boy",77AiFEVeAVj2ORpC85QVJs,Neon Future I,3KYFjFzw34AhmlxQC8r5W6,2014-09-29,243746,44,2015-06-01T18:14:55Z,False
4QYQkGiJO2ZB4i4N9oFpch,Heaven On Earth (feat. Sherry St. Germain),"Steve Aoki, Sherry St.Germain",77AiFEVeAVj2ORpC85QVJs,Neon Future II,4Bx8NxZeTAC53GjxVxXp2W,2015-05-11,228741,29,2015-06-01T10:39:26Z,False
7Jz1NLz3hMWWfcQ1M9M6PS,Hysteria (feat. Matthew Koma),"Steve Aoki, Matthew Koma",77AiFEVeAVj2ORpC85QVJs,Neon Future II,4Bx8NxZeTAC53GjxVxXp2W,2015-05-11,266234,28,2015-06-01T10:35:30Z,False
1SgdUjvppHnIp6L7DZSnwc,She Wolf (Falling to Pieces) [feat. Sia],"David Guetta, Sia",1Cs0zKBU1kc0i8ypK3B9ai,Nothing but the Beat (Ultimate Edition),4bTjdxhRRUiWfwj200f9Kl,2012-12-07,222500,66,2015-06-01T10:29:47Z,False
2hQCzcb3qyZirWzOD5Yzoj,D.A.N.C.E.,Justice,1gR0gsQYfi6joyO1dlp76N,Cross,3CWD6k4rJIG72OXkSk98tf,2007-06-18,209986,0,2015-05-31T22:11:27Z,False
51Atfveui0ImDj80U2cqfl,Written In Reverse,"Tiësto, Hardwell, Matthew Koma",2o5jDhtHVPhrJdv3cEQ99Z,A Town Called Paradise,7we1BNenehBwimeIkK0jL0,2014-06-13,268267,0,2015-05-31T12:32:39Z,False
7nZ0Hw1nKbNzf1SOCGL5Y3,If It Wasn't For You,Alesso,4AVFqumd2ogHFlRbKIjp1t,If It Wasn't For You,3xSEDSVkKHE1JWD34hz1TX,2015-05-04,233333,0,2015-05-31T12:25:48Z,False
1jJci4qxiYcOHhQR247rEU,Kids,MGMT,0SwO7SWeDHJijQ3XNS7xEE,Oracular Spectacular,6mm1Skz3JE6AXneya9Nyiv,2007-12-14,302840,81,2015-05-30T15:08:56Z,False
5J8MPzzufgbhutBl8gEr6r,Free the Animal,Sia,5WUlDfRSoLAfcVSX1WnrxN,1000 Forms Of Fear,3xFSl9lIRaYXIYkIn3OIl9,2014-07-04,264866,38,2015-05-26T01:25:50Z,False
4IWLawtdMznqdOnbOR9cWW,Legacy - Radio Edit,"Nicky Romero, Krewella",5ChF3i92IPZHduM7jN3dpg,Legacy,1HbbLX5HgVZS3l3JADKBg7,2013-09-12,195706,41,2015-05-24T21:54:40Z,False
04EPRVDQpYsa7yi3COX4Vb,Feet On The Ground,"Nicky Romero, Anouk",5ChF3i92IPZHduM7jN3dpg,Feet On The Ground,7HVlEC10YL0pdyknz17xmD,2014-09-20,176390,0,2015-05-24T21:31:24Z,False
06T2VQf8n5kTtyDo8klTvX,Pjanoo - Radio Edit,Eric Prydz,5sm0jQ1mq0dusiLtDJ2b4R,Pjanoo,2xzSORabYiIKI4tQHxfAjf,2008-09-01,157432,0,2015-05-24T21:28:01Z,False
10bS5B75FKJyfjFOpugr7U,Hear Me - BYNON Remix,"Ivan Gough, Feenixpawl, Christine Hoberg",5aBWZE8TOaaA9O50ENS3EM,Hear Me Pt. II,0yohFN7XosdPza9LZSLEwh,2014-06-20,326957,21,2015-05-24T20:23:27Z,False
1EFynsEfWFcOWCnROwQT3d,A Town Called Paradise,"Tiësto, Zac Barnett",2o5jDhtHVPhrJdv3cEQ99Z,A Town Called Paradise,7we1BNenehBwimeIkK0jL0,2014-06-13,249747,0,2015-05-24T14:41:44Z,False
5liV5IampsZ8ux2jjHPKCh,Burning (feat. Dante Kinnunen),"Adrian Lux, Dante Kinnunen",5kp9Qhzri9LrDkzrtjt5Sh,Burning (feat. Dante Kinnunen),5rY8RMOj9nkWvq0rQ3OI5J,2013-07-23,224520,6,2015-05-24T14:34:28Z,False
6kwAbEjseqBob48jCus7Sz,Elastic Heart,Sia,5WUlDfRSoLAfcVSX1WnrxN,1000 Forms Of Fear,3xFSl9lIRaYXIYkIn3OIl9,2014-07-04,257200,76,2015-05-24T00:40:18Z,False
0HFx7PLqzGxSfN59j3UHmR,Want to Want Me,Jason Derulo,07YZf4WDAMNwqr4jfgOZ8y,Want to Want Me,1SFUdxOO5cvoDlKFqplE3U,2015-03-09,207719,41,2015-05-24T00:18:38Z,False
5M9jOReAKGZ2AttVefFjTY,Don't Look Down (feat. Usher),"Martin Garrix, USHER",60d24wfXkVzDSfLS6hyCjZ,Don't Look Down (feat. Usher),7e4eCJT5ON1FpJD5Si341e,2015-03-17,223139,64,2015-05-24T00:05:17Z,False
5afHIkEcVhCF1Z1CTqMUXB,Ain't Nobody (Loves Me Better),"Felix Jaehn, Jasmine Thompson",4bL2B6hmLlMWnUEZnorEtG,Ain't Nobody (Loves Me Better),3beitV4REkUMQn4BXZlD8F,2015-03-03,186146,2,2015-05-23T23:19:03Z,False
4iZPNYqzI2L0uwuUKun7Aa,Stole the Show,"Kygo, Parson James",23fqKkggKUBHNkbKtXEls4,Stole the Show,26bzHnyTkFBFHUFeRwFDn7,2015-03-16,222801,56,2015-05-23T19:38:45Z,False
6OayG4DsR0qqB5HRaYbIL0,Insomnia,"Audien, Parson James",4xnMDfgEmXZEEDdITKcGuE,Insomnia,4MMhSTDBQYfrKBy37OqFVF,2015-03-03,214229,0,2015-05-23T06:57:47Z,False
058WYdKjtPVuahMU1ey9DS,Zephyr,Madeon,4pb4rqWSoGUgxm63xmJ8xc,Adventure (Deluxe),3uKLwDjku2Us0c81LEmftR,2015-03-30,220373,34,2015-05-23T04:05:20Z,False
1shDLpsNopiFi72lzxr7mI,On My Way,"Axwell /\ Ingrosso, Axwell, Sebastian Ingrosso",2XnBwblw31dfGnspMIwgWz,On My Way,38cuqZK0U0493cBCNnAVYE,2015-03-12,264786,0,2015-05-23T03:41:34Z,False
3Cc6YrQDYJTiGbThj7eZ0C,"In The Dark (feat. Stahsi, Simon Milan) [Radio Edit]","Mike Metro, Stahsi, Simon Milan",5sGnaeEurnVcLg609iTzxS,In The Dark - Single,3OEKF1A2StYFDl9mclbbXK,2015-04-13,212281,0,2015-05-22T06:31:26Z,False
2cteZrGfB0rOqT55w3HOBf,The Experience,Diversidad,3npj3aVGPT0IVeIkGd6u7L,The experience - Single,1WTFznJGoqopeT5M6QzLrf,2010,255797,6,2015-05-22T01:25:46Z,False
4tqktgWqlXEq8z23Ql6acW,Wild Child (feat. J.J.) - Radio Edit,"Adrian Lux, Marcus Schössow, J.J.",5kp9Qhzri9LrDkzrtjt5Sh,Make Out,4i76B5mKNa8sSPrSCgL8ZP,2014-06-03,161586,18,2015-05-22T01:20:39Z,False
6Xg9Rc5HTxR3q17cBcWfvp,Damaged - Radio Edit,Adrian Lux,5kp9Qhzri9LrDkzrtjt5Sh,Make Out,4i76B5mKNa8sSPrSCgL8ZP,2014-06-03,166253,29,2015-05-22T00:54:05Z,False
2vNakF5RMvfDqZ8Xsqb5Hi,Fireflies - Radio Edit,"John Dahlbäck, Melanie Fontana",15xvsJMf8phaNa1LYvL9Qv,Fireflies,2rEYrcm38ximmtpfOjAfxo,2014-07-07,223125,0,2015-05-22T00:46:58Z,False
7IvHLBFvLKLvgp9ayEGxGl,Illuminate,"AFROJACK, Matthew Koma",4D75GcNG95ebPtNvoNVXhz,Forget The World (Deluxe),7eIdlHTVcGUhf6WGGffQES,2014-01-01,277550,0,2015-05-22T00:09:17Z,False
0d28khcov6AiegSCpG5TuT,Feel Good Inc.,"Gorillaz, De La Soul",3AA28KZvwAUcZuOKwyblJQ,Demon Days,0bUTHlWbkSQysoM3VsWldT,2005-05-23,222640,89,2015-05-21T23:50:12Z,False
6D5pfooPP6hi99RaXjkDsP,Summertime Sadness [Lana Del Rey vs. Cedric Gervais] - Cedric Gervais Remix,"Lana Del Rey, Cedric Gervais",00FQb4jTyendYWaN8pK0wa,Summertime Sadness [Lana Del Rey vs. Cedric Gervais] (Cedric Gervais Remix),3GljjAP9QIKRQXeKoXHRnH,2013-02-01,214912,5,2015-05-20T05:04:40Z,False
1zsDbmrf4ZkjW5hsSsaDjO,Born Slippy (Nuxx),Underworld,1PXHzxRDiLnjqNrRn2Xbsa,1992 - 2012,43baGAToTn6j7MMy7YU0yT,2014-01-01,456480,1,2015-05-18T14:28:32Z,False
3QzHExZXuIs4jvxco5thkX,One By One,The Ting Tings,2wvUfjKGoXvcnDHq7GgMOa,Sounds From Nowheresville,0QIejPRoiPns3DiaJER8sD,2012-02-24,224853,18,2015-05-18T14:14:21Z,False
6Ua9Ylv2V1BXtjAaa3MPDs,Cool,"Alesso, Roy English",4AVFqumd2ogHFlRbKIjp1t,Cool,1NctrkkLltuUuZvPcLP1Jb,2015-02-16,221666,0,2015-05-15T13:17:01Z,False
2rhGDOrcHcEWB12BdnFMEy,Barely Holding On - Extended Vocal Mix,Hard Rock Sofa,6iBOcuDTJKItKor6YfzZa9,Sirup Dance Anthems «Ibiza 2010»,4YKt0MC8IVJH3UoJv6BYAT,2010-06-01,473988,0,2015-05-15T12:56:42Z,False
6nWw8hGXRLAc11DTdlSyQr,HEX - Original Mix,"Tommy Trash, Wax Motif",1tBU8jUEdVR3mqSsAqEGfD,HEX,0JMkx1WeDPPCpSaStFPpOQ,2014-11-03,314758,0,2015-05-14T22:54:18Z,False
13qqdlSeF8FcxsRyapDMZ0,Changes,"Faul & Wad, PNAU",6HUm6AHJE0oisACMN6NNJ5,Changes,2TQZYFed2I2ajTSzwZV7ag,2013-11-15,345173,2,2015-05-14T20:48:37Z,False
6PgsPGnMuzw59euz31htCT,Wrong Club,The Ting Tings,2wvUfjKGoXvcnDHq7GgMOa,Super Critical,3vpgRFf7NYhaXbCcJadtbJ,2014-10-27,257385,0,2015-05-14T05:28:50Z,True
5U2mg6BAKhffYt8iTbuWkK,Boom Clap - Aeroplane Remix,"Charli xcx, Aeroplane",25uiPmTg16RbhZWAqwLBy5,Boom Clap (Remixes),3nDAlW0EIYYczkY0cMrqFl,2014-07-20,316986,17,2015-05-14T04:21:42Z,False
2sBWCCylFvS2wEIaW4NTv8,Reload - Vocal Version / Radio Edit,"Sebastian Ingrosso, Tommy Trash, John Martin",6hyMWrxGBsOx6sWcVj1DqP,Reload (Vocal Version / Remixes),2z4DeNOd4x5eQjRtaP0gEy,2013-01-01,221280,0,2015-05-14T04:15:13Z,False
5Ed6zPsf01JZxGhOtA46tk,Satellite Mind,Metric,1rCIEwPp5OnXW0ornlSsRl,Fantasies,3Oj8FdHcV6kAiOVWfkqRaA,2009-04-14,222960,0,2015-05-12T03:37:26Z,True
2B8eAzF1rlTOLynq5zgXsG,Never Say Goodbye - Radio Edit,"Hardwell, Dyro, Bright Lights",6BrvowZBreEkXzJQMpL174,Never Say Goodbye,6xFpIEFIAyQyiFmrOgzh3D,2013-06-21,204942,0,2015-05-11T12:16:06Z,False
20rulBPGQYhekQ4EK1dUWU,Don't Give Up - Original Mix,"Kill The Buzz, David Spekter",0QZSzSj4BDYFARD2hZ7oNI,Don't Give Up,2fwb5z7wnu7XuJSYOxjMqz,2015-05-11,288809,0,2015-05-11T12:01:21Z,False
4LpOPF5RXZhS1GLzclhyaT,My Favourite Game,The Cardigans,1tqZaCwM57UFKjWoYwMLrw,Best Of,5wuDCQ0ETSqaYPRhFvoeDY,2008-01-25,220413,0,2015-05-11T05:56:45Z,False
4MGx3WGUr8utOFBaHUJjpg,Wildfire - Radio Edit,Borgeous,4uiMn2g0pgTrhN096QJhbp,Wildfire,3awCGRZledVE7FwVWf5ax3,2014-06-23,225117,0,2015-05-11T05:23:16Z,False
3u9fHuAtjMY1RW2mZfO4Cf,Gangsta's Paradise (feat. L.V.),"Coolio, L.V.",3y24n3XhZ96wgwRXjvS17T,Gangsta's Paradise,3gj5MfnW3Oud8Ji1n7Tops,1995-11-07,241933,4,2015-05-11T03:50:00Z,False
7tCs7rPJcveXTAAAG9lPgu,Eclipse/Blue (feat. Kazu Makino),"Nosaj Thing, KAZU",0IVapwlnM3dEOiMsHXsghT,Home,4aEu59xNuAebcY131BUhrm,2013-01-22,269226,0,2015-05-11T03:12:42Z,False
4KRkEk3K81E6jUYSBSXWt2,Crazy - Nôze Remix Extended Club Version,"Ornette, Nôze",4aFYimqZKXJSWQfY7U8RAo,All Gone Pete Tong & Booka Shade Ibiza 2012,10ShIaQOkxbXPtLQh4GMcR,2012-06-25,359835,0,2015-05-11T03:05:41Z,False
4XADaL6Bbz8TZt3w3kbb0I,Say My Name (feat. Zyra),"ODESZA, Zyra",21mKp7DqtSNHhCAU2ugvUw,Say My Name (feat. Zyra),4W6KRr4zYDt7ZCpBGYwpvM,2014-08-19,262956,0,2015-05-11T01:18:19Z,False
3DGJis28dEC0AWW4TMzLza,They Don't Know Us - Radio Edit,Borgeous,4uiMn2g0pgTrhN096QJhbp,They Don't Know Us,3siezmteHHaGG3yYuehW4i,2015-01-01,197267,0,2015-05-11T01:07:30Z,False
2Mh0jU5IyRTQfpyMnvki5Z,Let You Go - Radio Edit,"The Chainsmokers, Great Good Fine Ok",69GGBxA162lTqCwzJG5jLp,Let You Go (Radio Edit),6byfYx5eA7Htb7a5v76LPB,2015-03-03,218973,51,2015-05-11T01:03:08Z,False
1lcvKDTQRYCg15dRDdyFNj,Push (feat. Andrew Wyatt),"A-Trak, Andrew Wyatt",3TaUSUXn41GixL7zbvrIDt,Push,4DVGYtPkaLRhYjPgYuz3jS,2014-11-25,213511,0,2015-05-11T01:00:09Z,False
3kJRBUfW9qhYkWnlIBFAMw,Bang My Head (feat. Sia),"David Guetta, Sia",1Cs0zKBU1kc0i8ypK3B9ai,Listen,77UW17CZFyCaRLHdHeofZu,2014-11-10,233266,46,2015-05-10T21:04:49Z,False
1YRjRHdl0aEtzHEn1uGi8k,What I Did for Love (feat. Emeli Sandé),"David Guetta, Emeli Sandé",1Cs0zKBU1kc0i8ypK3B9ai,Listen,77UW17CZFyCaRLHdHeofZu,2014-11-10,207200,54,2015-05-10T21:02:07Z,False
3FrX3mx8qq7SZX2NYbzDoj,Who's That Chick? (feat. Rihanna),"David Guetta, Rihanna",1Cs0zKBU1kc0i8ypK3B9ai,Who's That Chick?,3T3MLtb5e99Gycmojic6h9,2010-12-06,201040,48,2015-05-10T21:01:09Z,False
3joCfQaNHoW7xrh7dImwiN,Bye Bye Macadam,Rone,3Dw9w3jnmr58ocgxiwITcq,Tohu Bohu,4wOVtHkQG6E190yK27b0hk,2012-11-05,265250,47,2015-05-10T19:30:42Z,False
087ID7Xb9l8GUSeV8vSdT4,We Are Electric (feat. Simon Wilcox),DVBBS,5X4LWwbUFNzPkEas04uU82,We Are Electric (feat. Simon Wilcox),2SCLcSzD558jYtQFxCq0oU,2013-02-26,265117,21,2015-05-10T13:19:00Z,False
2HMLu8Juqddy9o4UiR7aXM,Miss My Love - Original Mix,Thee Cool Cats,2B8pwCMMgvApPWlixiXAfL,Stay Trill EP,5vtwfAuaLuUWSoKAgktMv5,2013-02-26,307636,12,2015-05-10T05:55:28Z,False
1PvYqxVaUdpsytouzTaaoP,Loveweights,"Indian Summer, Shaqdi",6YwUsDilKZv99CGYmMYh0G,Loveweights,0OqKdKRo6Pb8eXav1D1UC9,2014-12-19,224400,0,2015-05-10T05:50:36Z,False
2pucDx5Wyz9uHCou4wntHa,Inspector Norse,Todd Terje,49gaZqfow2v8EEQmjGyEIw,It's the Arps,68zh8sbZPMeJb7GnqomRJS,2012-01-09,400751,1,2015-05-10T05:41:44Z,False
1fMyrxodAeDt27c85sEdf2,Exit Wounds,Placebo,6RZUqkomCmb8zCRqc9eznB,Loud Like Love,1I7nurs0QFuIrDPXjdx96L,2013-01-01,348080,0,2015-05-10T04:11:44Z,False
1J4pINOGS2ITvOOYN15KFY,Rob The Bank,Placebo,6RZUqkomCmb8zCRqc9eznB,Loud Like Love,1I7nurs0QFuIrDPXjdx96L,2013-01-01,216733,0,2015-05-10T04:02:33Z,False
4wocVgDIhqrXaarBj1qM6y,Too Many Friends,Placebo,6RZUqkomCmb8zCRqc9eznB,Loud Like Love,1I7nurs0QFuIrDPXjdx96L,2013-01-01,214640,0,2015-05-10T03:44:37Z,False
04nTHo6rcRMLWPf6fJa6lN,Out Of Time - Original Mix,Teenage Mutants,3IFgjVPT8yeB4UnJCWOpZA,Out Of Time,3RLbmfFNP8VwHQIOrwQFsC,2012-11-19,426097,3,2015-05-09T17:42:54Z,False
75kMrDKPJJpgEQaXVh7QMB,Pray to God (feat. HAIM),"Calvin Harris, HAIM",7CajNmpbOovFoOoasH2HaY,Motion,48zisMeiXniWLzOQghbPqS,2014-10-31,232226,63,2015-05-09T17:34:43Z,False
4J7CKHCF3mdL4diUsmW8lq,Under Control (feat. Hurts),"Calvin Harris, Alesso, Hurts",7CajNmpbOovFoOoasH2HaY,Motion,48zisMeiXniWLzOQghbPqS,2014-10-31,184280,74,2015-05-09T17:33:24Z,False
7zMnniaKZXWFebQ9lb982D,Nothing’s Forever (feat. Kučka),Paces,5xO9868Xc1mjAzmaN1efoK,Nothing’s Forever (feat. Kučka),0nJFZ1NgOwB8SEKjKfDeVj,2015-02-12,238821,0,2015-05-09T17:21:47Z,False
5RJc9Ex116Dx1zHGUOZGgX,Benediction,Hot Natured,4aKZ8rfdsQeR7YSskFu9V3,Different Sides Of The Sun,5w2vOtzeCbWhxcrHTzkwO6,2013-08-30,399310,55,2015-05-09T17:18:07Z,False
5F8WC0k8QduVqZqaMATq5G,Physical Control,Hot Natured,4aKZ8rfdsQeR7YSskFu9V3,Different Sides Of The Sun,5w2vOtzeCbWhxcrHTzkwO6,2013-08-30,311412,15,2015-05-09T17:09:48Z,False
0RkILrdooKw8fyUsalS9d7,Mercury Rising (feat. Anabel Englund),"Hot Natured, Anabel Englund",4aKZ8rfdsQeR7YSskFu9V3,Different Sides Of The Sun,5w2vOtzeCbWhxcrHTzkwO6,2013-08-30,323382,21,2015-05-09T16:57:14Z,False
3Oq5pVk50dDbkK1MgoOWp6,Chained - LIAR Remix,The xx,3iOvXCl6edW5Um0fXEBRXy,Chained (LIAR Remix),6HrD4wpVXVfXkZP1gxcKyH,2013-07-29,247568,0,2015-05-09T16:27:56Z,False
3iyjOwyySLRDEW2tqP7MhX,Read My Mind,The Killers,0C0XlULifJtAgn6ZNCW2eu,Sam's Town,62zNw66LWCYoYSPGkJ2qCm,2006-10-03,246840,1,2015-04-19T04:44:46Z,False
1lDWb6b6ieDQ2xT7ewTC3G,Somebody Told Me,The Killers,0C0XlULifJtAgn6ZNCW2eu,Hot Fuss,6TJmQnO44YE5BtTxH8pop1,2004-06-15,197160,1,2015-04-19T04:32:11Z,False
0eGsygTp906u18L0Oimnem,Mr. Brightside,The Killers,0C0XlULifJtAgn6ZNCW2eu,Hot Fuss,6TJmQnO44YE5BtTxH8pop1,2004-06-15,222075,8,2015-04-19T04:24:51Z,False
74ezAEGrO7LxXTp17THJqF,Nobody To Love - Third Party Remix,"Sigma, Harry Bass, Jonathan Macaire",01pKrlgPJhm5dB4lneYAqS,Nobody To Love (Remixes Two),7o27Wb0HFPzPKbhJ90HD5v,2014-01-01,317045,0,2015-04-16T05:29:53Z,False
1yAAmuuGbPc6U6nsZHWliT,My Head Is A Jungle - MK Remix - Radio Edit,"Wankelmut, Emma Louise, MK",01e2lCvLZ4fLUIRy68nptH,My Head Is A Jungle (MK Remix),45pS3qDQyuCSRQpQHht9pf,2013-01-01,205360,44,2015-04-16T05:05:05Z,False
3kJf8t3F3cN5BgOsCqSfOd,Stay The Night - Featuring Hayley Williams Of Paramore / Nicky Romero Remix,"Zedd, Hayley Williams, Nicky Romero",2qxJFvFYMEDqd7ui6kSAcq,Stay The Night (Remixes Featuring Hayley Williams Of Paramore),17Blm42lNTcEbZeInHEuJE,2014-01-01,337146,0,2015-04-16T04:44:43Z,False
0QC6QMN85EQZzfJ39HNO5h,Higher,"Sigma, Labrinth",01pKrlgPJhm5dB4lneYAqS,Higher,3qqNK0vVuCtPUYR7PNAkOF,2015-02-23,181052,0,2015-04-16T04:31:20Z,False
3FQc4HqsU3fc0aj5gI7eKA,Hipsta,"Timmy Trumpet, Chardy",0CbeG1224FS58EUx4tPevZ,Hipsta,5gXCfz6v98rBb4uSD5COKQ,2015-02-20,232846,27,2015-04-16T04:18:06Z,False
4I9P6xeexs2e1RdC63lqZS,Wolves - Extended Mix,"Digitalism, Youngblood Hawke",2fBURuq7FrlH6z5F92mpOl,Wolves (Remixes),6xBLCFq7C2NnM9POND80I6,2014-06-23,357007,0,2015-04-10T00:42:51Z,False
0BF6mdNROWgYo3O3mNGrBc,Lean On (feat. MØ & DJ Snake),"Major Lazer, MØ, DJ Snake",738wLrAtLtCtFOLvQBXOXp,Lean On (feat. MØ & DJ Snake),1SI0AMK6rb2J8S0Jazli9D,2015-03-02,176561,2,2015-04-09T14:47:33Z,False
57orjwGtzg4CDunqhIGuMq,Second Chance - Capa Remix,"Digitalism, Capa (Official)",2fBURuq7FrlH6z5F92mpOl,Second Chance (Remixes),0a7oIWIXqbQsW92IRCaVkt,2015-03-16,342000,11,2015-04-05T15:48:46Z,False
0qDBPHQA0z1quCSeqQrbzn,Wolves,"Digitalism, Youngblood Hawke",2fBURuq7FrlH6z5F92mpOl,Wolves,0HV9znyu4F3RUlNt4cW1y2,2014-05-06,190777,0,2015-04-05T15:36:01Z,False
0mi9zOPOn3VAbHetNJ1MGB,Wolves - RAC Remix,"Digitalism, Youngblood Hawke, RAC",2fBURuq7FrlH6z5F92mpOl,Wolves (Remixes),6xBLCFq7C2NnM9POND80I6,2014-06-23,305277,0,2015-04-04T23:09:06Z,False
43thd0A4WmzgFd58EcdYLD,Circles,Digitalism,2fBURuq7FrlH6z5F92mpOl,"I Love You, Dude",2aW0F4d3ZZmQZUBSgCQAS8,2011-01-01,227520,0,2015-04-04T21:48:30Z,False
4y6c5vMzKKM3KsMbHtjKx5,Stronger,Kanye West,5K4W6rqBFWDnAN6FQUkS6x,Graduation (UK Version),0EXLFY4NFNx4FlpAlFO7ly,2007-09-11,311866,7,2015-04-01T13:21:22Z,True
4h3mvydH0AX4z3MHxIWRJU,Let Me Down Gently,La Roux,3K2zB87GZv1krx031en5VA,Trouble In Paradise,5iLwH8imGCQvvGQuAvp0vr,2014-01-01,340466,0,2015-03-31T20:24:36Z,False
55SfSsxneljXOk5S3NVZIW,Cassius,Foals,6FQqZYVfTNQ1pCqfkwVFEa,Antidotes,4FIDNlGVXZ4pCxdMjJXHoE,2008-03-21,229520,20,2015-03-31T16:19:27Z,False
5Zp4SWOpbuOdnsxLqwgutt,At Home,Crystal Fighters,75EZuo5MHV2572NRpMWotC,Star Of Love,1bj3W2riKHMas7gH2TxNrn,2010-10-03,306440,0,2015-03-26T00:24:20Z,False
71GqP05AEkzTSSKbNx6HAR,Plage,Crystal Fighters,75EZuo5MHV2572NRpMWotC,Star Of Love,1bj3W2riKHMas7gH2TxNrn,2010-10-03,230493,0,2015-03-26T00:17:29Z,False
0rcUjGdj3MxR1yaspIxxJX,She Wolf (Falling to Pieces) [feat. Sia] - Ambient Version,David Guetta,1Cs0zKBU1kc0i8ypK3B9ai,She Wolf (Falling to Pieces) [feat. Sia],4bOquAnBK50o5SupKQmdJt,2013-01-11,196153,40,2015-03-23T13:46:22Z,False
3KpuzMiyy9kZzMpqIpDAHx,Corinne,Metronomy,54QMjE4toDfiCryzYWCpXX,The English Riviera,0KhwLl8JKnXaf6KQKBtMZL,2011-04-08,196040,0,2015-03-19T14:29:07Z,False
7BuynvoA4xIt9LIwqhLwRu,Love Don't Let Me Go (Walking Away) (David Guetta vs. The Egg),"David Guetta, The Egg",1Cs0zKBU1kc0i8ypK3B9ai,One More Love,5DJc5qCdB5pPrDO97LXjeW,2010-11-22,191106,36,2015-03-17T14:45:01Z,False
1jf4zm3rN0CtpHED3g8umw,The Alphabeat - Radio Edit,David Guetta,1Cs0zKBU1kc0i8ypK3B9ai,The Alphabeat (Radio Edit),4mgttktrNENk1Z2d46jS3H,2012-03-23,205591,21,2015-03-17T14:03:55Z,False
1PHKYn3cci7newB5lJhtYK,Love Alight,Crystal Fighters,75EZuo5MHV2572NRpMWotC,Love Alight,5ELgwx37n3krdFUk5TdEJE,2014-06-18,179414,0,2015-03-16T00:44:40Z,False
2uJbhrIxC7zM62eBmPNApQ,You & I - Zach Mayer Remix,Crystal Fighters,75EZuo5MHV2572NRpMWotC,You & I Remixes 2,3mjs3OBOqzVIDfXkHnefWh,2013-07-28,315692,0,2015-03-16T00:19:47Z,False
4xdVnkApEE0grOt1JIptw7,Swallow,Crystal Fighters,75EZuo5MHV2572NRpMWotC,Star of Love (+ acoustic version),5z6klKjs2g01A8z5sHljhQ,2011-01-24,271600,0,2015-03-16T00:04:43Z,False
3xV1TAXIqhNELrpKE8OiS2,LA Calling - Radio Edit,Crystal Fighters,75EZuo5MHV2572NRpMWotC,LA Calling,0Ei3ObmFPm2ncCzMBchHoD,2013-09-30,221195,0,2015-03-15T23:57:18Z,False
438iIWykacbitUjQ9owSV7,Champion Sound - Acoustic Version,Crystal Fighters,75EZuo5MHV2572NRpMWotC,Star of Love (+ acoustic version),5z6klKjs2g01A8z5sHljhQ,2011-01-24,230400,0,2015-03-15T23:46:32Z,False
3gNGi2iUGHXGpBQHce6Nua,When You Were Young,The Killers,0C0XlULifJtAgn6ZNCW2eu,Sam's Town,62zNw66LWCYoYSPGkJ2qCm,2006-10-03,220426,2,2015-03-11T01:50:32Z,False
3yoWBFuanYVmwbJ4jF0AQi,Could You Be Loved,Bob Marley & The Wailers,2QsynagSdAqZj3U9HgDzjD,Legend (The Definitive Remasters),4qsXcmAgPNSliu6oMQGOQ9,1984,237133,0,2015-03-10T06:48:38Z,False
6qTRo9rHGyjtc4FlTuQesc,Foreigner,Juan Zelada,2DtkSCZKyCMiDWdCxEDxpF,Back on Track,4S0O46SyGXVJQam8i8eEQo,2015-01-20,170000,0,2015-03-09T22:59:22Z,False
59QNYJwQhLWWZmem0TTSDk,Resurrection - Axwell's Recut Club Version,Michael Calfan,4CuipEvwcoQggmCV8jpKF9,Resurrection,1ymTbraNSglNM1DOWtARAh,2011-12-05,300585,0,2015-02-28T20:52:26Z,False
6a2HtT0P2ZbD2oY1ZJFrxS,SLVR,"Steve Angello, Matisse & Sadko",4FqPRilb0Ja0TKG3RS3y4s,SLVR,4vXgeteX8QlUy7vKPUe0vK,2013-08-26,306586,0,2015-02-16T16:52:43Z,False
2Lv7vYpPx68ttqspWdMnvw,Payback,"Dimitri Vangelis & Wyman, Steve Angello",10hGPIDZi33LRaYRIq3Bh4,Payback,2N6nSi9sTO5Tvfq0bEmRc0,2014-04-21,349506,0,2015-02-16T16:39:04Z,False
1y4Kln6VEjQMpmHW7j9GeY,Cut Your Teeth - Kygo Remix,"Kyla La Grange, Kygo",6KcmUwBzfwLaYxdfIboqcp,Cut Your Teeth (Kygo Remix),2i4AbvFA9e6XszmH1x4G2h,2014-03-14,399013,55,2015-02-15T13:56:30Z,False
3OwPSJu609AMzotCEyoMiO,The Nights,Avicii,1vCWHaC5f2uS3yhpwWbIA6,The Days / Nights,6bV4Ee8NU7YubrdPec3ab5,2014-12-01,176658,4,2015-02-14T18:07:02Z,False
5619Ojc6t9evEEs3B7Drhe,Shake It,Metro Station,7vXwfZyDp3spzIVNXDaTPN,Metro Station,2tZnyjZ6Orm55gE8bqJ3UG,2007-09-18,179946,66,2015-02-13T09:09:04Z,False
5WQ1hIc5d2EVbRQ8qsj8Uh,Hey Ya! - Radio Mix / Club Mix,Outkast,1G9G7WwrXka3Z1r7aIDjI7,Speakerboxxx/The Love Below,00XMrHZoOsYLmiyx890axX,2003-09-23,235213,4,2015-02-13T09:07:27Z,False
2wBCmDu6UQUSL6MDoWCXSK,L.A.LOVE (la la),Fergie,3r17AfJCCUqC9Lf0OAc73G,L.A.LOVE (la la),3c7IQMlRkwb4rT02StEW1m,2015-01-15,192653,0,2015-02-12T06:56:27Z,False
3AA8xNhDC0MpqwkGX3EP5V,If I Ever Feel Better,Phoenix,1xU878Z1QtBldR7ru9owdU,United,5MBUL8d9FAYCCMrogOFX68,2000-03-06,266600,64,2015-02-12T06:16:37Z,False
3ScJy88F8KqGDfWu8XJhHx,If I Lose Myself - Alesso vs OneRepublic,"OneRepublic, Alesso",5Pwc4xIPtQLFEnJriah9YJ,Native,42UJjk8i8L0De7lQtu7sqi,2014-01-01,215186,73,2014-11-20T06:05:02Z,False
5tQKprSOVVvADqldAJVYzI,Runaway - Remastered 2006,Jamiroquai,6J7biCazzYhU3gM9j1wfid,High Times: Singles 1992-2006 (Remastered),6bxhCuuhyD3zQOGZwrBduo,2006-11-06,225320,0,2014-11-20T04:58:39Z,False
1B3YzCeIj7uQCykPRdQDj2,Runaway - Remastered,Jamiroquai,6J7biCazzYhU3gM9j1wfid,Runaway,0K00ReBg0HuO94dAcnsQRl,2006-10-27,226413,0,2014-11-20T04:41:03Z,False
7BZUuaMR3dN9GYdpAGYyJy,White Knuckle Ride,Jamiroquai,6J7biCazzYhU3gM9j1wfid,Rock Dust Light Star,5tyn9W3Nd5ejFm4t06tlWV,2010-11-01,217200,0,2014-11-20T04:39:29Z,False
2ihCaVdNZmnHZWt0fvAM7B,Little Talks,Of Monsters and Men,4dwdTW1Lfiq0cM8nBAqIIz,My Head Is An Animal,4p9dVvZDaZliSjTCbFRhJy,2012-01-01,266600,81,2014-11-20T04:31:01Z,False
7CZBN6FOTHgov589VF4hnG,Pogo - Radio Edit,Digitalism,2fBURuq7FrlH6z5F92mpOl,Pogo,180R0WgYXrHghEzJWdRT6f,2012-11-05,186293,0,2014-11-19T06:50:49Z,False
4CLZlTPjaKqbadAJc031OQ,Pogo,Digitalism,2fBURuq7FrlH6z5F92mpOl,Idealism,1tI2KRkbdaxI1lVUDW8F7S,2007-05-09,226466,0,2014-11-19T06:43:23Z,False
5fnA9mkIfScSqHIpeDyvck,Prayer in C - Robin Schulz Radio Edit,"Lilly Wood and The Prick, Robin Schulz",50OApTJurDusIo9dGTqSU4,Prayer in C,6Ps0kbvAjuz75uK0uuZzWa,2014-05-16,189413,76,2014-11-19T05:23:48Z,False
50NAIobH05JEcGUG8KL4K9,Tokyo by Night - Axwell Remix,"Hook N Sling, Karin Park, Axwell",3iN9k8uvm4WrgdlOigOH8D,Tokyo by Night,0dg6bBZO8VGIrTzJzisHMu,2014-05-12,333812,0,2014-11-18T03:31:56Z,False
47muNlVTjDtQfyUqDaiFlN,Go,"Grimes, Blood Diamonds",053q0ukIDRgzwTr4vNSwab,Go,5UIDadF0rMa4LqHAucuMpK,2014-07-03,240759,0,2014-11-17T22:29:47Z,False
3ckwU0TBQ0NUJ1elmDLMtZ,Happy Go Sucky Fucky,Die Antwoord,6urkHDoIVO1WO8vNIwcJmM,Donker Mag,2ixDAaSvXUpGKat8hMA07G,2014-06-03,251289,0,2014-11-17T22:01:44Z,True
432O5GrOAeH2cDifxJWMjW,Trash,The Whip,4M2H1fDQR5ygAi7MMOVxAA,X Marks Destination,3v6LrVX3DDoeN1Uibs9Ikd,2008-04-06,380733,0,2014-11-17T21:50:03Z,False
5yrHZWuyrOrc4iWnDevono,After Light,Rustie,6YGu0Rv2120wkc4AXZSGgl,Glass Swords,13kdLV4OxOBbqnGcJqkcKS,2011-10-10,222693,0,2014-11-17T21:44:06Z,False
6zQDoXDuByCvjj6YkSJ5WU,Wait For You - Original Mix,"Dannic, Shermanology",1PFc84GHTYPL0G12JHh9Mc,Wait For You,3MfiS87KGZuGjdSfG24rQV,2014-11-17,388124,0,2014-11-17T21:20:42Z,False
4KHDdWCH1NCtFv2mVGNkCH,Apollo - Original Mix,"Hardwell, Amba Shepherd",6BrvowZBreEkXzJQMpL174,Apollo,0W6CEa78T80h3cuXLx8hFC,2012-12-10,311445,0,2014-11-17T01:21:04Z,False
5EOo9MsHAKZoNlZZDPrBXY,She Wolf (Falling to Pieces) [feat. Sia],"David Guetta, Sia",1Cs0zKBU1kc0i8ypK3B9ai,She Wolf (Falling to Pieces) [feat. Sia],4bOquAnBK50o5SupKQmdJt,2013-01-11,222500,44,2014-11-16T20:43:38Z,False
1Nivqu7wynKsgguBmgC6Vw,Bad (feat. Vassy) - Radio Edit,"David Guetta, Showtek, VASSY",1Cs0zKBU1kc0i8ypK3B9ai,Lovers on the Sun EP,7kGfNb6k7XILgPtIHTFrQL,2014-06-30,170625,43,2014-11-16T20:43:34Z,False
0KZt1g5kiofhQypH13qlNq,Metropolis,"David Guetta, Nicky Romero",1Cs0zKBU1kc0i8ypK3B9ai,Metropolis,7yncLuanazVukNqnAbeLEr,2012-06-22,330013,23,2014-11-16T14:28:00Z,False
5vZfYjh8f7RFADejti0rLD,Siren - Radio Edit,"Kat Krazy, Elkka",60PKQFvtGXaQWYfVixrrDk,Siren (Remixes),3P3U8jTLSNaTEQE0SlYMEL,2013-06-02,223059,0,2014-11-11T21:15:11Z,False
3s4U7OHV7gnj42VV72eSZ6,Rather Be (feat. Jess Glynne),"Clean Bandit, Jess Glynne",6MDME20pz9RveH9rEXvrOM,Rather Be (feat. Jess Glynne),4UB0J5V3JsZZtNR360pZ6r,2014-01-17,227833,73,2014-11-09T21:40:17Z,False
4qGI2JeyPlRgnfGB7J0Zo6,Partouze,"Steve Angello, Sebastian Ingrosso",4FqPRilb0Ja0TKG3RS3y4s,The Grand,2VI17DUkhrrAx5th7dGwAV,2009,129346,0,2014-11-09T21:13:37Z,False
1rf3C6fWUJU2puq8Smqph9,Dangerous (feat. Sam Martin),"David Guetta, Sam Martin",1Cs0zKBU1kc0i8ypK3B9ai,Dangerous (feat. Sam Martin),5O1BJROkKrfrL18oO8v2LU,2014-10-06,203641,43,2014-10-22T00:41:29Z,False
2yv5k06pZ39cWs6IEL3pHa,Young Again - Radio Edit,"Hardwell, Chris Jones",6BrvowZBreEkXzJQMpL174,Young Again,2vADhPGUhvu38Gh4PYGLgP,2014-10-17,219631,0,2014-10-21T22:53:25Z,False
0wczyxiEp32k18U2eOfHMY,I Just Want You to Know,"Sldghmr, You Love Her Coz She's Dead",6lUC9yjB3wffaQK4WKD0N2,Reset EP,33Cq2gOt5KcHEiThamXcQS,2013-05-14,252386,0,2014-10-15T04:57:12Z,False
5PhgIoXTSE51GwHKbdJiwR,Blood Lust,You Love Her Coz She's Dead,7s38f8JamnQAx51YsYRvPN,Kitsuné: Inner City Angst - EP,5gFigDh5XjfjQZDbY5Jg8T,2008-11-17,245333,0,2014-10-15T04:45:15Z,False
1XGkv56yztms2CbhTcfK0G,Superheroes,You Love Her Coz She's Dead,7s38f8JamnQAx51YsYRvPN,Kitsuné: Inner City Angst - EP,5gFigDh5XjfjQZDbY5Jg8T,2008-11-17,165400,0,2014-10-15T04:40:19Z,False
2X6gdRlGOQgfaXU9ALUQFQ,The Chain,Fleetwood Mac,08GQAI4eElDnROBrJRGE0X,Rumours,63k57x0qOkUWEMR0dkMivh,1977-02-04,271000,1,2014-08-10T17:57:55Z,False
0FrCX7P2C2hcRTcuhjEvK4,Smalltown Boy,Bronski Beat,2wpWOzQE5TpA0dVnh5YD08,The Age Of Consent,7sJwidjwY9gt44I1AioyKm,1984,303306,2,2014-08-10T17:31:03Z,False
3kfmKRaCfuyYk0aaL4jDlI,Fall Back 2U,Chromeo,2mV8aJphiSHYJf43DxL7Gt,White Women,0U78mbujuFjpprS0G9QcTx,2014-05-07,350413,24,2014-08-10T16:18:44Z,False
6sfx6pKo3EKG4B4Wykl19s,Moon Juice,Thriftworks,3M7geqTs4IiGCqaAAZIQ7E,Hydromancy,1Wg2NEJNTlG5GcYnXScJES,2012-11-07,247741,0,2014-08-01T06:57:05Z,False
0pkHYyAIJZICEBaXUCznzN,Falling In Love - Louis La Roche Remix,Crystal Bats,6dFcFdXcDnvv5KzmhycLA7,Majestic Casual - Chapter 2,6aKtMkP3TVvbNCiMq5G24L,2014-07-27,230515,0,2014-07-27T22:58:47Z,False
3TS39If59hqmh0Me2EYcq1,Warm Water - Snakehips Remix,BANKS,2xe8IXgCTpwHE3eA9hTs4n,Majestic Casual - Chapter 2,6aKtMkP3TVvbNCiMq5G24L,2014-07-27,253584,0,2014-07-27T22:58:47Z,False
5y9bM9BJMyDHKY0xVYcIVo,Rose Quartz,Toro y Moi,6O4EGCCb6DoIiR6B1QCQgp,Majestic Casual - Chapter 2,6aKtMkP3TVvbNCiMq5G24L,2014-07-27,253108,0,2014-07-27T22:58:47Z,False
4ck1odV3DkVFENc8vEPtGf,Hot Hands,Darius,5vfEaoOBcK0Lzr07WN8KaK,Majestic Casual - Chapter 2,6aKtMkP3TVvbNCiMq5G24L,2014-07-27,253090,0,2014-07-27T22:58:47Z,False
0CF7nkpvuwLiVRLscXSura,Renee,SALES,6vVztIuqdDHvYWxOEXCzjN,Majestic Casual - Chapter 2,6aKtMkP3TVvbNCiMq5G24L,2014-07-27,179125,0,2014-07-27T22:58:47Z,False
37LMcYpWZykB8lNII1iKOn,Always - Classixx Remix,Panama,3W9UldYu0xJcaOAw2SUTDI,Majestic Casual - Chapter 2,6aKtMkP3TVvbNCiMq5G24L,2014-07-27,331640,0,2014-07-27T22:58:47Z,False
4A8enFiRai3beIh55qH6ZN,Photomaton - Kartell Remix,Jabberwocky,7xfdx6PiB50V9VWI4Mq70R,Majestic Casual - Chapter 2,6aKtMkP3TVvbNCiMq5G24L,2014-07-27,276610,0,2014-07-27T22:58:47Z,False
0KBg3B3CKj8l8y1Sjj4iEh,Deezy Daisy - Oxford Remix,Portland,3t56cz9dhL53ioNIZFCDBo,Majestic Casual - Chapter 2,6aKtMkP3TVvbNCiMq5G24L,2014-07-27,267073,0,2014-07-27T22:58:47Z,False
2FWHju6lxBqrVWMmVlmZ67,La Ballade de Jim,Paradis,1JV4iC1UhplRE8RFr8Q9n9,Majestic Casual - Chapter 2,6aKtMkP3TVvbNCiMq5G24L,2014-07-27,412671,0,2014-07-27T22:58:47Z,False
6DJfXeb6jqYuvIPkKQ2QVt,Elliot,Roosevelt,4AQrqVz6BYwy29iMxcGtx7,Majestic Casual - Chapter 2,6aKtMkP3TVvbNCiMq5G24L,2014-07-27,261211,0,2014-07-27T22:58:47Z,False
6YSyf08mM7yXUmPErsxKPF,Stay With Us,Seoul,3e69LorE0YSsEaYY6x9XuG,Majestic Casual - Chapter 2,6aKtMkP3TVvbNCiMq5G24L,2014-07-27,237945,0,2014-07-27T22:58:47Z,False
5uIZferMoAZ1mlq2nPIEmO,Isolate,"Joe Hertz, Kaleem Taylor",76QHVIjgqlkWB9LNGliman,Majestic Casual - Chapter 2,6aKtMkP3TVvbNCiMq5G24L,2014-07-27,235665,0,2014-07-27T22:58:47Z,False
23UTvPce3pKvhgDQeQXgLE,Under,A.O.S.O.O.N,4iKklgbBptQhEdkFaeE0nT,Majestic Casual - Chapter 2,6aKtMkP3TVvbNCiMq5G24L,2014-07-27,204203,0,2014-07-27T22:58:47Z,True
2L1XidmJeQzwaLLJRO4tSQ,Real,Olly Alexander (Years & Years),5vBSrE1xujD2FXYRarbAXc,Majestic Casual - Chapter 2,6aKtMkP3TVvbNCiMq5G24L,2014-07-27,245762,0,2014-07-27T22:58:47Z,False
3tSFMJUvMkTW5Jy5q11enJ,Reprise - T Hemingway Remix,Gold Panda,6xS3zemJD9h94iueQvGqVk,Majestic Casual - Chapter 2,6aKtMkP3TVvbNCiMq5G24L,2014-07-27,231840,0,2014-07-27T22:58:47Z,False
67Nuf121HAfFXaUpjbglZ4,Solitude,Drew Hill,1rV8CSndUWTaCCUgF7N1wq,Majestic Casual - Chapter 2,6aKtMkP3TVvbNCiMq5G24L,2014-07-27,330177,0,2014-07-27T22:58:47Z,False
0bXlgsEgRQRENAt2wuqV4E,Pretty Thoughts,"Alina Baraz, Galimatias",6hfwwpXqZPRC9CsKI7qtv1,Majestic Casual - Chapter 2,6aKtMkP3TVvbNCiMq5G24L,2014-07-27,211801,0,2014-07-27T22:58:47Z,False
4oepJfzPHH3Vv53K4TX8AA,Easy Yoke,Kinnship,58fzPwxNFw1Ae500uB038l,Majestic Casual - Chapter 2,6aKtMkP3TVvbNCiMq5G24L,2014-07-27,283050,0,2014-07-27T22:58:47Z,False
1QfafdiychoTQRe06TJQit,Let Down,Bored Nothing,0w0zedaWD9qsewc0ikjD9z,Majestic Casual - Chapter 2,6aKtMkP3TVvbNCiMq5G24L,2014-07-27,253280,0,2014-07-27T22:58:47Z,False
63MUg41pBCQ1Usu23cb6wP,You Won't Forget Tonight,"Jessie Andrews, Comets We Fall",5q3Bdvbj3wNIZ2QljkbtSs,Majestic Casual - Chapter 2,6aKtMkP3TVvbNCiMq5G24L,2014-07-27,262753,0,2014-07-27T22:58:47Z,False
6Mh0sMIU2vEtI8DhnFsicb,Romanticise,Chela et Cetera,6ifwtjnyBErm69itobvpyn,Majestic Casual - Chapter 2,6aKtMkP3TVvbNCiMq5G24L,2014-07-27,213599,0,2014-07-27T22:58:47Z,False
4zeyuth639xf2hmBSWUp92,The Last Song,"Tom Misch, Carmody",1uiEZYehlNivdK3iQyAbye,Majestic Casual - Chapter 2,6aKtMkP3TVvbNCiMq5G24L,2014-07-27,294910,0,2014-07-27T22:58:47Z,False
