track_id,track_name,duration_ms,popularity,explicit,key,mode,tempo,time_signature,preview_url,artist_genres
2icwxIbOUTmvHcF4SRkEjQ,Night Moves,296565,0,False,,,,,,nu disco
0hJe1vYGNravpYXAzRA3mx,VTOPIA,382943,43,False,,,,,,"melodic techno, techno, acid techno, melodic house"
6jBNUlTbv3fyn5t4izsdMa,again,255213,1,False,,,,,,"anime, j-pop, j-rock"
4pBufwWdo0Cfiq5gLvatT2,CHROMA 005 A.L.O.E,310066,28,False,,,,,,dub techno
49ClMrWOGPPeeuSKOGQ76C,Places,218004,0,False,,,,,,tekno
705464kArbZGSFRkdEoQ2L,Reverie,520190,23,False,,,,,,"melodic techno, melodic house"
0ctaAzM5shcfvJnQmIEGsz,Follow Me - Lange Vs. DJ Jam X & De Leon Remix,459106,25,False,,,,,,"trance, progressive trance, trance, progressive trance"
2Dfu95s1P62yfY5Ttekwgh,Spectrum (ASOT 818),265171,1,False,,,,,,"trance, progressive trance, trance, progressive trance"
4o9XrRSQhyCi8O3jglCaIg,Apocalypse,320000,32,False,,,,,,"melodic techno, melodic house, techno"
36FYGGxyVkRvzxRPy6gohO,Vanishing Point,399617,0,False,,,,,,"melodic techno, melodic house, progressive house"
1rbJVNRXE8jASvaAzWw9s8,Diving with Whales - Daniel Portman Radio Mix,268292,27,False,,,,,,"deep house, melodic house, progressive house, house, progressive house, melbourne bounce, minimal techno, melodic techno, melodic house"
1D3hoEs8rqnZIQ4OERkj3k,People,289552,7,False,,,,,,nu disco
3JG2Du9zu34cxWDTytS2sI,Sunset,328533,0,False,,,,,,"melodic house, melodic techno, progressive house"
3ytB36asCsmd9gKd30Negg,Painfully - Dub Mix,445743,21,False,,,,,,"melodic techno, melodic house, techno, minimal techno"
2kMjk14RmYyYhhSbipoa9U,The Sharpest Lives,200880,70,False,,,,,,"emo, pop punk"
4jEiAVZAmiqzhLaYh0dD7W,No Promises (feat. Demi Lovato) - Club Edit,285057,20,False,,,,,,
2gHhVQLkEn5HdKrfxMrXQM,Huys,440454,22,False,,,,,,techno
0LvTWZYF3PktiCX9MhZmsa,Minotaur,428000,0,False,,,,,,"techno, acid techno, minimal techno, hard techno"
6qCXdVh110E8HmfbPDaazn,It's Easier,197226,0,False,,,,,,
147fFC2gtiRMw9KMmhxVgP,Skeleton,196653,37,False,,,,,,indie rock
0QHnxQsdunrlmduVLPQCNy,Can't Go Home (feat. Adam Lambert) - Radio Edit,183576,32,False,,,,,,"electro house, edm, tropical house"
2nNx5HLWtOyiGeF27MfAEN,Seastar II - Simox Remix,281000,2,False,,,,,,"hard techno, acid techno"
2vl9yXYJmoKbv72pUIxoue,Apollo 11,464646,44,False,,,,,,"minimal techno, techno, melodic techno, melodic house, tech house, melodic techno, melodic house, techno, progressive house"
0DfG1ltJnZyq4Tx3ZLL7ZU,Rock Me Amadeus,202236,65,False,,,,,,neue deutsche welle
3jTVk3yYzJ1QMkymFjIjid,Valentine,231529,0,False,,,,,,"lo-fi hip hop, lo-fi, lo-fi beats"
7kBYPyaxF3oE9EgjOMpGKs,Reach Out,138000,48,False,,,,,,"hard house, eurodance, trance, uk garage, hypertechno"
0ny5zITdmyNwyTPVzRGscU,What You Waiting For?,221226,65,False,,,,,,
6bLopGnirdrilrpdVB6Um1,The Greatest,210920,76,False,,,,,,
6ooluO7DiEhI1zmK94nRCM,Take Me Out,237026,6,False,,,,,,indie rock
0Z4N9R2pPsOzeFE9r9upR1,Shimmyah Shimmyay - Original Mix,257705,0,False,,,,,,"nu disco, deep house"
2oxtQ84p1j5GmyzmD50Lq0,Rich Girl,236213,71,False,,,,,,
7vptmeNwSEVkcwDdqk7UQO,Lauren,218210,1,False,,,,,,"bedroom pop, indie pop"
0FvP1wBXZGMkZPRyFEtkdN,Free Colombia,463563,19,False,,,,,,
0RkILrdooKw8fyUsalS9d7,Mercury Rising (feat. Anabel Englund),323382,22,False,,,,,,
1B3YzCeIj7uQCykPRdQDj2,Runaway - Remastered,226413,0,False,,,,,,"acid jazz, funk"
1mnaNbJinzhoPaDV2z0dkV,Sunqueen - Proud Remix,428698,15,False,,,,,,
6jrMVRReY24qzCfe1BRrww,What You Know,191400,1,False,,,,,,"indie, indie rock"
4UEff0ry2mzBb1KeLOOwCA,Catchfire (Sun Sun Sun) (feat. Anna Leyne) - EDX's Miami Sunset Remix,280766,0,False,,,,,,"melodic house, melodic techno"
6MKYDJRHgQLMvbWrzzsrNz,Air,128503,38,False,,,,,,"drift phonk, phonk"
7KPLvVaccakFAxIBjntHUe,Greek Tragedy,209557,53,False,,,,,,indie
7xZUNERKmjppBkuQTGktcJ,Stormia,369836,0,False,,,,,,"melodic techno, melodic house"
71RjxJDNbiariIAxBbqGJY,Bibi The Dog (feat. Mai Lan) - Fabich Remix,218750,5,False,,,,,,ballroom vogue
24CoUR3GwPXeWJzGizLzhR,Angie (i’ve been lost) [feat. Angie McMahon],285093,55,True,,,,,,"stutter house, house"
0sF6AQfF5bWQqNl5CuaXVM,Synchronicity,413509,10,False,,,,,,"melodic techno, indie dance, melodic house, progressive house, melodic techno, melodic house, afro tech, tribal house"
6BA2JM59JObFjHNvLK2KOg,Purple Noise,539520,46,False,,,,,,"minimal techno, techno, melodic techno, tech house"
2YFL29XMrC2CJTtUJ1dssJ,Game,136509,12,False,,,,,,
0GUhOjgRbZnsqmaz9rxhVr,Dance Without You,165000,45,False,,,,,,"stutter house, stutter house"
5ff77CZZUpY8Gvu5GuA6vb,HAUNTED,137851,61,True,,,,,,
4KRkEk3K81E6jUYSBSXWt2,Crazy - Nôze Remix Extended Club Version,359835,0,False,,,,,,french indie pop
1Lo2lpRBVnymdyJMe2otSU,3 Life Game,309382,11,False,,,,,,"hard techno, techno, acid techno"
1mea3bSkSGXuIRvnydlB5b,Viva La Vida,242373,87,False,,,,,,
7DjHiDck3fqsiBBnRX5FLb,Hold Me - Sped Up,118018,38,False,,,,,,stutter house
6uKp6XtuGx9oCI3j8SiHyd,Spreading The Cult,362078,18,False,,,,,,"acid techno, techno, hard techno, tekno, acid house"
3AA8xNhDC0MpqwkGX3EP5V,If I Ever Feel Better,266600,64,False,,,,,,indie
3tRqWoZuQtOfG54Vd6nNdq,Inhaler,292546,0,False,,,,,,indie
7EeTZt8GtMM2XYoKjMIckd,Paradigm - Radio Edit,175955,28,False,,,,,,"melodic techno, house, progressive house, melodic house, tech house"
7kBAvb6HSxMoeaOoQ5kYYl,Infinity - Original Mix,315200,0,False,,,,,,"hard techno, techno, acid techno, tekno"
4xLDWc1ymSHUhPUIoAcH8P,Love In Ruins (feat. Sinead Harnett),258558,42,False,,,,,,"edm, melodic bass, future bass, alternative r&b, uk r&b"
1amfDxySvja0PP6LjosvNB,The Mirage,371903,0,False,,,,,,"melodic techno, melodic house, techno"
5f73EH8020u0znMDJUYTMj,Me And The Devil,185000,0,False,,,,,,
2nNO3STc1GprRP3GaAxmJA,Participants,380487,0,False,,,,,,"minimal techno, melodic techno, techno"
2rfJqaiKKH2VFzj61oscaa,Caje (Album Edit) - Orginal Version,439565,46,False,,,,,,"minimal techno, deep house, organic house"
4ydvl89sPztvxuc2suvOQU,Alive,403114,0,False,,,,,,"techno, acid techno, melodic techno, melodic house, indie dance"
7G8Fbb6e8dr9qAFIPhNgN8,The Quad,369644,0,False,,,,,,"melodic techno, house, progressive house, melodic house, tech house"
1WMYS2BA6fxRaD97kywBE5,Night Travel (feat. Tom Smith) - Trance Wax Remix,305135,0,False,,,,,,"melodic techno, minimal techno, techno, deep house, melodic house, trance, progressive trance"
0bqjS54zmDlYanW8mlx28k,Lose Control,337500,35,False,,,,,,"progressive trance, trance, progressive house, synthwave"
2TYJ9tNQ2qlpo0Bm7qhaNi,Робот,231186,42,False,,,,,,
6p2sh70Zowkw47cG0TkXg0,Phonky Tribu - FUNK TRIBU SPECIAL MIX,186095,49,False,,,,,,"hard house, techno, phonk, hard techno"
5GDhxndpilh5O6BDNFwN6f,Brigada,323025,0,False,,,,,,"acid house, italo disco"
19XQb9uJRmHwxb0EOVXkvn,Image Of The Invisible,254853,0,False,,,,,,"post-hardcore, screamo"
5uILRmyLHrXnYNHjgCiWrR,One,433703,0,False,,,,,,"melodic house, organic house, melodic techno, progressive house"
6h1hZnfvSEG1wipCq4nQsX,Who We Are,263452,14,False,,,,,,"melodic techno, minimal techno, techno, melodic house, melodic house, organic house, melodic techno, progressive house"
2AljG7lFywSjjLBVMOhm7s,i like the way you kiss me - Marlon Hoffstadt aka DJ Daddy Trance remix,199083,46,False,,,,,,"hard house, eurodance, techno, trance, hard house, eurodance, hypertechno, techno, trance"
1QhtyPVcTEoRa6fkizTwkj,Dreaming - Casper Cole Remix,265365,9,False,,,,,,"melodic house, afro tech, melodic techno, afro house"
2M5IlFTxs1ZtdHWHuWCXTl,Crazy Right Now - Andy Murphy Remix,186461,18,False,,,,,,
3jxbAI2diYt8Hub0KMX4Vy,FATE,202181,29,False,,,,,,"techno, hard techno, techno, hard house, trance"
5dpDrUG52yI3s1AQRlaypA,All Downhill From Here,192426,1,False,,,,,,"pop punk, punk, emo"
5w9UIKPFx7KMZWEr07KP1F,Disco Gnome,517500,16,False,,,,,,
2TZeEO80lYoaKLOQkbvavK,They Don't Know Us,195356,0,False,,,,,,
5eCkuGPZNl4mISFNPgr3Dd,Down,197773,54,False,,,,,,
23L5CiUhw2jV1OIMwthR3S,In the Name of Love,195706,79,False,,,,,,"edm, electronica, progressive house"
22eNdxGb4tEvBt0nBCp52o,Zombie,246186,55,False,,,,,,indie
3AjyOYxBv8bByfBtG5o9dP,See You Again,190453,69,False,,,,,,
4hiUYb2nb6NlfTP9CD38Pe,On My Way,183710,0,False,,,,,,"edm, trance, big room, house, tropical house"
5zstGbYLZtqURQGakwa3gZ,Noso,443189,0,False,,,,,,"melodic techno, melodic house, tech house, neoclassical, melodic house"
1IEMI8XjtORqBnqc40SX8X,Hypno,238544,0,False,,,,,,future house
7kBP4kOVgeAv7NWcpowA4y,The Struggle,211310,30,False,,,,,,
36nPlDj5WyjXFjRUUc8KFe,Shine,330378,0,False,,,,,,"hard techno, acid techno, techno, hardcore techno, tekno"
5rFfwssa9fgfBikDG5lGOn,Pulses,364810,26,False,,,,,,"melodic techno, melodic house, techno"
5IlRYF58hRv5E0D2fykZXX,August Dub,219047,0,False,,,,,,
5WdA2kYuuxBUIccDALUYpW,Schall & Schweiss,312906,0,False,,,,,,"techno, hard techno, neue deutsche welle"
05mAIVLkIWc2d1UBYZBCp8,1999,189000,59,False,,,,,,"hyperpop, art pop"
3ZcClV5rM3SjfnxQb2C8pt,Helix,224637,0,False,,,,,,"progressive trance, trance, progressive house, progressive trance, melodic techno"
24G6CP8In91mf5faNb1xdq,Anxiety,218293,0,False,,,,,,"nu metal, rap metal, alternative metal, rap rock, rock"
6Wq5gz99tCreNMJ9Cp72XU,Schatten,200148,44,False,,,,,,"hard techno, techno, hard house"
7oHdGobTs66dcu7lA4TEWd,Drop It Down,132500,44,False,,,,,,"hard house, eurodance, trance, uk garage, hypertechno"
1DBkGLzWwGFdap1hRbpolr,Man in the Sixties,222000,0,False,,,,,,surf rock
4mnh62PDIRgMW80PSAP6DI,Tones Map (Chris Liebing Burn Slow Remix),402158,0,False,,,,,,"techno, minimal techno, acid techno, idm, experimental"
08kzhb1Ydc8VBNENUNFN4R,Amber (Dance),165151,1,False,,,,,,
6R1hD9xyWfJcxVLsUnZYXg,Embrace,329773,0,False,,,,,,
125ABiFu87TxipoWAMK8LR,Want You In My Soul,497521,54,False,,,,,,"deep house, nu disco"
2kf4dju8frqCzKbwKW1lnW,Sleepless Nights,437463,0,False,,,,,,"melodic techno, progressive house, melodic house"
53lCLhb2hNzMjBPNWmJoz3,Sweet Addiction,215493,0,False,,,,,,"nu disco, french house, french indie pop, disco house, funky house, indie dance, french indie pop"
3LQK5ArAQUVLrrGnheNao7,Twisted Game,162422,0,False,,,,,,garage rock
5uKvLt1ya0MBs8Y2jGD61f,Plastic People,430745,40,False,,,,,,"techno, acid techno, hard techno, tekno, minimal techno"
7dsO7sKTEdix1pe1t7SmP0,Sucker (from the series Arcane League of Legends),224293,0,True,,,,,,"modern blues, blues rock"
24PqR040n1lcb5xygrgTMz,Cream On Chrome,235362,35,False,,,,,,
2FqOpyYhgo3ZMgtkY55PVz,Kaleidoscope Colours,255466,40,False,,,,,,"melodic house, melodic techno, deep house, melodic house"
3LbW5DzMKBfJl6eG2Y11mz,Hidden Worlds - Rave Mix,339130,0,False,,,,,,lo-fi house
2rbFtUavdI0STYRtp9OF00,Moonlight Party,413533,0,False,,,,,,
3FtYbEfBqAlGO46NUDQSAt,Electric Feel,229640,79,False,,,,,,indie
6D5pfooPP6hi99RaXjkDsP,Summertime Sadness [Lana Del Rey vs. Cedric Gervais] - Cedric Gervais Remix,214912,4,False,,,,,,edm
6sFEubIG6L1RYPAVyZ6U2m,Chemicals,216687,5,False,,,,,,"melodic techno, melodic house, progressive house, melodic techno, afro tech, melodic house, afro house"
4UyAtnwhaKv7EG1BdkBYRI,Ready To Let Go,187973,61,False,,,,,,
0UA2P9bUJcajjb5AH2CO30,Lost Spirits,285948,7,False,,,,,,"melodic techno, minimal techno, techno, melodic house"
5bkoTCCLIFidGG6ErZQzSB,Feels So Good,189003,31,False,,,,,,"trance, progressive trance, progressive house, electronica, edm, trance"
2wqR9e7MKzDsEbq5vISqLD,Sugar - Original Mix,345238,0,False,,,,,,nu disco
6g3ApwzHq2WZ6o7ChYfVp2,Second Nature,445412,0,False,,,,,,"techno, minimal techno, acid techno"
59QNYJwQhLWWZmem0TTSDk,Resurrection - Axwell's Recut Club Version,300585,0,False,,,,,,
6d4qztM78NnFJKP9hFnjx3,Be Mine - Agrume Remix,227410,28,False,,,,,,
38qAaZpFyxhPoLnsr6d7bX,Iyéwaye,460266,37,False,,,,,,"organic house, minimal techno"
5o51kWHj1mZEmyInUzdSsO,One Word,492064,3,False,,,,,,"organic house, minimal techno"
1ReC9EnMiV32u9T2BDDZOs,FAWL (From Amsterdam With Love) - Original Mix,296333,0,False,,,,,,"big room, future house, progressive house"
3x3lq0IUkLEv4apfJxwgwd,Fiona Coyne,244291,0,False,,,,,,"vaporwave, nu disco"
73Iz0ppjXiDwgXqXaMd9Xp,Tom's Diner (feat. Britney Spears),212413,40,False,,,,,,"italo disco, disco, pop"
1m2GfwJEr5UULC38LxFHO8,Goosebumps,196600,19,False,,,,,,
2B8eAzF1rlTOLynq5zgXsG,Never Say Goodbye - Radio Edit,204942,0,False,,,,,,"big room, edm, progressive house, electronica, electro house, big room, edm"
2QQkScIO5z31KgUwlEzQB2,First Time,220034,0,True,,,,,,"indie dance, italo disco, italo dance, jazz house"
3xATEhxjTSArvaWteLLtZg,Santa Rosa,373914,36,False,,,,,,"chillstep, downtempo, idm, trip hop"
0urwezEloZZmgir2LYqwZP,motions (feat. FLOOR CRY) - Shaolin Cowboy's 4am Remix,265871,7,False,,,,,,"lo-fi house, bedroom pop, lo-fi house, jazz house"
7hZ2IDi9ubFqEYjM0SvpGs,D-D-Dance,222240,33,False,,,,,,
2BBSKgfN3dt6bVm8wIs7wx,Патрики,199115,16,False,,,,,,
59lq75uFIqzUZcgZ4CbqFG,Let Go for Tonight,238413,40,False,,,,,,
6QSwRZoiBj0xV1BmLffAWl,Man O To - Be Svendsen Remix,419960,0,False,,,,,,"organic house, organic house, tribal house, downtempo"
5L9eeKnX43kXBPdKvOKyDv,Whats Good?,426658,6,False,,,,,,"acid techno, techno, hard techno"
5PrtrQ5DDtyHX9lhRk83Uk,The Glitzy Hive,231442,0,False,,,,,,"chillwave, indie electronic"
0wIblt271U2oH60h7w8ECA,Lillo,518293,31,False,,,,,,progressive house
6PkzXU8dlwtfrwyTlUyVnv,Show Me Love - EDX Remix / Radio Edit,180336,59,False,,,,,,"tropical house, future house, house, progressive house, deep house"
5FEIQzXG0J0xEkNolFbgHu,Приворот,212000,37,False,,,,,,"witch house, darkwave, witch house"
3yoWBFuanYVmwbJ4jF0AQi,Could You Be Loved,237133,0,False,,,,,,"reggae, roots reggae"
7HoQr9PghRcBYAqOLaZP0Z,2 Million Ways - Axwell Remix,418168,19,False,,,,,,
2xkn18PZVf7DGtpOOADAPI,Number One,174250,37,True,,,,,,"hard house, eurodance, techno, trance, hard house, eurodance, hypertechno, techno, trance"
7f60h7a6XrU3kaA8zGnfip,Osaka Madness,316082,24,False,,,,,,minimal techno
4lriIG2vNqwDWzOj2I9rtj,Ma Meilleure Ennemie (from the series Arcane League of Legends),147973,75,False,,,,,,"french pop, french pop"
1vL1H3YVbjDDnIMtjGiR9i,Boy Boy Boy - Joris Voorn Remix (Radio Edit),252000,0,False,,,,,,"deep house, melodic techno, melodic house, deep house"
3f4fc8c8unrQeKecmUPEDR,Warriors,204586,60,False,,,,,,
5BHQgdYNXLHFSZaoSGXQh5,Primer,186516,0,False,,,,,,"progressive house, big room, edm"
7DImv0qWPEiAYUPJ0yKuDd,Sunset,218586,0,False,,,,,,
3xl7PsO7Hzuig6To9FgDm6,Left Outside Alone,257426,65,False,,,,,,
7dRoKrWenRRyhCbSicZwoA,Decade,229152,42,False,,,,,,"melodic house, melodic techno, progressive house, deep house, melodic house, melodic techno, deep house"
4z7maGZkAonDlXlwo8q69f,Da Ya Think I'm Sexy?,331333,74,False,,,,,,soft rock
1ssOMVb1Z1Ymk3xhNT9WFx,CHROMA 001 HELIUM,287447,27,False,,,,,,
540k1IRl5UPMhVhpu1LRQ3,Sucker (from the series Arcane League of Legends),224293,60,True,,,,,,"modern blues, blues rock"
6OuCn9U38PTT7Xld8hRXjT,Heaven Sent - Original Mix,317697,0,False,,,,,,"tech house, house"
6OayG4DsR0qqB5HRaYbIL0,Insomnia,214229,0,False,,,,,,"edm, progressive house"
5qv8RDbrZMdmXs23yqavHY,Freedom - Original Mix,283645,0,False,,,,,,"melodic techno, melodic house, techno, minimal techno, melodic techno, melodic house"
2A71NM7aFRvDoyCNKyYjID,Magna Spe,492551,15,False,,,,,,"melodic techno, minimal techno, techno, melodic house"
5WVFPLZt8IoT4iXJ0JeXaM,Restless Spheres,232333,0,False,,,,,,"trip hop, downtempo"
6E9f8SeaMbq0eCeHkyKB1q,劇伴特化型1☆極★服,204440,28,False,,,,,,"anime, soundtrack"
2X5esn2dNHC4ykQCovRWLl,Soldier,138769,0,False,,,,,,
2LJFyZegquP5reY4Qi0egR,Last Step,456774,30,False,,,,,,"techno, acid techno, minimal techno"
2mj0Vf7UepRY8x2YzqtOME,Processed Beats,187800,45,False,,,,,,"britpop, indie, indie rock"
6oRT5OFlHDLyJtVcZaaq4X,Paulus,375523,0,False,,,,,,"techno, acid techno"
4QNKvO4ojKESGaIjUNfoYc,Fallin - Trance Wax Remix,441904,17,False,,,,,,"melodic techno, melodic house, techno, melodic house, trance, progressive trance"
5sscqexUMirZUKd4ymckzh,Parametric,349107,0,False,,,,,,"hard techno, acid techno, hard house, techno"
5noQJkpVfHt2D4df2GXieV,The Reeling,287906,53,False,,,,,,indie
5wJl7KkluLHi8zjxKTNdsQ,Excessus,332562,16,False,,,,,,"acid techno, hard techno, techno"
6zQDoXDuByCvjj6YkSJ5WU,Wait For You - Original Mix,388124,0,False,,,,,,"big room, progressive house, edm, electro house, tech house, house"
2NeSirLM2VHQW4upn0nMfB,Starry Night - Edit,233978,2,False,,,,,,
1PvYqxVaUdpsytouzTaaoP,Loveweights,224400,0,False,,,,,,
5F84K2ltGbHKMYbmujjt8W,Thinking About You ft Juliet Fox - Original Mix,402904,0,False,,,,,,"techno, acid techno, minimal techno, techno, acid techno, hard techno"
13qqdlSeF8FcxsRyapDMZ0,Changes,345173,2,False,,,,,,"tropical house, afro house"
03h4TbEghDuv08z0z0KJyt,Positive Tension,235440,0,False,,,,,,indie rock
3McVJ4pdwNMP4RJtsJAogG,Always On The Run,223560,34,True,,,,,,"nu disco, french house, french indie pop, disco house, funky house, indie dance"
0dsG05fycoumsH752gtg70,Rave On,456923,15,False,,,,,,"acid techno, techno, hard techno, tekno"
7rlBzRoOYEe9ByCOiv2vs9,Hypnotized - Original Version,340560,0,False,,,,,,
3yaDNeqM3G90HME2y6noL7,Wounds,215973,0,False,,,,,,"soft pop, electropop"
6kTogriKXtpofye9hvQ91U,Destiny,338052,0,False,,,,,,"hard techno, techno, acid techno, hardcore techno, tekno"
1HIalwjo1TQVaB63BXbkQu,Toro (I Hate Models Speed Up Revival Edit of Andre VII RMX),371801,1,True,,,,,,"techno, hard techno, acid techno, tekno, hard techno, techno"
0sUyqewVzwv0e5tK3hS6vJ,Don't Be so Hard on Yourself,211460,57,False,,,,,,
7eLFbEviNFKMmiRFLXuN7B,Omnia,286124,0,False,,,,,,"melodic techno, melodic house, techno, stutter house"
7nSWCkjufj2nFjVPdAyNRh,French Lesson,148384,9,False,,,,,,"jazz house, lo-fi house"
0qImpiFeovSF3tDfl3jiFG,Dream Bigger - Instrumental,242160,21,False,,,,,,"edm, edm"
79grw34DPX7iCvVUfBPB9S,All Of It,331609,51,False,,,,,,"hard house, techno, phonk, hard techno"
4t9ILPlcJkgk7tGnLNDsZE,Northern Soul - Ben Böhmer Remix,267519,28,False,,,,,,"trance, progressive trance, progressive house, trance, progressive trance, melodic house, melodic techno, progressive house, deep house"
3GehDReyP4wkozHESnPcpT,Holy Gucci - Clair Remix,369570,8,False,,,,,,"hard techno, techno, acid techno, tekno, acid techno, hard techno, techno, tekno"
3wET4fyXZfhxaz2Nv731bQ,Tiptoe,355304,0,False,,,,,,
3u9fHuAtjMY1RW2mZfO4Cf,Gangsta's Paradise (feat. L.V.),241933,4,False,,,,,,"west coast hip hop, g-funk, g-funk, west coast hip hop, new jack swing"
0pRIs6EFRLniTBxEsR0g0g,Arcade Mode,408011,0,False,,,,,,"melodic techno, melodic house, afro house, techno"
4h92Z1GFBigNPN2JeHzWu7,22 Police,336188,19,False,,,,,,"melodic techno, melodic house, progressive house, melodic techno, melodic house, progressive house"
7nQlL2qz48N3TGFIl7CpWw,Hustler - Solomun Remix,422680,20,False,,,,,,"melodic techno, minimal techno, techno, deep house, melodic house"
3fxHtZcT9NnbtvH2oJwCOE,Altered State,236307,28,False,,,,,,"rally house, house"
5i7RvRKlvkuIU8jfVPm0yA,Air,217213,0,False,,,,,,"big room, edm"
4CL3xg1ahV85g8hsZqZyga,Nature,259317,24,False,,,,,,
5mOPeaSXywGZX3mDflbDsq,Birch Tree,261133,0,False,,,,,,indie
6c70NUHAXgzhRPIxjWa2ku,Aber,315707,26,False,,,,,,deep house
0ZY1TYRRPpEAu1KUuxnaKM,LEGACY,205589,36,False,,,,,,"melodic techno, techno, acid techno, melodic house"
7CuXB3Dr61IvDFEWfqG3sE,More,216699,65,False,,,,,,"melodic house, melodic techno, deep house"
3nhYoFp5I9OGl1mNb1kPps,Raw Matters - Original Mix,328951,16,False,,,,,,"hard techno, acid techno, techno"
20J5QaInjzeb5Rd3HpyCrC,Vowels,185777,0,False,,,,,,
78iVPIyFgGjQ0g0TmDWYtQ,Tongue,304825,0,False,,,,,,
7eyiZP6qJ4y11FrTnFpCEC,It All Ends,253246,0,False,,,,,,"hard techno, acid techno, techno, hardcore techno, tekno"
3wojLunY4dRlM51YoSGDdl,Warriors - Original Mix,328336,0,False,,,,,,"big room, edm, electro house, progressive house, psytrance, progressive trance"
5wi7zSv1nN43Z2WDsVLbRN,Here I Stand (feat. Cimo Fränkel) - Radio Edit,217500,22,False,,,,,,"progressive house, progressive house"
32uzMvtg0JKDKZzg6KhHoZ,Angel 1,346587,0,False,,,,,,"melodic techno, melodic house, techno, progressive house, melodic techno, melodic house, techno, stutter house"
1cuvBIEAnlBohQwQIjNQJn,Omen,215806,0,False,,,,,,"big beat, breakbeat, hardcore techno"
2WlnczYDjRaMZNZCrCuxxo,Outro,264473,21,False,,,,,,"melodic house, deep house, progressive house"
3FrX3mx8qq7SZX2NYbzDoj,Who's That Chick? (feat. Rihanna),201040,48,False,,,,,,edm
6ZIT7Isugjflmm3TDIkgji,So Hot - Original Mix,404548,0,False,,,,,,
5su8Hl3YmYuiirnAptsYOI,No Lover,142124,24,False,,,,,,"acid techno, techno, hard techno, tekno"
4rsnn1aFlcRbaOmGQCCT1K,Too Late,256330,33,False,,,,,,minimal techno
6KSo1lI5GUtlvksaDWM7ZO,Missing You,207265,0,False,,,,,,french house
38CfrUNgdukmo5FwaA7WMt,Voices - Eric Prydz Remix,452120,0,False,,,,,,progressive house
56YjHOutYKR9mzl86loPpz,Jump Into,274900,30,False,,,,,,
7Mpr7b2N2GGp5kUSRIzNGi,Rest,208522,0,False,,,,,,
1kGxbmTY7JmbOMgVMyqlJw,Golden Maps,205000,1,False,,,,,,
7e4FX2yIz7qpcNjt4b6Oqb,The Beauty Of Silence,181506,0,False,,,,,,trance
0AJBa03FJvsCwXHjRoBpeM,Twisted,259984,55,False,,,,,,
3J2uraC2izJkUBYj6iKUQ4,"The Mountains - Iberian Muse, Wurtz Remix",384000,1,False,,,,,,"organic house, melodic techno, melodic techno, melodic house, melodic techno, melodic house"
3tYYypENWxaS1DKUtcH8S8,Don't Stop,196916,57,False,,,,,,"hard house, eurodance, trance, hypertechno, hypertechno, techno"
7KTcccQfiGgaCsP8TpR9sf,You Need The Drugs - &ME Remix,462726,31,False,,,,,,"happy hardcore, afro house, afro tech, melodic house, house"
6egKlzcoIcwOy9hy0PiMLA,Balthazar,362272,30,False,,,,,,"hard techno, techno, acid techno, tekno"
3fuXKiEzDCs1IBnLHQ5CL0,"Another Brick In The Wall, Pt. 2 - 2011 Remastered Version",238746,0,False,,,,,,"progressive rock, psychedelic rock, classic rock, art rock, rock"
54JnzTOS1pJccGfM1OALYe,Symbiosis,507225,1,False,,,,,,"melodic techno, indie dance, melodic house, progressive house"
3H3cOQ6LBLSvmcaV7QkZEu,Aerodynamic,212546,65,False,,,,,,"french house, electronic, electro"
1brwdYwjltrJo7WHpIvbYt,Faded,212626,3,False,,,,,,
2xbQjtwkubYCRCwJxhEp7R,Path of Nothing,250865,43,False,,,,,,"electro swing, nu jazz, swing music, acid jazz, lounge, frenchcore"
6NbR47LKq9i4ZVKzLkYahi,The Arctic Voice,390579,15,False,,,,,,"organic house, minimal techno, melodic techno, minimal techno, techno, melodic house"
059ACLUOyEcdruA2m9f2jd,Unstoppable,217746,62,False,,,,,,
3w8DfXAzWkBWRuyqM5QKtE,High Floors - Original Mix,315087,13,False,,,,,,
55YClWYJCtrXLc6bOgeVGZ,Loving You Like Always - Innellea Remix,323233,23,False,,,,,,"melodic techno, minimal techno, techno, electro, melodic techno, melodic house, techno, progressive house, trip hop, downtempo"
5hWNmlOJpNouO4L2Vw8INw,Petroleum - (Jeremy Olander vs. Kent),392903,20,False,,,,,,"progressive house, melodic house, melodic techno, progressive house"
0KZt1g5kiofhQypH13qlNq,Metropolis,330013,23,False,,,,,,"edm, big room, edm, electro house, progressive house"
5dKBaysNJtfpyNTRa5lqDb,A-Punk,137760,4,False,,,,,,"indie, baroque pop"
3vKEhpypVoV12vPyiSSB1h,Hidden Worlds,339130,0,False,,,,,,lo-fi house
6mrwve7gZ6eDGjeSS3pHJ9,Back In - Original Mix,297966,0,False,,,,,,deep house
7qaa5q7z53J2au70zl84fn,Gone Tomorrow - Me & My Toothbrush Remix,374125,32,False,,,,,,"house, future house"
4OSEE9iEHADmTSCpxl87GJ,Paris (Aeroplane Remix),465333,0,False,,,,,,"new rave, indie dance"
4HBWeVFJif7KrZxKTb2XAD,Wide Open - Edit,253659,0,False,,,,,,"big beat, alternative dance, electronic, breakbeat"
7oPUTr7pO7Obt8brELTHlg,Rabbit Hole - Stereo Express Remix,426885,0,False,,,,,,"melodic techno, minimal techno, melodic house, melodic techno, minimal techno, melodic house, electro swing"
1xvN7BtPikRLA4WFB3iOSg,Love Dub,355025,24,False,,,,,,
07ulYrNreBRl9g7JxFAuxR,I Like You [Mix Cut] - Original Mix,225133,0,False,,,,,,electro house
2oRrosZu67qZ1g0FvxFVBS,Shake This World,344761,0,False,,,,,,"melodic techno, melodic house, techno"
3VOhgzaprDwiyrCiYIIJeQ,Howl,214053,0,False,,,,,,baroque pop
0GO8y8jQk1PkHzS31d699N,Tongue Tied,218013,78,False,,,,,,indie
2moCpTCCi83eCQwuovZgI5,U Wanna Little of This - WAWA Radio Edit,163200,15,False,,,,,,latin house
0je4PthHP8TczUOEiVGZet,Gotta Be Love,401333,23,False,,,,,,"trance, progressive trance, progressive house, electronica, edm"
21wWnnYMAFzl9mjK8FDSYl,We Are Beautiful - Tom Budin Remix,305058,0,False,,,,,,"tech house, future house, latin house, house, slap house"
0gU6QYlJElOMFLAifrGNwj,To the Sun - Original Mix,383452,1,False,,,,,,progressive house
0fBMRLeJoHPqg49UgnTqxf,Heartbreak Station,269093,0,False,,,,,,"glam metal, glam rock, hard rock"
5Fr640BTR8otfcXKszYCqb,At the right pace,420000,0,False,,,,,,dub techno
0rCuRc07y6l1kPYj0JSRg5,Angels (feat. Kat Nestel) - Radio Edit,214325,0,False,,,,,,edm
3pYGeyeea7F8b0d7iTue2I,Xanax (Moon Boots Remix),317960,0,False,,,,,,
69ah2ifZhQ0y7MG1zKxoh1,I Can't Win,181911,0,False,,,,,,
6zpJjtnYJca98kpWEaLDdf,When It’s Gone [ABGT186] - Mat Zo Remix,208027,10,False,,,,,,"trance, progressive house, progressive trance, electro house"
0YIk4KxYWhGKLnsqgMyf8u,Mira,357482,38,False,,,,,,"techno, acid techno, hard techno, tekno, techno, hard techno, acid techno, big room"
4AiARWw7SPRbjBpaSLBgGK,Purple Reflexe,370000,6,False,,,,,,"acid techno, techno, hard techno"
0UsVg9eb6Nk4KCXDGtNd6c,Keep You On My Side,265933,0,False,,,,,,synthpop
6MOZplWTBsTdbMpUr9jdfS,Reality (feat. Janieck Devy) - MÖWE Radio Edit,189836,0,False,,,,,,"tropical house, tropical house"
7KlnHnBuYSUOQVA9G2DdyL,Just Today,382885,5,False,,,,,,melodic techno
1SgdUjvppHnIp6L7DZSnwc,She Wolf (Falling to Pieces) [feat. Sia],222500,66,False,,,,,,edm
1Hns0agyN0hy6kwWwvmdTl,Walk & Talk - Original,342227,0,False,,,,,,"nu disco, deep house"
4Kilsx4KQncqipyb4e7hjl,Beautiful Heartbeat (feat. Frida Sundemo & Deorro) - Deorro Remix,275342,22,False,,,,,,"stutter house, melbourne bounce, electro house"
47bkqSjZfcEmxqSLWNVftr,Equality - T78 Remix,354461,18,False,,,,,,"acid techno, techno, hard techno, techno, acid techno, hard techno, tekno"
6T7F3BJJ5iFFef496Xuh4P,Time to Lose,431343,27,False,,,,,,"minimal techno, melodic techno, electro"
7jBeqtv9JMIbZnawM1iTJx,Name of Love,195483,34,False,,,,,,"melodic house, melodic techno, progressive house, tech house, house"
5t7P4BzNwpWRmxAmUqKDqm,Radio Berlin,390814,0,False,,,,,,"techno, minimal techno"
1Sl3njkhhz8nrSPZroDQ82,Complicated (feat. Kiiara),184247,52,False,,,,,,"big room, electronica, edm, edm, electronica, big room"
04uHKrFXtDHBm6lPcgDle8,Jump out of an Aeroplane,248707,1,False,,,,,,flamenco
2cEayFH18vW1x1GCe1EtdT,Survivors [Mix Cut] - Original Mix,210000,0,False,,,,,,"big room, edm, progressive house, electronica, big room, progressive house, edm, electro house"
6TqI83zjLiDysgSSZbzKOw,Funk It Up - Original Mix,371900,0,False,,,,,,deep house
4tqktgWqlXEq8z23Ql6acW,Wild Child (feat. J.J.) - Radio Edit,161586,18,False,,,,,,progressive house
5DsZVnFfwpys1SbObz1yUF,Dark Fantasy,280786,0,True,,,,,,rap
6YSyf08mM7yXUmPErsxKPF,Stay With Us,237945,0,False,,,,,,dream pop
3uN39QYDbokzRJxtxRXNbt,Youth,230693,0,False,,,,,,
0eCJ7PjUWfepLhjNezfn1W,Souvenir De Toi,384000,10,False,,,,,,"hard techno, techno, acid techno, tekno"
6lrarhjfjHbHZKOW1x6WLV,Away,383407,20,False,,,,,,
7hDSzr92dTsFPCFIGiynck,Interstellar,470322,0,False,,,,,,"techno, minimal techno, melodic techno, acid techno"
3KAedD21EuZUuT1tdmXxYt,Portrait d'une panthère,225073,0,False,,,,,,pop québécoise
6wNhzAF9dEdPUmfvaUNGwI,Beyond the Realm,254434,6,False,,,,,,"melodic techno, minimal techno, techno, melodic house"
6pDFS313jjuoDKq4DeUvOH,Orderly Chaos - Original Mix,377306,0,False,,,,,,"hard techno, techno, acid techno, tekno"
5jotgqiS2ueWyLiwb7Usdl,Someone That I Used to Know - Radio Edit,219335,14,False,,,,,,"progressive house, progressive trance, melodic house, stutter house"
4ctAPuTEycAxvSPrG1npKf,Without You,203703,37,False,,,,,,"melodic techno, indie dance, melodic house, progressive house, melodic techno, melodic house, progressive house, melodic techno, progressive house"
6gvhHHTZuQfcKdrwrqEL5I,Enter the Stratosphere,403526,0,False,,,,,,"techno, melodic techno, acid techno, tech house"
1wKvdhEdWatU04C5yM7trX,Acid Lick,276818,36,False,,,,,,"techno, acid techno, hard techno, tekno, techno, acid techno, hard techno, tekno"
63r3xZrYQQGzY7k4bPBKvu,Genie (feat. Mayer Hawthorne),267692,0,False,,,,,,"french house, electroclash, nu disco, retro soul, pop soul"
52jhw6Sfp5ED2ilnikRyhP,Dialogue,452682,39,False,,,,,,"melodic techno, melodic house, melodic techno, melodic house"
7egQFB1zrDcvy3kdTaKbpc,Lust For Life,313800,0,False,,,,,,"proto-punk, glam rock"
4Tla2jt77nO70DgGwFejbK,Run It Up,178218,40,True,,,,,,
4gIXnT4VbM21eqhWMinnpo,Nu World - Solomun Remix,234285,0,False,,,,,,"melodic techno, techno, minimal techno, tech house, melodic techno, minimal techno, techno, deep house, melodic house"
3On3JXvDl80XnpOaxDpjpr,Your Old Friend,351000,12,False,,,,,,"hard techno, techno, acid techno, tekno"
2euBWg0NcyhmKC51wfPDRY,Confronted Reality,402711,0,False,,,,,,"melodic techno, melodic house, techno, progressive house"
2COF8CoKPOOCwy9pPKYoPY,Blade,300290,9,False,,,,,,techno
0ZA7cN7fyKPzVLb87coLEi,Stimmen der Tiefe,385600,17,False,,,,,,"hard techno, techno, acid techno, minimal techno"
4XzeThE3txvCBIrP40tj85,Eternity,186284,2,False,,,,,,"melodic techno, melodic house, techno, stutter house, melodic techno, melodic house, techno"
4KMUJt3mWhO1S2os78x9fM,Galactic Highways,357699,0,False,,,,,,"techno, melodic techno, acid techno, minimal techno"
0yfLOwZmzWmdFLPmmQhGd0,C166W,487500,0,False,,,,,,"techno, acid techno, hard techno, tekno"
208iV6AI3I3M7OHTI4vvJC,Trance,246667,0,False,,,,,,"nu disco, deep house, bubblegum pop, nu disco"
5JBmynzG2GeDSmOCNd8C9T,Blind,200314,0,False,,,,,,tech house
3FPx4V7u7OEp64Y1HVtSgi,Nirvana Affair - Renato Cohen Remix,388427,1,False,,,,,,"indie dance, indie dance"
0x7ZNngk1r1tPGM9OShuTe,Multiverse,351732,0,False,,,,,,"hard techno, techno, acid techno, tekno"
4Z1fbYp0HuxLBje4MOZcSD,Twist And Shout - Remastered,155226,0,False,,,,,,"classic rock, psychedelic rock"
3KpuzMiyy9kZzMpqIpDAHx,Corinne,196040,0,False,,,,,,"new rave, alternative dance"
1UaR2hdLbmiirwfEaokeNv,Torn Apart - Radio Edit,166626,7,False,,,,,,
3efwztwnlfpa1vrYBxfaAz,Träume Ohne Wert,287726,0,False,,,,,,"techno, hard techno, neue deutsche welle"
7mykoq6R3BArsSpNDjFQTm,I Really Want to Stay at Your House,246652,77,False,,,,,,
5MAM4PXb95MPl2JWSlMI6L,Against The Sun,212288,45,False,,,,,,"stutter house, drumstep, chillstep, dubstep"
0hRFDhaHRJt6cz69n78G3f,My Heart Beats Like A Drum (Dam Dam Dam) - Radio Edit,222266,56,False,,,,,,"europop, eurodance"
32H7fwKsaYtSl6qiXFI6I6,U,187266,0,False,,,,,,"anime, j-pop, anime"
2G73Ke4bqkHnWaOchgofh9,Guest,224573,0,False,,,,,,"nu disco, french house, french indie pop"
0DAb8uXdSsQpuhfbOUWVOg,Aurora,267096,49,False,,,,,,"melodic techno, melodic house, organic house"
4WfzRSiFd1ZlcIPLYAjLgg,Millionaire,210653,53,True,,,,,,"rock en español, mexican rock, latin alternative, mexican indie, latin rock"
6EdWL8fb9d2sZM7hxdYS4A,Too Late,324906,0,False,,,,,,
5BmSaVQ661kEkjVUjs1LXV,Infinite Meadow,471497,27,False,,,,,,"melodic techno, minimal techno, techno, melodic house"
3tRv4ZYZimrL27flnjgeR6,Every You Every Me,213800,2,False,,,,,,britpop
5XhrEEggrJkL7tTbSQLgYN,shutyomouth,192048,0,False,,,,,,"lo-fi house, rally house, house"
1JQvug0uIzXTIgYhYd0pYB,Universal Nation - Album Mix,472892,0,False,,,,,,"trance, techno"
2wDVY2QChCVkCG0HEmMgZl,Part III,108773,31,False,,,,,,"punk, skate punk, hardcore punk, melodic hardcore, ska punk"
4NSNSGjEMy4DPPrRoTB9XP,Reminder,234073,0,False,,,,,,"idm, electronica"
6zPkXdxcJoiS3Niv5RPRNR,The Night We Danced,210464,0,False,,,,,,
3cR1VZltM6XScXvUD55L8Z,iMvula MIXED,330493,0,False,,,,,,"afro tech, 3 step, afro house, gqom, tribal house"
4oepJfzPHH3Vv53K4TX8AA,Easy Yoke,283050,0,False,,,,,,
7tCs7rPJcveXTAAAG9lPgu,Eclipse/Blue (feat. Kazu Makino),269226,0,False,,,,,,idm
5EbsnehSVc033qtcejTU4I,Trust,170028,32,False,,,,,,"nu disco, deep house, tech house"
3Cc6YrQDYJTiGbThj7eZ0C,"In The Dark (feat. Stahsi, Simon Milan) [Radio Edit]",212281,0,False,,,,,,"future house, melbourne bounce"
1vV2Cis8njdHOs3gkqjDSZ,Chillin',293732,0,False,,,,,,"french house, disco house"
3nyFtO4w6RYyGmbjj2JKid,So Far Gone,262292,0,False,,,,,,electronica
5gqPh3zDZFzJuSpbHxoA8U,Young (feat. Britt Warner),252682,0,False,,,,,,chillwave
1tNxprI7wf87blRuXUyEvC,Grey,293578,46,False,,,,,,"melodic techno, techno, melodic house"
4b9yTPsiNHaSeCbhwePFI0,Circles,230268,10,False,,,,,,"lo-fi house, jazz house"
0f69kmykZGERLzywXJQ983,Time (feat. Jules Buckley),310986,20,False,,,,,,"melodic techno, techno, melodic house, minimal techno, melodic techno"
7sCYOpKqgyUVCCHH3vEI7k,Burning,434285,14,False,,,,,,"melodic techno, tech house, techno, minimal techno, minimal techno"
2PD0RDVJxHCqKGnLLblMMf,Atlantis - Original Mix,361865,0,False,,,,,,techno
35e35lxA5bSZzYFtwXT9Pe,Hund,219974,35,False,,,,,,"german indie, german indie pop, german pop"
0yqNGfESkxfNgc11ouwykd,Delta,345926,40,False,,,,,,"melodic techno, melodic house, minimal techno, techno, progressive house"
6iGMRy5RDMiAdTpuMB5gAm,Pretty Green Eyes (Sunset Ibiza Mix),258682,22,False,,,,,,"hard house, uk garage, house"
2LqVToqMz0bSic6o359KbT,Love Me Or Hate Me,264406,14,False,,,,,,"nu disco, deep house"
2doKrAMJBSAkrMrLyzXS9y,Hypersphere,390436,0,False,,,,,,"acid techno, techno"
2b4SSorCTQ2VzmllaeWuuT,YOU'RE THE ONE,227706,0,False,,,,,,alternative r&b
00W6fkIZpX6nJ4OvMiywV6,Unstoppable,213684,0,False,,,,,,"slap house, edm"
6hjijDFct3dzg2gfxekETy,New Generation,284307,0,False,,,,,,"techno, melodic techno, acid techno, tech house"
5GerJwon1HTwRdTPHJ1RY6,Waterfall - Seeb Remix,203308,35,False,,,,,,
7FZCXObjrsUiZuXvOQAnD9,Piece Of Your Heart - Lee Foss Remix,248219,0,False,,,,,,"tech house, house"
50NAIobH05JEcGUG8KL4K9,Tokyo by Night - Axwell Remix,333812,0,False,,,,,,"dark ambient, melodic techno, edm"
3VgNbGJAVtbT1afQiRBTX4,Cool for the Summer,214746,0,True,,,,,,
0HCupWTULxF7ugSbwZL9NQ,Rose in Japan,353174,0,False,,,,,,"indie dance, melodic techno, melodic house"
4Jv7lweGIUOFQ7Oq2AtAh9,I Follow Rivers - The Magician Remix,279635,70,False,,,,,,
3HeXDu3zCoJlhAifPrd1vB,Floating Souls,187678,0,False,,,,,,
08UjTmy2v4y7EBxIzullPY,Je Garde Espoir,263370,23,False,,,,,,"techno, hard house, trance, hard techno, techno"
4WMCllwqU4hot6yqJcxWoH,Constant Crush - Mansionair Remix,258285,0,False,,,,,,
1kS50dU3ilf4sNIgG2huZg,People From Another World,421463,0,False,,,,,,"melodic techno, melodic house, progressive house, melodic techno, melodic house"
5YZZmmdopp9mtpehOfqc3C,Aires - Benjamin Fröhlich Remix,406922,0,False,,,,,,"deep house, indie dance, acid house, italo dance"
4p0IQqzCVMIGig87tQyMxT,Moonlight,259285,24,False,,,,,,melodic house
0DRe2MeIAT5Bf1kOhRPJ4H,Voodoo In My Blood,241132,0,False,,,,,,"trip hop, downtempo, experimental hip hop"
3owYGxfvAhIDVXpD2yeAOz,Crasher,466758,13,False,,,,,,"electroclash, indie dance"
1uL4Nj0JRsIt0EibpO4Zx1,Children Of The Wild (feat. Mako),251449,0,False,,,,,,progressive house
6yUZ7PYFTeqnrqOy5OL5AH,Prickly Pear,302186,1,False,,,,,,indie electronic
5EYlU3M7d53aDLzxJCIUqu,Ya Know,332903,36,False,,,,,,"tech house, house"
4GvfMnlZ4Oi7afbdhlwudk,Human,195533,9,False,,,,,,"edm, dubstep"
6dKvbUU3QF2IxUe2TTNstJ,Atlantis 1997,283809,14,False,,,,,,"synthwave, synthpop, nu disco, chillwave, synthwave, nu disco"
3lkCOlSOojSCCq9vSK5uQa,Gathering Clouds - Original Mix,478682,0,False,,,,,,"techno, minimal techno, acid techno, dub techno, acid techno, techno"
6vYBuxwpqnBA5srfLMijdi,How Soon Is Now?,194306,0,False,,,,,,
7k4NagREfBayOybkhueiAI,Atropat [Mix Cut],218506,0,False,,,,,,"big room, big room"
27c8cMslxtKNlC9WPVJtgF,Hypnotized,225876,52,False,,,,,,"hard house, techno, phonk, hard techno, hard house, hard techno, techno, bounce, trance"
2mVgKeBMIkxYlRXcdCbyww,Heat [Mix Cut] - Original Mix,311250,0,False,,,,,,edm
2C4wPlnD6N8vS9N49rW5PA,Like a Lie,274424,28,False,,,,,,"dubstep, drumstep"
3Yyskke2xAbVUIrOOhmxya,Go Up - Radio Edit,216700,0,False,,,,,,"french house, disco house, slowcore, singer-songwriter"
1F8bc4z2c1Tz3wTC0xYRo8,It’s A Memory - Chrome Sparks Remix,311746,0,False,,,,,,"french house, nu disco, funky house, disco house, synthwave, progressive rock, chillwave, chillwave"
41hKOXSa1WMSpdQgsgK0fc,West Coast,202573,0,False,,,,,,"garage rock, surf rock, skate punk, indie punk"
4sGBlvEDufO5Q3W2qioelE,Mechanism,485294,7,False,,,,,,"progressive house, melodic techno, melodic house, minimal techno, techno, progressive house, minimal techno, melodic techno, melodic house"
1QGrTw097SZrDpYrFtbWXN,Summer Mood - Andrey Kravtsov Remix,434930,2,False,,,,,,"deep house, brazilian bass, deep house, nu disco, deep house"
7ekTUmE8UxJ0cgowo8ZYBx,Hello Again,230906,9,False,,,,,,"reggae, roots reggae, ragga"
1MDyUzZgyrdeQVmV1FU3WQ,Als du gingst - edit,239019,72,False,,,,,,german pop
55SfSsxneljXOk5S3NVZIW,Cassius,229520,22,False,,,,,,indie
1t3rUJ54VEJwCS2lJoK2Jw,Till The Light - Original Mix,440750,0,False,,,,,,"tech house, house, afro house, house"
5R2XK7UpWmvy6zd8yoP3BD,Me And The Moon,191613,0,False,,,,,,indie
4YUM6w6KqQLEwxi3ShRA8T,Hunger For Your Vibe - Moonwalk Remix,392624,0,False,,,,,,"melodic techno, melodic house, melodic techno, melodic house, minimal techno, techno, progressive house"
3ol2gUnaYHfGIfzWPsIaSe,The Arena,232280,29,False,,,,,,
3ZZwblSjDYLSgHDIV3EApr,Fade Away (Vocal),417704,0,False,,,,,,lo-fi house
3tmYq6h749VLvYwvDwIl3D,Wide Awake & Dreaming - Inpetto Remix / Radio Edit,206957,0,False,,,,,,"future house, electro house"
3wJVBz7gvGTwTWVAxFa6ny,Fever,156910,60,False,,,,,,"pop, french pop, variété française, chanson, french indie pop"
32KvUou3L4tAwKiCsxyvpd,Rescue Me,292881,31,False,,,,,,"nu disco, deep house"
6AbY84lsjLPb2RkmAMeG0V,Desert Ground - Mixed,337918,1,False,,,,,,"melodic techno, melodic house, techno, minimal techno, melodic techno, melodic house, minimal techno"
0kXPOcMLExBxGeS4YJexzk,Dreamcast,325744,0,False,,,,,,"melodic techno, melodic house, techno, minimal techno"
0iALOYqXaVoluUIsSyDAny,On Hold - Jamie xx Remix,371533,1,False,,,,,,
6NiVbUwxuTETC56The3Sup,Mid 20's Skateboarder,127986,30,False,,,,,,"skate punk, punk, indie punk"
4aS17gqJZPAohsfy88UaqM,Soul Fossa,327320,0,False,,,,,,indie electronic
4OGGkkDudK27kXpLiGEoiF,"Destination Sunshine (12"")",432586,0,False,,,,,,"trance, progressive trance"
2jwxVmUqXWsMpROLqujbsx,Dying Of The Light - Victor's Interstellar Remake,499306,18,False,,,,,,"techno, minimal techno, melodic techno, acid techno"
20v0uN2DlIgJkrE2qrmIFl,Peaking,243902,0,False,,,,,,chillstep
1dgAx1KJjIhjEB9c0iVTl9,Lightenup,237227,36,False,,,,,,indie soul
7rEf5Ovd0SETSiqYdbVlpG,Invedi,408062,7,False,,,,,,"melodic techno, melodic house, techno"
4zVW72cpTOZZ8v7c0caayk,Pyro,147272,39,False,,,,,,"future house, big room, edm, bass house, future house, big room, edm"
1Ug5wxoHthwxctyWTUMGta,1901,193106,5,False,,,,,,indie
55eFVWZ4lLq8kbJ0VwSfA4,Show Me Love (feat. Robin S),187640,56,False,,,,,,"progressive house, big room, electro house, eurodance"
3Dt8shntGQZdrEfNzZvZMf,I Am You - Radio Edit,180000,19,False,,,,,,"progressive house, trance, progressive trance"
4uJD8NvXxrrNNwU6RarkVi,Electronic Pleasure - Original Mix,340540,19,False,,,,,,"hard techno, techno, acid techno"
73DxBkVdFfMajhuorFNIeS,The Hills,298744,27,False,,,,,,"melodic techno, melodic house, progressive house"
2hnl5Gx8ORvufbnuL34PJs,D-D-Dance,222040,0,False,,,,,,
02enBniH37a39UjF95xNU1,Collussion - NeuroBeatz Remix,120004,32,False,,,,,,"hard techno, techno, tekno, acid techno, hard techno, techno, tekno, acid techno"
5nkTnnEmOgwe3bk9Mu2T7r,Natural Blues - Sander van Doorn Remix,198000,34,False,,,,,,"downtempo, trip hop, edm, progressive house, big room"
5Y7CCUdF87MwbmLllXplou,Anvil,212000,0,False,,,,,,"witch house, idm"
0FIANH2kdrgrIQgaB0FQzL,Trinity,411151,0,False,,,,,,"hard techno, techno, acid techno, tekno"
5S5c6JusOeeZyzRoIo1fYj,Sensations - Whethan Remix,231272,0,False,,,,,,
51G9eY5a9zlJ2oTKxgEXob,Disparate Youth,284924,46,False,,,,,,
0yFyV9gzW08KmryjPcKxhX,Divorcé,60952,43,False,,,,,,"lo-fi house, rally house, house"
3eJBKLhpOauQJlgoOSPErD,York - Original Mix,476675,0,False,,,,,,
4xdVnkApEE0grOt1JIptw7,Swallow,271600,0,False,,,,,,
6s70uWq55i7u4N9qaLN7Q7,The Future,310136,24,False,,,,,,"techno, acid techno, hard techno, tekno"
7r3oumwvHjsnh5IPtGrfNB,Everything Goes My Way,210080,0,False,,,,,,"new rave, alternative dance"
2Zl7BFy5LjDaW5tFG3Bv0D,Never Look Back - Edit,205440,0,False,,,,,,"minimal techno, techno, melodic techno, tech house"
5T3IaxXIbbepDh7AQ2bObj,Refugia,364230,0,False,,,,,,"hardcore techno, acid house"
0r972Zo51Zod1AtKCeB3Lr,Generate - Kölsch Remix,464214,25,False,,,,,,"melodic techno, techno, melodic house"
4AF01idljl2i6W24XRvgeF,Centro,218814,0,False,,,,,,latin indie
5tLvVku5CuJQahuywJHpHn,The Way (Instrumental),424848,0,False,,,,,,
5oEWIKAWSVcABFmzvn9bNN,Empire - Radio Edit,260410,0,False,,,,,,"progressive house, big room, edm, tribal house, latin house"
4LmH6inyhNTxrEJvRxvXw8,Respect Me,228387,21,False,,,,,,"melodic techno, melodic house, progressive house, techno, afro tech, afro house, organic house, tribal house"
73vIOb4Q7YN6HeJTbscRx5,Miss You,206000,15,True,,,,,,tropical house
0RBOx7k5d3y2pSmtHB1Asg,Don't You Feel My Heart - Edit,178064,45,False,,,,,,"trance, hard house"
6LLdbXuYvUAlfE05bBkcYH,Hearts 2003 - Oliver Lieb Remix,419307,0,False,,,,,,"trance, progressive trance"
5jcwno0cS1H268LWyYpof1,7 Seconds,315380,60,False,,,,,,"afro house, afro tech, tribal house, afro house, afro tech, afro house"
1pLRmnVMAz4br5qJThj1vO,Immer wenn du fehlst,164295,50,False,,,,,,"techno, hard techno, neue deutsche welle"
44zFuQhko6NTy1XptsiNQU,Hospitality,286293,25,False,,,,,,"post-hardcore, screamo, emo"
6uWGDjiwcSwOQGhPLR4DZk,Slowly Burning (feat. Jem Cooke) - Edit,207149,0,False,,,,,,"melodic techno, progressive house, melodic house"
7wrzn0qwqIvhfsLAG5BimM,More,526934,42,False,,,,,,"melodic house, melodic techno, deep house"
7oncLeIzUPgJf4a6jm1c3e,THIS FEELING,122482,66,False,,,,,,"phonk, phonk, phonk"
5ybhzc1JrHibxZCqh67DMu,3.5 Mins Of Acid,211862,46,False,,,,,,"hard house, acid techno, techno, trance"
0dcks2wKobEKRzq1DD1Jv3,Nadir,241946,0,True,,,,,,
5WvPEl0KLH4XqIM9jFF9kL,With You (T Dog Remix),312179,19,False,,,,,,
4vxjYgy7DNCWmlyyAmk3m5,Don't Worry - Radio Edit,190278,38,False,,,,,,tropical house
5hs9t1kp6iQdiP6VTiJztS,Cold Since '81,431636,24,False,,,,,,"melodic techno, house, progressive house, melodic house, tech house"
01coiQuQSxlQ8ZzJbiglBR,Flume,444959,15,False,,,,,,"minimal techno, melodic techno"
54W6gOLdyv0LEwqLXY0tLA,Kore,460801,1,False,,,,,,"minimal techno, melodic techno"
1SMrPiOamNQAkCfI1IFojc,Mexicana En Lelé,168000,0,False,,,,,,
4mBrsRxJX6DP9zVS1xwAqm,Remember (feat. The Presets),334266,0,False,,,,,,"progressive house, alternative dance, electroclash"
5iCl6Usdm9afUpPvYqRPwC,Nyana,404320,0,False,,,,,,"edm, trance, big room, house"
5V5OLEqKavPlNKLpFTfg9r,Gravity (Radio Edit) [feat. Kelly Sweet],245625,0,False,,,,,,
4XADaL6Bbz8TZt3w3kbb0I,Say My Name (feat. Zyra),262956,0,False,,,,,,"chillwave, chillstep"
2ljeqbzxPMrAnRtITHiPas,Acid Reflux,242973,10,False,,,,,,"electro, free jazz, nu jazz, trip hop"
5QdsS2ZPP3rfDIUxn2FQFA,Incantation,393846,12,False,,,,,,"hard techno, techno, tekno, acid techno, hardcore techno"
1or8ahboNauRa9Ds9fskco,Wild Child,274015,0,False,,,,,,chillstep
73xVZiPGT0CmAAXjfZbjI5,Synthwave - OIO Remix,388674,7,False,,,,,,"melodic techno, melodic house, minimal techno, deep house, melodic techno, melodic house, liquid funk"
0B2GWovtxzsh0a02PBbNl7,Aura,521401,54,False,,,,,,"melodic techno, melodic house, progressive house"
55XXRFZb2JNjcLt2hsBtBd,Knock You Out - Hardwell Remix,386186,4,False,,,,,,big room
60ibWDsXrZ9ryDczCnMI6e,Caryatid,220500,0,False,,,,,,"chillwave, synthwave, dream pop"
3TieIQTlipul7oxGldyX09,Big in Japan - Single Version; 2019 Remaster,234693,67,False,,,,,,synthpop
3zuaDpUbBX1yepWVGdBYQG,Frei,369140,0,False,,,,,,"hard techno, acid techno, techno, hardcore techno, tekno"
1HJYelMqIP4xckJTBMv5BE,Until Next Moon,291428,13,False,,,,,,"ebm, hard techno, techno"
6JGDoTtGLaaikBdyLExPZ8,Serenade,411400,21,False,,,,,,"melodic techno, melodic house"
0GUJ3JrdRVkDNE8oinn13k,Indestructible,196280,30,False,,,,,,"trance, progressive trance, progressive house, electronica, edm, minimal techno, acid house"
2gTdDMpNxIRFSiu7HutMCg,I Think I'm OKAY (with YUNGBLUD & Travis Barker),169397,72,True,,,,,,rap rock
4nAsykHmK2N7clWhaxNKlg,Naturally,202573,46,False,,,,,,
6lzMpai7nw3XGL5FqfF8wb,Space Race,242133,18,False,,,,,,"electroclash, new rave, french house"
6b8Be6ljOzmkOmFslEb23P,24K Magic,225983,82,False,,,,,,
3VNqfttcYQOlFzE2DFFxSL,Kiko,393904,0,False,,,,,,"techno, acid techno, melodic techno, melodic house, indie dance"
12082VdNEhMbjRNbw2snKo,Sometimes,322014,46,False,,,,,,"jazz house, rally house, disco house, funky house"
0qfrk2Wa53HcBusHfkgrZN,Happy Violence,228680,35,False,,,,,,"big room, edm, electro house"
6By1QudqrImFqh0wB4ODD0,333,425251,3,False,,,,,,"organic house, tribal house, melodic techno, melodic house, downtempo"
4sRmzVSedvFkENbSJ342Ex,Cherry,271952,57,False,,,,,,dream pop
6EMjq6sGTNA6nhRt4uqjcG,Uneasy Hearts Weigh The Most - Tree City Sessions,254232,0,True,,,,,,"post-hardcore, screamo, metalcore, emo, math rock"
4FdVNFqexlPV6PJM7vpKFu,Out Of Gravity,193107,19,False,,,,,,"slap house, electro house, future house"
2I4zvA6OfAwNZe7L176fWD,Eraser,487964,0,False,,,,,,
19g5J3aKjkuFHpCCZxyPEv,Blame,217853,0,False,,,,,,"dubstep, edm, moombahton"
0N5x5UmYcbBeHFJtCCqf62,Ruby,204200,1,False,,,,,,"britpop, indie rock"
4ncBUy5fM5iWshm02YODea,Baalbek,457800,17,False,,,,,,"chillstep, downtempo, idm, trip hop"
7E8ub9tLrRVmgcFM8YaGGr,Zdarmania - Dizaro Remix,188000,1,False,,,,,,stutter house
1WnnEB2pCkvKawM5rOivvF,The First Rebirth - Original Remastered Mix,358985,54,False,,,,,,"gabber, tekno, happy hardcore, techno, acid techno, gabber, happy hardcore, techno, gabber, happy hardcore, techno"
2ds1pv9NpW4YqfWykRfkDg,Shadows,190254,0,False,,,,,,
4g3Ax56IslQkI6XVfYKVc5,The Less I Know The Better,216318,1,True,,,,,,"neo-psychedelic, indie"
5WHafXECDl10FpURCL294J,Prisma,335535,0,False,,,,,,indie dance
5aHe69GlfkyqywvENV9cmV,The King Of Our Days,353488,0,False,,,,,,"melodic techno, melodic house, techno"
64b4imBQGVBSnv1tcnRr0e,Ultimate Seduction - Original Mix,349800,0,False,,,,,,"acid techno, hard techno, techno"
5M9jOReAKGZ2AttVefFjTY,Don't Look Down (feat. Usher),223139,64,False,,,,,,"edm, electronica, progressive house, r&b"
6W6sLE6lR8WXMzGBFCtVUv,You Inspire Me,240000,33,False,,,,,,"melodic techno, melodic house, minimal techno, techno"
6xB7E0HOWznwiO0v56mqwD,Find Me,204444,49,False,,,,,,drum and bass
2Y5njvhnLuwON1kdYE5qQB,Firefly,398308,1,False,,,,,,deep house
77DTkgGG5XSvkMwyz2QILU,Rise,174466,6,False,,,,,,future house
5vakr8BAdHCSCLmEMUB57E,Romeo,468436,25,False,,,,,,"melodic techno, minimal techno, techno, melodic house"
1lwNTPlNSUgYp6Hybt1V5r,Escape from Paradise,522461,22,False,,,,,,"techno, acid techno, minimal techno, melodic techno"
1fOVpI5kgMGi3m1RJQyJJi,No Order,344653,0,False,,,,,,"melodic house, nu disco"
3xDqy782SXvnrMEA9JOQk7,ambiguous,271253,36,False,,,,,,"anime, j-pop, j-rock"
1nzOUWyHoZLzf9EX0pnFPn,leavemealone,222784,4,True,,,,,,"stutter house, house"
3Rz5yyp1lGgFxY0jVRCqSP,Ivory (Blowsom Remix),174320,23,False,,,,,,"tropical house, french indie pop"
3KIYGBcEJbDP9gfUqPK14i,Everything - Cazzette Remix,332528,0,False,,,,,,"future house, house, progressive house, deep house, edm"
4VikOud5ZmdmHH6h7uQeDB,Nos Siguen Pegando Abajo,206720,65,False,,,,,,"argentine rock, latin rock, rock en español"
7cn2gHnDem0tI8rZXaBmXp,Alive,358144,30,False,,,,,,"melodic techno, minimal techno"
5GebfPWEFlZg7cguHGNYEH,Mashyna,211600,45,False,,,,,,
5FexPEkGAWphMywF4J0U9H,Blooming,452362,0,False,,,,,,"melodic techno, melodic house, minimal techno, progressive house, techno"
1YHcwgrbsYdyyAFYiW8MNN,Walking Alone,189729,11,False,,,,,,
5Lt0L3Hc2eSZXPIOGWXcd8,Leave A Trace - Goldroom Remix,299062,0,False,,,,,,"synthpop, nu disco"
6rbmwyYijUseUs6Rn1qP9w,Maggos,427327,0,False,,,,,,"melodic techno, minimal techno, melodic house"
6Oj89UHfmYp9yR4t0t1q8F,Our Broken Mind Embassy,266646,53,False,,,,,,"melodic house, melodic techno, deep house"
6JNYQjwIYbnEs7PFuqfwhv,Our Own Way - Original Mix Edit,231964,41,False,,,,,,slap house
7He0HteYJzBwssiK2gBsI2,VYZA - Original Mix,201428,0,False,,,,,,
4LnyoXiaAI0MC8S62wxh8m,Take It Back (Right Now),160541,45,False,,,,,,"hard house, eurodance, trance, hypertechno, hard house, eurodance, trance, uk garage, hypertechno"
7xmW8gsZgihBHkjHA3U8l7,"Girl, You'll Be a Woman Soon",189626,0,False,,,,,,
6dOLWS1ee89ZezU4aRnpaX,Your Love,249984,40,False,,,,,,"melodic house, deep house, progressive house"
1V0izoesruT4tuE1DKC61C,Open Our Eyes,241816,36,False,,,,,,"trance, progressive trance"
4y78bEIRTzNe2RbGAnX8zU,My Life,294351,54,False,,,,,,"edm, neo-psychedelic, indie"
69UGm9BuoiJBEaNzNMZBUb,Naval,218106,0,False,,,,,,
3LvvIhumturTVuHFgpgrb4,CSE,193082,0,False,,,,,,"techno, acid techno, hard techno, tekno, minimal techno"
2iWDkAWh9ZlrUg6EkTjxAH,Late Night Drive,114031,46,False,,,,,,"drift phonk, phonk"
6OFh72xtdmMdcm2IAcb6Dw,Joy Rider,265120,19,False,,,,,,
4yUXJSrxSBY885JFdBijk8,Darkflower - Fever Mix,459519,24,False,,,,,,"minimal techno, dub techno, deep house, progressive house"
4fI461wHCNlAX7pNIhnSys,Like A Friend - Radio Edit,202926,35,False,,,,,,"melodic techno, melodic house, indie dance, techno, progressive house"
35sdZvYe8buYBWM7nQj6pI,God Music - Radio Edit,199000,18,False,,,,,,"trance, progressive trance"
1o9VJSwuiMaTSbhOn3gEzx,Goodmorning Clorophilla,363636,20,False,,,,,,"techno, acid techno, hard techno, tekno"
4QL6MnDgsC17nP96sdMXKO,Fight For A New World,423814,0,False,,,,,,"hard techno, techno, acid techno, tekno"
4EdUozH018E3WgRC0P9yJU,Surrender (feat. Rachel Kerr),231986,26,False,,,,,,"bounce, bounce, uk r&b, gospel r&b"
4evORFR2OaJydEctT2CEgf,Rise Up - Radio Edit,170760,1,False,,,,,,
5TpGqJxE3IFeLITHlg0j7x,Starfruit - Original Mix,423978,0,False,,,,,,"tech house, house"
3KLkRy9l3us98SIp6mmxkk,No Cigar,163226,60,False,,,,,,"skate punk, punk, ska punk, melodic hardcore, pop punk, hardcore punk, ska"
24LS4lQShWyixJ0ZrJXfJ5,Sweet Nothing (feat. Florence Welch),212560,77,False,,,,,,edm
14Xt2gHH3KH7J1sLAckfnq,Don't Need You Anymore - James Curd Remix (Edit),237049,0,False,,,,,,nu disco
7BDeUe63nd08ptYJtXLPbk,Microwave,511395,0,False,,,,,,"melodic techno, melodic house, minimal techno, progressive house, techno"
71dRBSmaKMdaFZPeZlVzf5,You,126520,58,True,,,,,,"punk, skate punk, hardcore punk, melodic hardcore, ska punk"
5J8MPzzufgbhutBl8gEr6r,Free the Animal,264866,38,False,,,,,,
3Db8OhBMmNPLv2rHYoP7Wf,P.Y.T. (Pretty Young Thing),195851,0,False,,,,,,
7M0fsXo6rpXOKkveYooBob,Goodbye,256786,0,False,,,,,,"idm, glitch"
5kjjmOGjOSdzp9jUIrQhuq,By Your Side (feat. Laura Mac),252746,1,False,,,,,,"hard house, bounce"
2DO7ywgu9cdNqXf7Cukys9,Song to Say Goodbye,216186,0,False,,,,,,britpop
6HvtxMfIUlIIUWlLForw6t,Repaint,233699,21,False,,,,,,j-rock
1CySFxnVmZ4ss602pZ1syF,Ah Oh Uh,403756,17,False,,,,,,"organic house, melodic techno, breakbeat"
3QRji4m3jZKoJHHDfYEvFf,Welcome To The People - Baltra Remix,190181,38,False,,,,,,"tech house, lo-fi house"
4Cm8yhNY5NWVBJy0vPdskQ,Single Instance,325338,3,False,,,,,,"melodic techno, minimal techno, techno, melodic house"
6YzWNNWyxVGC0eczvuUtmF,Say Yes To Heaven - Anyma Remix,222076,61,False,,,,,,"melodic techno, melodic house, techno, stutter house"
7vUwNqZYKChb2nHBVAJB43,Embargo,319466,27,False,,,,,,"trance, progressive trance, progressive house, electronica, edm, trance, progressive trance"
42dvF4habiX6w9f9UnrXEE,Burn for Love,419500,0,False,,,,,,
7q3qX7Ees3FZtRFJXWgPZs,It's Raining Men,254640,60,False,,,,,,
5rLyYxZNzca00ENADO9m54,When I Grow Up,196800,71,False,,,,,,christian hip hop
2JXToTsMgwojJjqY3kiaFh,Dreamer (Feat. Malou),179255,18,False,,,,,,"techno, acid techno, hard techno, tekno, minimal techno, afro house, melodic house"
4GlWm67TOxQ27YRDMHCsql,Icarus Drive,466668,6,False,,,,,,"melodic techno, breakbeat, breakbeat"
5UnIFgOpnUaKsukuB66GXg,Luzifer - feat. Ufo361,329188,0,False,,,,,,"hard techno, techno, acid techno, german hip hop, turkish hip hop"
764dlcO2ri4KKWb7dVWhpI,Drop Dead,126783,27,False,,,,,,"drift phonk, phonk"
4FtjMbx5rC3fUqcBJXhu1G,Higher Level - Bicep Remix,364609,29,False,,,,,,
1eV81a6H4xDdpi8r2C4tQT,Gravity,216000,1,False,,,,,,"minimal techno, techno, melodic techno, tech house, minimal techno, techno"
29T6HQEYLAc8syLr3I4SRK,Somethingood,390880,25,False,,,,,,"nu disco, alternative dance, indie dance"
6MCojEamGcokjZPWOEgbbN,Futura,206915,29,False,,,,,,
1jf4zm3rN0CtpHED3g8umw,The Alphabeat - Radio Edit,205591,21,False,,,,,,edm
2uJbhrIxC7zM62eBmPNApQ,You & I - Zach Mayer Remix,315692,0,False,,,,,,
5cSw4Gkh6Cuxl8JH8vchlm,SL001,289043,11,False,,,,,,
4EOxjNZtlZEUPO62UolMoK,You're An Orchestra In The Cosmos - Joris Voorn Remix,522074,0,False,,,,,,"dub techno, dark ambient, melodic techno, melodic house, deep house"
0VfUUuAT8TbTRKbRmlxMMo,Ryo,389929,0,False,,,,,,"melodic techno, melodic house, deep house"
6sUhC28zNaIuRzjC0QQhTF,All Eyes On You,501760,0,False,,,,,,
5edW1zAmH1bt042sIebo3T,Slow Match,308280,30,False,,,,,,"idm, electronica, dub techno, dub"
0FBcZk6M28DDhdO9JI6mWr,Zerfall,80466,0,False,,,,,,"hard techno, acid techno, techno, hardcore techno, tekno"
0nQdTcykkSL4f8MP8qE1Fl,Wait For You,465199,0,False,,,,,,"melodic techno, melodic house, techno, progressive house"
5cAEZ2TXrysnThigwT73zr,Mind Games,413569,41,False,,,,,,
0GclHr7syAMExjnGx4iulK,Take Me Home,210345,30,False,,,,,,"big room, progressive house, deep house, tribal house, progressive house, latin house"
18pCFVNOgVpEMnFNyH0YdS,Move Next - Original Mix,346270,19,False,,,,,,"acid techno, hard techno, techno, tekno"
2foOeJLKSvepjHEkb4NR8N,Think About the Way,260973,67,False,,,,,,eurodance
5uvosCdMlFdTXhoazkTI5R,Light My Fire,429760,70,False,,,,,,"psychedelic rock, classic rock, acid rock"
5UZub5dP27wSxoB6vcUEvI,Someone Somewhere - Tiësto Edit,221013,0,False,,,,,,melodic bass
6nIzjOlcMmk7ITm7FVbLA5,Tears In Your Eyes,215125,0,False,,,,,,"deep house, melodic house, progressive house, house"
30uitMgJTawWlVLNFEj3BD,Camargue 2019 - Enrico Sangiuliano Remix,494769,0,False,,,,,,"big beat, uk garage, hardcore techno, techno, techno, minimal techno, acid techno, techno, minimal techno, acid techno, tekno"
3ivn6JLGUbrFbhETQ4oikh,Loving You,508850,42,False,,,,,,progressive house
4CMMYnsYsM7gY3Gf7j10yf,Be My Lover,155586,50,False,,,,,,"hard house, eurodance, trance, uk garage, hypertechno, hard house, uk garage"
7CayS6YIPQzWNQ3UurgGmz,Injection,444595,0,False,,,,,,"melodic techno, minimal techno, techno, melodic house"
651QhUxshxkDbIl7Ljb0YX,The Gift - Original Mix,361967,0,False,,,,,,"tech house, house"
0N3W5peJUQtI4eyR6GJT5O,King Kunta,234693,73,True,,,,,,"hip hop, west coast hip hop"
3EPpNzUPEo07qHOYdqfFBM,Mirapolis (Laurent Garnier Remix) - Mixed,353360,0,False,,,,,,electro
0PMi7Te16djd77FNZNHEjS,False Alarm,231000,0,False,,,,,,
1SrIqVTPCu442WhQA6A9tU,The Book of Kells,295025,0,False,,,,,,
06cX1gmzT8uBgPD5eYY3fJ,Tränen stillen keinen Durst,176250,37,False,,,,,,"techno, hard techno, neue deutsche welle"
4jbmgIyjGoXjY01XxatOx6,Dark Horse,215672,81,False,,,,,,"pop, crunk"
0lObCMvwIKJ5bshR0D5V4S,Obsessed Minds,315500,16,False,,,,,,"hard techno, techno, acid techno"
1dhuY1DoWymcOPydghpkkZ,Everyday Of My Life,379802,0,False,,,,,,"progressive house, edm, big room"
0vYtSvR5hvbyVsJYp7Zslq,With You Forever,214053,0,False,,,,,,
4eadlIq69U6dVpnGWwvzRe,CHROMA 008 TANGZ,312307,31,False,,,,,,"alternative r&b, neo soul, uk r&b"
6mcxQ1Y3uQRU0IHsvdNLH1,Where Is My Mind?,236973,2,False,,,,,,alternative rock
3qhW02v4Yo6d5lPhxE6iZb,New Era,221065,0,False,,,,,,"melodic house, progressive house, melodic techno, deep house, melodic techno, melodic house, afro house, techno"
2qxaiv9ZSeRhVBe0zGZaAa,Nothing,209548,10,False,,,,,,"jazz house, lo-fi house, nu disco, disco house, funky house, jazz house, funky house, nu disco, disco house"
3bUNyRrTFJDd4mqvUcb1Aa,Born Slippy (Nuxx) - Radio Edit,264187,63,False,,,,,,"big beat, electronica"
7lQqaqZu0vjxzpdATOIsDt,Starboy,230466,1,True,,,,,,"french house, electronic, electro"
6jLo02XocJ0uwKvWYyIw83,In My Mind,222352,5,False,,,,,,"trance, progressive trance"
2af6IVGm8W8S7YXBDKn6IH,After Berlin,413119,0,False,,,,,,"melodic techno, minimal techno, techno, melodic house"
6Us6ZkVUyxWldY1p12NRHK,Neverland,327946,22,False,,,,,,"hard techno, techno, hard house"
1KcKjWHlBwSSywdLd6MZQj,Obscurity,407121,0,False,,,,,,"melodic techno, melodic house"
6SWxQOJsuX80lBQsiig25v,Indio,367277,8,False,,,,,,"melodic techno, minimal techno, techno, melodic house"
2pucDx5Wyz9uHCou4wntHa,Inspector Norse,400751,1,False,,,,,,nu disco
2SBoJys8JFTR1ntjP9L5wB,We Were Lovers,196422,0,False,,,,,,"darkwave, cold wave, post-punk, ebm, gothic rock, deathrock, industrial"
0c5nIZsdOZOaaFE0OQuoyU,Hell on Earth,388254,46,False,,,,,,"melodic techno, techno, acid techno, melodic house"
2ycQ8PhW4eMoe0Tx0P4Tno,Wolves - Instrumental,283439,0,False,,,,,,"electroclash, new rave, french house"
6twiVe7YH62G7fmYsYRpwN,Come Back to You,188393,45,False,,,,,,
01T9XQEBbU4HJodbfYFt2z,Relevee - Carl Craig Remix / Slam Rework,475105,15,False,,,,,,
08qGLfKTCJirdZBeqzZTRC,Freefall,199026,30,False,,,,,,"trance, progressive trance, progressive house, electronica, edm"
55RgkQsaSkcScDaBm5m7D2,Panic Switch,342040,0,False,,,,,,
2Lt6XpDCo3xETDwWgvZJIY,Murderers,160480,48,False,,,,,,
1C7fiHE5eBoaBF8WwQ5oXP,Prophecy,435000,0,False,,,,,,"techno, acid techno, tech house, minimal techno"
0eGsygTp906u18L0Oimnem,Mr. Brightside,222075,9,False,,,,,,alternative rock
1BydCCN25cQDrDbFv0DqwG,Sintra,322000,14,False,,,,,,"hard techno, techno, acid techno"
2lJgUJ5B4jG6RB0TiUDc1V,The Best Revenge - Oliver Koletzki Remix,406306,4,False,,,,,,"electroclash, alternative dance, new rave, organic house, minimal techno"
22yERhbABNbxGZzsKrsg5i,The Raid - Myde Megamix,359886,0,False,,,,,,"trance, progressive trance"
75kMrDKPJJpgEQaXVh7QMB,Pray to God (feat. HAIM),232226,63,False,,,,,,edm
34ZLVo5BSTwvUs2INNmwnZ,Ignition,437540,0,False,,,,,,"melodic techno, melodic house, minimal techno, progressive house, techno"
27ITlhgZIx0ZYwaLYYDBsi,LOVELIFE,151475,0,False,,,,,,electro house
6A8llSO9QFF4djCCmuCrNu,Flashback,227880,56,False,,,,,,edm
1PHKYn3cci7newB5lJhtYK,Love Alight,179414,0,False,,,,,,
7aIb17DMLcOhLJIc9vF6Aa,Phonky Tribu,286145,59,False,,,,,,"hard house, techno, phonk, hard techno"
2Kpoeflreypc9B2iQeawu2,Higher,230746,0,False,,,,,,
5esZWlW1SijQtw30OcWyUs,Space Diver,397440,1,False,,,,,,"minimal techno, techno, melodic techno, tech house"
29P3bJSzsI5fUvwxSItkvr,Lovers From The Past,199280,56,False,,,,,,"darkwave, cold wave"
4d1nARrbVO8nQ6463It0LQ,About Us - Original Mix,241951,34,False,,,,,,"melodic techno, progressive house, melodic house, indie dance, melodic techno, melodic house, progressive house, techno"
3eGE5o9pzEGgIahB4lrqvX,Wechselspannung,364255,33,False,,,,,,"hard techno, techno, acid techno, tekno"
0EcH1iItB5rVIZaaiQMbsG,Take Me Away (Into The Night) - Vocal Radio Mix,190426,59,False,,,,,,trance
2aKqSCOlErHn6sZKHRrw6A,Descending Fog,213750,2,False,,,,,,"techno, acid techno"
6I5EyRfFFWlLuXlaBVy1up,Der Blaue Reiter,431870,0,False,,,,,,"melodic techno, melodic house"
7IfOWyh4jTfkcGVrXKVNq0,Aloha,218480,60,False,,,,,,
71ty7upWSu5JxHcGfWSENY,We Are Not Alone,386341,0,False,,,,,,"melodic techno, melodic house"
00DTyvJWZxmyG6qLE9O57F,Grey Matter,450147,0,False,,,,,,"techno, minimal techno"
33BtlwXUBRunGdnHAy9Qdi,Don't Mean A Thing,348741,36,False,,,,,,idm
0Wr03HrFK8eZiTwM2sHVeN,Dysania - Original Mix,440975,0,False,,,,,,"melodic techno, melodic house, techno, minimal techno, melodic techno, melodic house, indie dance, progressive house"
7pBGmCtzP0h22KARFPx9Tt,Holding Me (Radio Edit),190223,22,False,,,,,,
1VsQdMNLHs9gVjvlpgfxL4,Sir Duke - Original Mix,159111,0,False,,,,,,"big room, electro house, future house, edm, big room"
0Y3SRdVn4yNpXD2rpTcPun,Heartbreaker,695662,25,False,,,,,,"techno, hard techno, acid techno, tekno"
0sgbVwevbpvp9e6LF152Jt,In the Air (Mord Fustang Remix),458306,0,False,,,,,,"edm, progressive house, melodic house, progressive house, trance, progressive trance, progressive house, electro house"
5U2mg6BAKhffYt8iTbuWkK,Boom Clap - Aeroplane Remix,316986,18,False,,,,,,"hyperpop, art pop, nu disco, french house, indie dance, disco house"
01J6iy59nDgDoEd0nhqgcu,Time Is On Your Side - Radio Edit,176799,36,False,,,,,,"progressive house, future house, edm, progressive house"
5LXPtSbeAQoxk9u9rayfur,Talk,406101,2,False,,,,,,"melodic techno, melodic house"
42RIuav2MTQs3TEelnQDa3,Bleu (better with time),196965,0,False,,,,,,"stutter house, house"
5F5dA3feOoROfU8VBpnOiy,Underworld - Tuff City Kids Remix,465556,0,False,,,,,,"melodic techno, melodic house, tech house, indie dance, nu disco"
6qWNnWeTNTr4nulEtHh96A,Shooting Stars,233332,0,False,,,,,,alternative dance
5PhgIoXTSE51GwHKbdJiwR,Blood Lust,245333,0,False,,,,,,witch house
336ZYcU6poBWi3s8yzRcAD,I Follow Rivers,228466,62,False,,,,,,
67wpgNP46NIoSSTAk6dBWF,Alte Zeit,366857,32,False,,,,,,"hard techno, techno, acid techno, tekno"
7oK9VyNzrYvRFo7nQEYkWN,Mr. Brightside,222586,9,False,,,,,,alternative rock
2w1JSr3I1BXnTRyGskbJ45,Juniper,414193,40,False,,,,,,"minimal techno, techno, melodic techno, melodic house, tech house"
7JLgigmISLh7ZhYubUWK0T,Two Souls (Austin Leeds & Redhead Roman Remix),329546,0,False,,,,,,"trance, progressive trance, trance, melbourne bounce, future house"
4aBYzs8RxZMuqyOanNlf8I,Like I Do,201560,48,False,,,,,,"edm, edm, electronica, progressive house, future house, edm"
7Ay8Qdrvu0htVl7CkqTYAi,DVNO,236546,0,False,,,,,,"french house, new rave"
120okE9x88oKj0H4HHwYxk,Proteus,344262,6,False,,,,,,"techno, melodic techno, acid techno"
0fHZirprNSLEc1OLs1OiwL,Blossom,254586,1,False,,,,,,
7nj50KCxnSOUGNOvLP0gEn,Syren,197822,0,False,,,,,,"melodic techno, melodic house, techno, stutter house, melodic techno, techno, tech house"
61iUPDjDM2zgGm9zuK37h6,Meander,205068,48,False,,,,,,"techno, hard techno"
3qrEG6rQ9Qm72MNWeUKKiU,Wham Bam Shang-A-Lang,212840,69,False,,,,,,
57h96qWrViAcioQHyb6exT,Cruel Mistress,294914,0,False,,,,,,"nu disco, disco house, funky house"
15uFqHGAOvaGCqikvgiW6w,Sleepless - Radio Edit,221421,0,False,,,,,,"edm, electro swing"
5453frA2hsBPjGRVDHm1PJ,Somebody's Story,548640,0,False,,,,,,"melodic techno, minimal techno, techno, deep house, melodic house"
3gfmFoJgmn9LiIj5mV8oSS,I Just Can't,156000,0,False,,,,,,"slap house, edm, big room, edm"
7rbIaUUlcwCa1PZMrTErxq,Elessar,391250,0,False,,,,,,"melodic techno, melodic house, minimal techno, techno, progressive house"
1x6JcuNsTk2jv6CszQqyC9,Take My Hand,383750,16,False,,,,,,
57RHMnLMQx8Qz5V6c0E8dF,We Are The People,267354,61,False,,,,,,
54bjvhHv2ThqFtK9PACFhf,Hands (feat. Denai Moore) - Samaran Remix,254440,0,False,,,,,,future bass
1F9kEuwT29fgqlovIclu81,love race (feat. Kellin Quinn),188779,58,False,,,,,,pop punk
5eCgNATwXgRc4mZx9NymGJ,Waiting For Love,228750,2,False,,,,,,edm
4ZuRtS1VQYdJBeHPQ1QQj3,In The Dream - Myde Megamix,207032,0,False,,,,,,"trance, progressive trance, trance"
43ra6sCSWB4vttGezXhGG3,Rain,318610,0,False,,,,,,"melodic house, melodic techno, progressive house, progressive house, acid jazz"
5xUvPuiQvF1AQHE5Xj4uTL,Caress Me - Edit,203520,0,False,,,,,,tech house
61vMONAklv5mZaRzpVhuQH,I Feel Better (feat. Nick Nikon),442031,0,False,,,,,,alternative r&b
72kpLCmcgQHB8b6XFOQEDU,Hand In Hand,256680,0,False,,,,,,
4lkDky0afnOb8QZZsbeS2Y,Perfect Illusion,181506,0,False,,,,,,"art pop, pop"
2Q7WLLrYzb10BryPYutbGX,Tender Skin,435226,0,False,,,,,,
6Sut2jMsmtx3ZFeJQP6jV4,Roll the Dice - Konstantin Sibold Remix,285235,49,False,,,,,,"techno, minimal techno, melodic techno, melodic house, techno"
0lwfTyUbKM9Em6225HXT4B,Colonia,234546,42,False,,,,,,"techno, acid techno, hard techno, tekno"
6B7i07DIQnXuuCvhRFPGYW,Full Throttle - Paula Temple Remix,361690,15,False,,,,,,"swedish pop, techno, hard techno, acid techno, tekno, industrial"
3LBWAYCXn4GCkg0jOgWD7D,Breathe In (Short Mix),247559,46,False,,,,,,"melodic techno, melodic house, techno, progressive house, melodic techno, melodic house, melodic techno, melodic house"
4zvqwaG4RBM6H8Fgf6Ym8L,Too Deep,272275,0,False,,,,,,"darkwave, cold wave, ebm, post-punk, industrial, synthpop, gothic rock, witch house"
7vmLW0qZn0vBgH6WN7ZAnC,Only God Knows,231750,37,False,,,,,,experimental hip hop
4Sfa7hdVkqlM8UW5LsSY3F,Take a Walk,264493,64,False,,,,,,indie
5rzwaJ4x3067nM3YmG99V0,Afraid of Heights,225680,50,False,,,,,,punk
3b28eJuh4eW50jXjPKpf49,Alone,238129,32,False,,,,,,"melodic house, melodic techno, deep house, afro house, melodic house"
2ewfX3ASoCQgTGSUn6G9XQ,Patience,277975,4,False,,,,,,
5mtekYNQKL206zNH3UXdGD,Work,265160,0,False,,,,,,"french house, electroclash"
63MUg41pBCQ1Usu23cb6wP,You Won't Forget Tonight,262753,0,False,,,,,,liquid funk
6utFNl6tz78Z5luz4H5IAN,Marble,219826,17,False,,,,,,synthwave
5jCqGZpLdbfutqUdO2HSNE,Die Energie,341791,0,False,,,,,,"hard techno, techno, acid techno, hardcore techno"
5VwIUWNIcvXvPRLProsxGD,Miami 82 - Vocal Mix,365625,0,False,,,,,,"tropical house, edm"
1lpGX4TZPVgEKGGBDc3n9j,Nada,260439,70,False,,,,,,"rock en español, mexican rock, mexican indie, latin alternative, latin indie, latin rock, rock en español, latin rock, mexican rock"
1xdXDooKsUwg957EOMMORq,Bassface,390000,18,False,,,,,,"acid techno, techno, hard techno, tekno"
15JHH5FBawCL7DmCcUxlUp,Song For No One,248746,0,False,,,,,,alternative dance
33W8Y0phMRh83gYfWDWGey,Dilo 33,198000,3,False,,,,,,trip hop
5K7RDuh2JihPUScuOB76Sq,Face Everything And Rise,190586,0,False,,,,,,"nu metal, rap metal, alternative metal, rap rock, rock"
6ngaOZmoYDSOILK4XfdJBW,West Coast,202573,36,False,,,,,,"garage rock, surf rock, skate punk, indie punk"
51cfYPKmavPCpttVPmV6Y7,B3 (Summer Tape III),191607,37,False,,,,,,acid house
7w6Qt3Yl6dIsVxHcy0nEi7,75ZOO,349672,28,False,,,,,,"melodic techno, techno, acid techno, melodic house"
29U1azNyQN2vSqIquF9srD,Midnight City,243960,0,False,,,,,,
18jcuenWg8hfYdZee2lQfc,Kisses (feat. bbyclose) - Malugi Remix,150735,42,False,,,,,,"hard house, eurodance, trance, uk garage, hypertechno"
1ajPdywE7Y06OR2WkZa2Ca,LEFTLOVERS,424091,29,False,,,,,,"hard techno, techno, acid techno, tekno"
0SyWhkrm6yBPgqliVB7MP9,Knees Break,148965,50,False,,,,,,"hard house, eurodance, trance, uk garage, hypertechno, hard house, eurodance, trance, techno, bounce"
7ons5HsFQUnWu2x7dXNZAa,Vibrant Air,251000,0,False,,,,,,"lo-fi house, boom bap, lo-fi house"
1BLOVHYYlH4JUHQGcpt75R,Ode To The Mets,351786,70,True,,,,,,"garage rock, indie rock, alternative rock"
0esqnRo6slUc3hjqppnVAn,About My Dreams,320000,36,False,,,,,,"melodic techno, melodic house, afro house, techno"
1v1cw4SFLh1ELs2VRAcJZt,Shut Up,296186,0,False,,,,,,
4uuG4svhDuKtDOZ2BXeRA1,Ms. Right Now,258504,25,False,,,,,,
5WboXLLp70GOKNrTiaXWCh,It's All Over,443594,0,False,,,,,,
6a9Iq8S1xFjfXwDkrfZZwA,Faith Forever,338999,9,False,,,,,,tekno
6dzqqQSSuqH5CEEyeYwYJU,Unloved Hate - Mixed,222582,14,False,,,,,,acid techno
69AERH8jcGcqFIIFv9qD2B,Diamonds - Original Mix,319933,25,False,,,,,,"melodic house, progressive house, deep house, melodic house"
19slC7k8bsPOAKDjHYLU2W,Father And Son,221000,1,False,,,,,,"folk rock, folk, singer-songwriter"
2E01JGJGMa5gW1PmqAWYXG,Overtime,246447,45,False,,,,,,edm
4IZdfTsTlQYvBtSFAcgjVu,Get Closer - Joe Mason Remix,264000,26,False,,,,,,
702zhmWCJd4fHlxuIC02qZ,Eagle Eyes - Joe Stone Remix,290853,0,False,,,,,,"tropical house, tropical house"
0g8oX8FjqUDQc3u4PMJHab,Take U Back (Reinier Zonneveld's 2023 Mix),236666,32,False,,,,,,"techno, acid techno, hard techno, tekno, minimal techno, hardcore, frenchcore, hardstyle, gabber, hardcore techno, speedcore, tekno"
6fQoomNZcRthXGJmR8JulG,Wake The Giant,210790,35,False,,,,,,edm
5jmqf0BMOKEcC8pMC2OiGo,Клоуны,210232,35,False,,,,,,
4YAmz4rhvNURdkmwbWAX35,Ева,248760,0,False,,,,,,
2UpAbzcMcKee8ucVeOCXty,Everyday,379842,0,False,,,,,,"brazilian bass, electronic, electro, g-house"
4Iy0bmPLIOglTSz47y6x0s,Spark Of Light,284500,15,False,,,,,,"melodic techno, melodic house, minimal techno, techno, melodic techno, melodic house, progressive house"
4dPnw4jTJafl5xlJTc1bLf,Have a Fight,214000,15,False,,,,,,flamenco
2HYaqJitHc9qiG68vc0JIm,Fluorescent Adolescent,179533,1,False,,,,,,"indie, garage rock"
2IkhVn22dipV80PXKhy8JY,Sacrifice,362528,0,False,,,,,,"disco house, funky house, chicago house"
3KGh0aBKXeOM3QBnPmRXcF,Veil - Edit,199024,0,False,,,,,,"melodic techno, melodic house, techno, minimal techno"
2AmjhQbiL663mGtaVDB6Jx,Good Day (feat. DJ Snake & Elliphant),228342,0,False,,,,,,"edm, edm trap"
2HRSVvvATNEndZOR47UPPZ,In Der Nacht,313037,0,False,,,,,,"hard techno, acid techno, techno, hardcore techno, tekno"
4YiEKrJuoZGGg3nzTJfONS,Superlove (Avicii vs. Lenny Kravitz) - Radio Edit,179530,44,False,,,,,,edm
4snT9aRs3dBI4NjKIazBXR,Zermatt,217500,55,False,,,,,,
5nWbbQ0sIEabqPxAdqmh66,Sweet Disposition,234680,46,False,,,,,,
1blkAgvEC7y33jvBWxlVql,Vergiftete Jugend,303676,0,False,,,,,,"techno, hard techno, neue deutsche welle"
4Cgct9Vlype9cYZFW2wSnk,"Hey kid, Close your eyes (with Lee Sun Hee)",233416,42,False,,,,,,"k-ballad, k-pop, k-ballad"
19WDbl8eJvSynQVKE8yGP9,Doubts,272663,0,False,,,,,,house
6I5SDPgn2iW2J72WHGWY69,Music Is The Answer,244200,31,False,,,,,,"techno, acid techno, hard techno, tekno, minimal techno, bassline, techno"
6wW7DmFqGHQFqz0rp1OvBq,Somber,405563,6,False,,,,,,"organic house, melodic house, melodic techno, indie dance, melodic house, indie dance, melodic techno, organic house, progressive house"
6tzt0c0K4KJCgn6MhJ5ig7,New Song - Jono Jagwar Ma Sun Mix,498469,23,False,,,,,,dream pop
5md56JMmEL8RgGJdeH8XUx,Discovery,371250,0,False,,,,,,"techno, minimal techno, acid techno, tech house"
21vtyMs7mkb0ji9llNXGm4,Game,263613,0,True,,,,,,
4F9SgvPLsxFLVhJiyBb6Ae,Dark Aster,320236,0,False,,,,,,"melodic techno, melodic house, techno"
6Y1c6YbCD2HzRck6qm6ux8,In The Dark (Radio Edit),233560,0,False,,,,,,"edm, trance, big room, house, trance, progressive trance"
40G45aA4dDcFt6AalUBsCu,Without Love,235733,36,False,,,,,,"witch house, hyperpop"
6z4SdP7F4Nfu8O01PlJpQF,It's a Pleasure To Meet You - Original Version,287035,20,False,,,,,,"organic house, minimal techno"
39JofJHEtg8I4fSyo7Imft,B.O.T.A. (Baddest Of Them All) - Edit,226626,71,False,,,,,,"house, uk garage, breakbeat"
4mpZOqYF2GVJHqIghRueka,Dreams,399344,0,False,,,,,,melodic techno
2CLNN8ISyHMCBpxHYVBPR4,Koan,376331,5,False,,,,,,"melodic techno, melodic house, organic house, organic house, melodic house, melodic techno, indie dance"
4TtBHwZinq03rYtB2fHUfL,These Days Are Gone,221160,0,False,,,,,,
7sjVAPfY8dbmFmJlUzAg6C,Brachland,268615,20,False,,,,,,"techno, acid techno"
0k73nWaD6RPx2sHFEkGPcn,Feel the Love (feat. John Newman),245186,68,False,,,,,,
3riyMcq2mv84ZXFR9T9uBM,Right Now - Yuksek Remix,256674,24,False,,,,,,
3DnUQXJqtTsS17KLeZQSh9,Live to Survive,184666,34,False,,,,,,
0dMFNDD16Sm04MIq7vaeuT,Home - Eelke Kleijn Remix,242809,32,False,,,,,,"trance, progressive trance, trance, progressive trance, melodic techno, melodic house, progressive house"
49ErwcBYfYRPNBdRuPvpYA,We Are Your Friends - Justice Vs Simian,262773,1,False,,,,,,"french house, new rave, french house"
38S8QaVo3RlmLU7cgfNT7B,All This Love,251399,0,False,,,,,,"edm, swedish pop"
1NPphx1vkPrjAINoGROYA7,Luftlust (Original 120BPM Version),360960,0,False,,,,,,minimal techno
6cNSxZaBUwojTM7Ffx4IR9,Kurai,172615,0,False,,,,,,"trance, progressive trance"
4aT9Pm5jhQBepwqyyuNbTT,Opr,233965,0,False,,,,,,
36Vrhbv2vZaOAzMyclEauW,Supernova,215564,30,False,,,,,,"minimal techno, techno, acid techno, melodic techno"
47eSFHsPDVJwssTTG62Af3,Lost in Music - 1995 Remaster,287440,58,False,,,,,,"disco, philly soul"
3FtoFV2jACKn22Ym5OGiX1,Sound Of The Soul,236692,37,False,,,,,,"melodic techno, techno, acid techno, melodic house"
6R2TSs7XaceEyovdPOr5Rt,I Wanna,178838,45,False,,,,,,"hard house, eurodance, trance, hard house, eurodance, trance"
1lfVngSLGVB7016sN7aT4P,Picnic,338295,0,False,,,,,,"electroclash, new rave, french house"
68UW3plyDDNg1dkNIZRezJ,Tinted Eyes,175081,1,False,,,,,,"edm, big room, electronica, slap house"
3ajvxkgNtQGSX6OqYa5Txf,Empty Room - Elderbrook Remix,195000,0,False,,,,,,"malay, malaysian pop"
3JnQth6rdt2s9PXtHQMW1E,The Way,426266,1,False,,,,,,
1XXa4K7p0q5990twdZEx6C,6 Feet Away,203560,18,False,,,,,,"nu disco, alternative dance, indie dance"
5H2cgEPEJxA72Bqb4cLvrj,With You (Jai Wolf Remix),328421,39,False,,,,,,"progressive house, edm"
3QzHExZXuIs4jvxco5thkX,One By One,224853,18,False,,,,,,alternative dance
2ZjsGA7RfyNzkw2fjkdoGw,Fight for You,237760,0,False,,,,,,"edm, progressive house"
6UHVgs77OlXMYELnvI8VbR,Aquarelle,289203,0,False,,,,,,
5Y5d3O5RSUiGqmd9Fsj4oq,Rising Tide,206543,10,False,,,,,,
5CvaeEX9dU9ZhwyoVIIgTO,Gratitude,210000,37,False,,,,,,"deep house, melodic house, progressive house, house"
45V4hmjgWU7mD97WoHSLhL,Last Call,415542,18,False,,,,,,"melodic techno, minimal techno, techno, melodic house"
1TWXNdKGsZUlz43oEmtYxt,Regarde,254871,21,False,,,,,,"french indie pop, french house, french indie pop, french house"
0cAhbpsVMIeAoNsmLWQvZ9,What Trance Feels Like,395278,46,False,,,,,,"hard house, techno, phonk, hard techno"
1GctWYolAuSXxxT47K8j9o,Shine,399354,2,False,,,,,,"melodic house, melodic techno, organic house, progressive house"
6YOQs7jyXFBgoqHx8mF3jk,Dew,397077,7,False,,,,,,melodic house
5V1AHQugSTASVez5ffJtFo,Let It Be - Remastered,243026,1,False,,,,,,"classic rock, psychedelic rock"
2tKCnZQxGfwnR5UXZBxl2D,MIST,182400,20,False,,,,,,europop
2bTbJevtdXgvMHuPo9CJVi,Too Much DMT,406790,0,False,,,,,,"hard techno, acid techno, techno, hardcore techno, tekno"
1bWEngw5tAF7vWByrf5Oy5,bloody valentine,205015,1,True,,,,,,
3kJf8t3F3cN5BgOsCqSfOd,Stay The Night - Featuring Hayley Williams Of Paramore / Nicky Romero Remix,337146,0,False,,,,,,"edm, art pop, big room, edm, electro house, progressive house"
5kA2Odk6G20Ik5DCTVpC2R,Feel Good,218880,32,False,,,,,,melodic techno
1nas007nDbzLwDGwvMdz79,How You Love Me,210468,1,False,,,,,,edm
7lbpqAD1ELBS3ifiEBO34O,Feel The Beat - Radio Version,259600,44,False,,,,,,eurodance
0Py4iHLT1CPUOB6UJCrKeq,How To Listen To This Album,150461,53,False,,,,,,melodic techno
4hOEudiI5Nk0ONBnl0eH3s,Dancing With Demons,385034,0,False,,,,,,"melodic techno, melodic house"
37TmjR8M8jWOCZp9YqHJkB,Be Mine Tonight,170466,42,False,,,,,,"french house, nu disco"
7CZWk6DWaXUhca2UUX28aq,Basiel,382109,23,False,,,,,,"techno, acid techno, hard techno, tekno"
1VTtyDJJtHPSawNbFXpvRQ,Grauzone,241259,17,False,,,,,,"progressive house, organic house, melodic techno, melodic house, melodic house, deep house"
269OfNY9Je1QWaDnu31KKp,Wild World,200173,0,False,,,,,,"folk rock, folk, singer-songwriter"
3ooXvFz2vOeqiDasT6LuAJ,Anywhere - Radio Mix,209896,13,False,,,,,,"techno, acid techno, tekno, acid techno, hard techno, techno"
71EnloViXmSKrQkrkaYFxF,Be Right There,237051,0,False,,,,,,moombahton
099hgHuq1F9lcXyH1uVS2v,Wächter der Nacht,329578,0,False,,,,,,"techno, acid techno, hard techno, techno, acid techno, hard techno"
0qai76jDCtlMy2bZxhcprL,They Won't Hurt Us Anymore,241301,0,False,,,,,,tropical house
12HB8AmFTovKrFcGG36KbL,Delilah,293468,54,False,,,,,,baroque pop
5NuVxI2AlR1pYiMPa3zUjQ,Energy Flow Eternal,326363,8,False,,,,,,"techno, hard techno, acid techno"
5uzNa0SBGOe5pPnstWHMCt,Come On Eileen,273720,1,False,,,,,,
57OEB5L9uBPKdK9c7SGmGx,Synchronize,258151,0,False,,,,,,"nu disco, french house, indie dance"
0Py0wDeEgTQJp2QC706sxd,Rave Instructor,344531,33,False,,,,,,"hard techno, acid techno, techno"
74zwpxcN8WD03yZwLPYwLt,Maliblue,259082,0,False,,,,,,"french house, indie soul, nu disco"
3RhoJBbU3aXy4hO9cFQZEL,Enigma,377953,34,False,,,,,,"melodic techno, melodic house, minimal techno, techno, progressive house"
6YzvFfzQNxAUZWYjDOHo6H,More Than Friends (feat. Kelli-Leigh),140698,0,False,,,,,,"house, tech house, drum and bass"
1kM3YDYaxamwRonSexKBTO,Sinner,419236,18,False,,,,,,"techno, hard techno, acid techno"
3wK37814vyrRNUvTV4R2MU,Waiting,331511,41,False,,,,,,"melodic techno, house, progressive house, melodic house, tech house, melodic house, deep house, melodic techno, progressive house"
6j8nh1kHwezw8pkC2eU87F,Touch Me (Radio Edit) [feat. Cassandra],213133,63,False,,,,,,
6Bi3pZTa53TakY0Aj5HLEQ,In The Shade,272000,0,False,,,,,,"nu disco, indie dance, french house"
39RJQzymqikCLX67DJe0PK,Blush - Vintage Culture Remix,338000,33,False,,,,,,"brazilian bass, electronic, brazilian bass, electronic, electro"
2crGg0TLNfdh0BIzHiavoJ,Common Era,405534,0,False,,,,,,"techno, acid techno, hard techno, tekno"
5f5oCn8eUGl3Elcp5wKrfc,Best in Me,334153,24,False,,,,,,breakbeat
3FwKj3JV8e0CZKKRlNJ2vd,Brahma - Original Mix,322196,0,False,,,,,,"melodic techno, melodic house, progressive house, tribal house, organic house, downtempo"
0cQrxY9FWdBuugLsJBtra3,Relikt,381322,0,False,,,,,,"hard techno, acid techno, techno, hardcore techno, tekno"
6iE0VNpMQKcIdpst3Gg07J,Fliegen davon,122360,34,False,,,,,,
7GTa3mnLXrf0Pm0KEuSsH8,Wicked Eyes - Ryan Murgatroyd & Kostakis Disco Cowboy Remix,461311,0,False,,,,,,"afro house, afro tech, organic house, melodic house, melodic house"
2qSvGLIjFpKn7AZTUYOQBj,Infinity,398166,0,False,,,,,,"techno, minimal techno, tech house"
0eCZ374V0zfrvAGiiy5ToH,Cashmere,454218,0,False,,,,,,"melodic techno, minimal techno, techno, melodic house"
7mQAjg2u5udWhnQ07jIHI7,Higher Power,208601,1,False,,,,,,"melodic techno, melodic house, techno, stutter house, melodic techno, melodic house, techno, melodic techno, melodic house, deep house"
69u6WS5N16hxXQnfRnpxfu,Tears From The Moon (Tiësto In Search Of Sunrise Remix),489492,0,False,,,,,,
0ldBpwY6ZGuxUTmciDEyn3,Siren Song (feat. Eden) - CamelPhat Dark Dub,362563,0,False,,,,,,"melodic techno, house, progressive house, melodic house, tech house, progressive house, melodic house"
7jE20ZdsqFCHiSflR02Qxi,Ramses,478048,0,False,,,,,,"melodic techno, minimal techno, techno, melodic house"
0dKtJcaTJDzI4Z0YF1xQ02,Raindrop - Original Mix,364599,0,False,,,,,,"progressive trance, trance, progressive house, synthwave"
7zmv6LDI0P5Rg0YaP0iK5F,Sweet Spot,450089,18,False,,,,,,"melodic techno, melodic house, minimal techno, progressive house, techno"
14ZaapPJ0goVV3JxVxdREG,Dogs - Oliver Koletzki Remix,434175,11,False,,,,,,"organic house, minimal techno"
5MAkNMKue5K80ldpsCDazN,Memory Fragment,347804,0,False,,,,,,"techno, melodic techno, acid techno, tech house"
4upBuWLX4wsMg7S7gOqZpg,Dance For Me,328879,0,False,,,,,,"hard techno, techno, acid techno, tekno"
2XCfdXbtoqVTXxw3vIOGTo,Notre Dame - Original Mix,223636,0,False,,,,,,techno
47fdWF1OF0tGhU1ogh6a8l,IMYSB,392000,12,False,,,,,,"melodic house, deep house, progressive house"
4fCpHhES8IExESfkZmRQQ3,The View From The Afternoon,218133,0,False,,,,,,"indie, garage rock"
5RBOcBpJXaNnHCGViJmYhh,The Perfect Girl,194423,76,False,,,,,,"darkwave, cold wave"
7DoN0sCGIT9IcLrtBDm4f0,Lonely Together (feat. Rita Ora),181812,2,False,,,,,,edm
26xw61UppTKPySjw3RLvx6,Move My Body (feat. Lucy Dye),167820,49,False,,,,,,"hard house, eurodance, trance, uk garage, hypertechno"
7HOKaFnIorTiqDV38gFmsu,mein boy,211443,0,False,,,,,,"german indie, german indie pop, german pop"
6qFDH5YRsAVhoQMBie2EnU,Santiago - Alex Metric & Ten Ven Remix,406616,0,False,,,,,,"drum and bass, liquid funk, acoustic pop"
13WOhFV0uzw6H9WSuuijNh,Enemies - Cezar Nedelcu Remix,287293,0,False,,,,,,
2y2E0ix0iJWQWUMmlbTWjg,May 16,176960,41,False,,,,,,"skate punk, punk, melodic hardcore, ska punk, hardcore punk, ska, pop punk"
4PQCrz4sk00dIEmkwmmJCr,Together - Radio Edit,211533,40,False,,,,,,"edm, edm"
5wAIZUcI26tzkKszTvwDDp,Closest Ever,558095,17,False,,,,,,"melodic techno, melodic house"
06j55Ok0s91zfw63w45L7f,Everybody,228693,0,False,,,,,,"eurodance, europop"
09ZEB3X2oswrIBBuzuVLEt,Want You Bad,202600,0,False,,,,,,"punk, skate punk"
4CvvIoMzXxXTzvGPT9nBNO,The Future Is Unknown,263520,48,False,,,,,,"melodic techno, melodic house, afro house, techno, melodic techno, melodic house"
5qAMxKqDoma0mBmfQ0v2O6,Converge - Elif (TR) Remix,406779,1,False,,,,,,"melodic techno, melodic house, progressive house, organic house, rockabilly, organic house, melodic house, melodic techno, indie dance"
3ZOEytgrvLwQaqXreDs2Jx,Can't Stop,269000,86,False,,,,,,"funk rock, alternative rock, rock"
5UkAoiqanCHQSya4iVJOws,Echoes,228311,0,False,,,,,,"new rave, alternative dance, indie"
6clsKQRcqbewqlucoqQNXi,Rever,319280,33,False,,,,,,"neoclassical, minimalism"
1nawO2xKQj1haBWWhLpUfG,Lunar,192016,32,False,,,,,,"melodic techno, melodic techno, melodic house"
7F3XiVyHhM6xKiKjHDnBN8,Knock You Out,170000,0,False,,,,,,big room
5q21u5TzhSaJPslac3xce8,Sometimes,253728,0,False,,,,,,"nu disco, electroclash, indie dance"
7iUijliV7RNqBswYOI75u8,Signs of Saturn,372004,0,False,,,,,,"melodic techno, melodic house, techno"
72DJYvdItwcnDUzbViU1Kl,Breezeblocks - Tinlicker Extended Mix,411172,24,False,,,,,,"indie, indie rock, melodic house, progressive house, melodic techno"
3lrqo0H2qAyGuaGMlckgBY,Magna Terram,505823,30,False,,,,,,"melodic techno, minimal techno, techno, melodic house"
7G596GJow5bloojRLVf2hw,Knife,184617,34,False,,,,,,
248MY9E2YJf9kSJqIJRTwI,Blue (The Blaze Remix),458746,0,False,,,,,,
1VCHNbal0VtE2plMRzvoho,Weekend,175058,50,True,,,,,,
0Cz9dLpXbp0Vq11g4a0PO8,Hands To Heaven,360253,21,False,,,,,,"trance, progressive trance, progressive house, electronica, edm"
0zsE0og8kz0nddQFeNrgPG,Traum,214800,55,False,,,,,,"hard techno, techno, hard house"
5qM61pJDpUnVDjrSOkaouT,Hollow,211250,0,False,,,,,,"progressive house, big room, edm"
2TG30mMcNrZF1xg2Ghmfld,Bronx Sniper,219426,0,False,,,,,,
3jgpE2RhPNOD98t5PoYTrT,Warped,450457,28,False,,,,,,"techno, acid techno, hard techno, tekno"
2IWXn5BJBJ4rVcEY2A5fvn,Technoir - D-Nox & Beckers Remix,463830,0,False,,,,,,tech house
3fThUiifN17brFqJ6LIjyz,Hypnotized,248586,21,False,,,,,,french indie pop
3GC3xIxWImpR7dfv2F81ze,Greyhound,411017,1,False,,,,,,edm
6Mh0sMIU2vEtI8DhnFsicb,Romanticise,213599,0,False,,,,,,nu disco
30uJNlHIjfDeE4vr8g9fpf,Snap Out Of It,193030,0,False,,,,,,"indie, garage rock"
6goNTQZNr60fflEB1OO2ML,From the Basement to the Roof - Oliver Remix,323973,16,False,,,,,,
2ElP1vhQkX30BqLqeXXSh6,VFP,432000,17,False,,,,,,lo-fi house
5g6Cfxj9yxOhwhTSzwqFki,Distress - Original Mix,242812,29,False,,,,,,"minimal techno, techno, hard techno, acid techno"
5zuN8DZ5CD60ZoRKwX87k2,Where We Belong,318053,32,False,,,,,,"melodic techno, melodic house"
24sPI2LJsnRDQDhD8JPWfe,Wild Frontier,268000,0,False,,,,,,"big beat, breakbeat, hardcore techno"
20rulBPGQYhekQ4EK1dUWU,Don't Give Up - Original Mix,288809,0,False,,,,,,"progressive house, big room, hardstyle"
7E9W1bl8OuPn48NcqnQ1mz,POWER - Radio Mix,184347,0,False,,,,,,"hard techno, techno, acid techno, tekno"
6bHUZ75s5KVt6pIZAY2HX2,Espoir,242242,0,False,,,,,,"french house, indie soul, nu disco"
5uIZferMoAZ1mlq2nPIEmO,Isolate,235665,0,False,,,,,,"indie soul, uk r&b"
2c6Cp8ETQX3mu1DKRdzqVQ,Mind Doodles,401409,0,False,,,,,,
75SedaGZfay5uZffxEzk7M,2084 - Space 92 Remix,226285,29,False,,,,,,"melodic techno, techno, acid techno, melodic house, techno, acid techno, hard techno, tekno"
6MKKPQjpfFxQdbnzM384eK,Heartbreaker,326809,0,False,,,,,,"nu disco, disco house, funky house"
4Iv2jOCKQakC3YWhijrRKK,Jimmy Jimmy (feat. AJ Tracey),183440,43,False,,,,,,"grime, uk grime, uk drill, drill"
1S3wM42IWR5DDukmZo8GwV,I Go,358614,0,False,,,,,,
7AeYomUuCNb965CWyfLTjK,Somewhere to Run,222080,35,True,,,,,,"edm, dubstep"
1lWiQ34sGK1i862zAFiRNW,Forever 2 (Crush Mix) - Malugi Remix,177580,50,False,,,,,,"lo-fi house, hard house, eurodance, trance, uk garage, hypertechno"
2kBpsXKH2hCUDslEcvS0FK,Don’t Stop The Party,367413,0,False,,,,,,
3CCS6y9BPowg2jYiaY94UZ,Let Me Out (feat. Mavis Staples & Pusha T),175813,32,False,,,,,,soul
2hEwnK3oW1F4NgV4RPp5qV,Lies (Otto Knows Remix),378999,40,False,,,,,,
6iKLdREEci9SyzXl9JNUVk,Feel It,258573,56,False,,,,,,"techno, acid techno, hard techno, tekno"
4Rzjq1BbE2ZDaiUDLFE8Tl,Emptiness,208000,44,False,,,,,,melodic techno
75IiVIjhH1D2twasNsaKZL,Missing - Todd Terry Remix,249533,0,False,,,,,,
0MyY4WcN7DIfbSmp5yej5z,Da Funk,328680,67,False,,,,,,"french house, electronic, electro"
414a7UjgozCezMUz6Ng70h,Maybe Tomorrow,273160,0,False,,,,,,britpop
432O5GrOAeH2cDifxJWMjW,Trash,380733,0,False,,,,,,"new rave, electroclash, alternative dance, indie dance"
6U8p94C81h7f5hzcYqbQ8u,Sirius,385168,0,False,,,,,,"techno, minimal techno, acid techno"
6mADjHs6FXdroPzEGW6KVJ,bloody valentine,205158,68,True,,,,,,
0sIHrC7EVkuACId9vtmk0Y,Glow - Promise Land vs. AN21 & Max Vangeli Remix,381732,0,False,,,,,,"progressive house, melodic techno, progressive house"
3Q7Fhds0twd9SAHrcGTwYL,Don't Sing,254871,41,False,,,,,,"french house, nu disco"
7uTLJJ0mb3LCsICzSlKrlR,El Medano,509346,33,False,,,,,,
38peLHRTxGZAd5TpEO3gB9,Don't Look Back into the Sun,179960,0,False,,,,,,"britpop, garage rock, indie rock, indie"
27dqEtk6TCcArodiAiay1R,The Point Of Living,196406,11,False,,,,,,melodic techno
0UTHHSmU45BncinUKlbzhS,Power of Acid,291692,21,False,,,,,,"acid techno, hard techno, techno, tekno"
181ybi6b0dYJBcQzETKv67,,0,0,False,,,,,,
2pOaeeEj3eSRMMLlftPNHX,Last Day - David August Revision,404818,1,False,,,,,,"minimal techno, minimal techno"
4k919G9E096WoXenUv0Hdi,India - Original Mix,535370,0,False,,,,,,"melodic techno, melodic house, progressive house"
4tjegaa9lSrtvVMq0PdiOR,Crepuscule,280240,34,False,,,,,,"french house, nu disco, funky house, disco house, synthwave"
52UpeTNyrk4jF4tYL07skx,L.Y.L.,273438,0,False,,,,,,"drum and bass, liquid funk"
3FQc4HqsU3fc0aj5gI7eKA,Hipsta,232846,28,False,,,,,,"melbourne bounce, big room, melbourne bounce, bounce"
0yzfkTH0QKIAYVeTex1NKJ,Cream On Chrome,255983,45,False,,,,,,
3DFmtkp1AEmQxQK9DjNvWc,Modern Flame (feat. Yuna),185088,0,False,,,,,,"malay, malaysian pop"
7zPzJEtROP1tnEc7aMDUdL,Bending The End (4AM Mix),492480,8,False,,,,,,"techno, acid techno, hard techno, tekno, minimal techno"
4g8AJPa2u5xcZsDZY6dxo3,Роман,219013,0,False,,,,,,
5H9IW5aJnBMFKbG0SmvfrD,Love Letters,315885,0,False,,,,,,"new rave, alternative dance"
5px6upUHM3fhOP621Edp4V,Physical,193829,60,False,,,,,,pop
7CHi4DtfK4heMlQaudCuHK,Lose Control,168387,70,False,,,,,,
6S4O6IGUaxUQ2g6EcHh2B9,Melodrama,425133,0,False,,,,,,"trance, acid techno, acid house, hard house"
7a5kGgaOzOfcwNI82LM5wv,Caught In The Slipstream,307146,26,False,,,,,,"trance, progressive trance, progressive house, electronica, edm"
0bLFr9Lg9cKIMQV9hvHg8m,Ma chérie (feat. The Beat Shakers) - DJ Antoine vs Mad Mark 2k12 Radio Edit,191080,0,False,,,,,,
4nX11Rjdh7AuM8Ezb73m1R,Blow,165000,0,False,,,,,,"slap house, slap house, big room, future house"
4d4MA9MXy0cVIVdsNWGf60,Real Time,240066,0,False,,,,,,
7bbKq4vBslCHu8Ug1e1spO,Midnight Magic,263333,0,False,,,,,,"techno, melodic techno, acid techno, tech house, techno, minimal techno"
0mNQUZEATk2uItMUtiLWK5,A Hard Day's Night - Remastered 2015,152920,0,False,,,,,,"classic rock, psychedelic rock"
7dQdcrLZiCXaL1zVgPaCiz,Saltwater - Kevin de Vries Remix,247265,31,False,,,,,,"trance, celtic, new age, melodic techno, melodic house, techno"
4q28aa82obcwWYI8NlS6Z0,Underground Madness (2023 Mix),213333,26,False,,,,,,"techno, acid techno, hard techno, tekno, minimal techno, gabber, hardcore, frenchcore, hardcore techno, speedcore, hardstyle, happy hardcore"
1N7Dlq5Y6e4QWij8wmAeJC,Road to Nowhere,434881,38,False,,,,,,"melodic techno, techno, acid techno, melodic house"
7dNqszkx1prIf0m33E8gDw,Blow Up,315086,14,False,,,,,,"french indie pop, french indie pop"
2k12yhqdmeWawv8nGHwgPs,I Used to Dream,234500,0,False,,,,,,lo-fi house
5XWtnEDX7CJC9yK6F7KeK6,Boavista,457622,0,False,,,,,,"melodic techno, minimal techno, techno, melodic house"
4yLebnID5b6tqlrwUdaQ01,Wild Child,274015,35,False,,,,,,chillstep
04EPRVDQpYsa7yi3COX4Vb,Feet On The Ground,176390,0,False,,,,,,"big room, edm, electro house, progressive house, nederpop"
6WkJ2OK163XXS2oARUC9JM,Dancin (feat. Luvli) - Krono Remix,198053,77,False,,,,,,
7r9geqLuUAnuLnlYn8DoqJ,Not In This Town,196257,0,False,,,,,,"indie, indie rock"
0QOMgL0YffHvljlHpjUFOF,Reminiscence,568411,28,False,,,,,,frenchcore
6X4f2HyaLrwTVi5juD27jY,Stereo,346000,0,False,,,,,,
2T5lAs95i1Gx6FjYYJZ1zr,Running (feat. Meg Myers) - Extended Mix,385436,0,False,,,,,,"melodic techno, melodic house"
2QRZwBHkAcTrdrs89GkAog,Voyage Interieur,232911,0,False,,,,,,"minimal techno, electroclash"
0xhXw0cGMnxjxmSgko4MXD,Unstable - Original Mix,256653,3,False,,,,,,"nu disco, deep house, nu disco, french house"
3Oq5pVk50dDbkK1MgoOWp6,Chained - LIAR Remix,247568,0,False,,,,,,
4w3aeFTHofDdXk35ZCpMzl,Faith in the Footsteps,222000,38,False,,,,,,"lo-fi house, jazz house"
2vNakF5RMvfDqZ8Xsqb5Hi,Fireflies - Radio Edit,223125,0,False,,,,,,"progressive house, edm, melodic bass, future bass"
5Y3LTdywsMjLsuwTmNWGVO,Sweet Lovin' - Original Mix,203386,50,False,,,,,,
5gNFKhuReMpku5LgyrY3rz,Falling Down - Colyn & Beswerda Remix,216290,18,False,,,,,,"melodic techno, melodic house, progressive house, techno, melodic techno, melodic house, techno, progressive house, melodic techno, melodic house, melodic techno, melodic house, techno"
4TAoAmo9IGV8Z1jvJxOG8u,You Need to Understand,301520,8,False,,,,,,"melodic techno, melodic house"
6kKoiRER3E74UgJDAI4C6N,Wegen Dir,188907,45,False,,,,,,"techno, hard techno, neue deutsche welle"
7vIBxqsNQZ3PehEFQr1ZGt,Something Good Can Work,165320,0,False,,,,,,"indie, indie rock"
76fnU9WSR7lLqCjx8WL6uF,Devi,388920,0,False,,,,,,downtempo
74jTexO94dFGyXGyeu8krd,Beautiful Life,221186,69,False,,,,,,"eurodance, europop"
2MMqSXnRLus2ehtZufitUu,One Thing - Nora en Pure Radio Mix,212809,30,False,,,,,,"nu disco, funky house, disco house"
3BMcY4M9KsjoQk3FiNU7Er,Silver,212693,0,False,,,,,,art pop
6aeqAwf4vfQeWFSjmgZCEB,Hold It Together (EFL110),254769,10,False,,,,,,"trance, progressive trance, trance, progressive trance"
6nLctpnQJiPTxkaSgbPKiw,Together,221274,46,False,,,,,,"edm, electronica, progressive house, progressive house, edm, big room"
1gRQxbfL4ULWyTosgXSbWT,You Little Beauty,206587,65,False,,,,,,"tech house, house"
2u25W2LTiRG4lySeRUL4Ar,Solid Session (Funkerman Remix) - Radio Edit,190261,0,False,,,,,,
5YigrUIPFjlXwUs3DxHiBw,Red Sky - Original Mix,373738,27,False,,,,,,nu disco
2D1Qw5tVYz7zfSiRHL907q,All We Need,211200,26,False,,,,,,"chillwave, chillstep"
1s37NcntsTnvtgxoYMOq2n,Warm Disco,246967,0,False,,,,,,"tech house, house"
6clcFbQhBpjfMUMCMLDWme,Without Lies - Breakbot Remix,226789,20,False,,,,,,"nu disco, french house, indie dance, disco house, french house, nu disco"
438iIWykacbitUjQ9owSV7,Champion Sound - Acoustic Version,230400,0,False,,,,,,
3nCkURI30dSOA2ibF493nf,One For The Road,206051,0,False,,,,,,"indie, garage rock"
3yUgsKATkUVCjAUIZjs7Ku,Set It Right,207527,33,False,,,,,,
4mkMj5SPMC112y5TvqNee6,Don't Be so Shy - Filatov & Karas Remix,192055,40,False,,,,,,
5o3i90dRLj0Q2DvqEJtlGU,Higher Living,230607,0,False,,,,,,
7x8C7o8YLvyEWIP4rwVyDy,For Me - Original mix,415816,0,False,,,,,,deep house
1FreAz1lmnDi5aKLB6GdFM,Where Is The Love?,272533,3,False,,,,,,
7tSO7DrrYpiMXX3zM4b3oM,Seek Bromance - Avicii Vocal Edit,200991,59,False,,,,,,edm
5mgLOhX1IXSCZXUFWWkf0c,Wanna Feel,198648,56,False,,,,,,"hard house, trance, eurodance, hard house, trance, eurodance, techno, hypertechno"
5eD9og9nsNBCMkOKoTVvW0,Oph,507407,0,False,,,,,,"melodic techno, melodic house"
14lVFNbhTthTycxTC3VjON,Playground,274386,0,False,,,,,,
6gkzzykOxQ3M9KWBvCOlj5,Acid Intox,289681,0,False,,,,,,"hard techno, acid techno, techno, hardcore techno, tekno"
1lZKN7UQZoBESyCg81jXNn,Reconfig,230565,37,False,,,,,,synthwave
1pIBxvFjjnp7tAKOTwA0Az,Steps,358095,0,False,,,,,,"progressive house, melodic house, melodic techno"
2rDwETmcGw4ZqbuXvLQmDL,Only You,215446,61,False,,,,,,"neo-psychedelic, indie"
0nNivblRlEvI6Q8rxlvV9z,Serenade,564015,33,False,,,,,,organic house
6EhMe5eUJcEOPkiN308Wr2,Private Practice,287656,0,False,,,,,,
1kWQ7Qfl0A2sQTu87zglNB,Half-True,362634,0,False,,,,,,"melodic techno, melodic techno, melodic house, techno, minimal techno"
6vZYx322sKYTawfYPnyhR4,Hymnody,359225,12,False,,,,,,"hard techno, techno, tekno, acid techno, hardcore techno"
0x5ReG7WBJpo8gJGny8snN,No No - Original Mix,318143,0,False,,,,,,"tech house, house"
6j0ao2DgHem5dpnGeHwufi,Walking Away,425906,0,False,,,,,,"melodic techno, melodic house, techno, minimal techno"
0BF6mdNROWgYo3O3mNGrBc,Lean On (feat. MØ & DJ Snake),176561,1,False,,,,,,moombahton
7Lb6NzZY3H4NT73qlEznEk,World Demands It,221593,0,False,,,,,,indie soul
2quJCirmxL0onIdjhmX5ml,DIE LIEBE KOMMT NICHT AUS BERLIN,206626,56,False,,,,,,"techno, hard techno, tekno, gabber, acid techno"
2TN8Xotr7HHoiT2tYekOHp,You Are My Life - Extended Mix,348571,31,False,,,,,,"future house, bass house, electro house, bass house, big room, moombahton"
47sLhcvb6LEfVgnjFlyYgM,Options - Thor Rixon Remix,357125,0,True,,,,,,
5NuS3ktpMOyhfO8CrUqQhB,Toi,428945,53,False,,,,,,"minimal techno, melodic techno, electro"
6wQuO4JpaROV6M0BVtFTCS,Suspend The Feeling feat. Giedre - Original Mix,213669,39,False,,,,,,"chanson, french house, variété française"
55EPegD9KficI9lrBqqnwG,DR34M$,156113,53,False,,,,,,"hard house, techno, phonk, hard techno"
2R5j17Th87vImCG2YEQY6p,The Door,378184,0,False,,,,,,"techno, acid techno, hard techno, tekno"
7tXrQ2MHCvwe5W8HQuX77r,Never The Same,384779,28,False,,,,,,"techno, acid techno, hard techno, tekno"
3jGLIompr5T74HnKX5wvpL,Withdrawal - Spada Remix,306409,6,False,,,,,,"melodic house, melodic techno"
3JxRp08R1RfqUjcFqAr6lk,Late Night Seq,327875,28,False,,,,,,acid house
2oaK4JLVnmRGIO9ytBE1bt,Dark Necessities,302000,76,False,,,,,,"funk rock, alternative rock, rock"
41HQKuY6idlPq9W7MeiNbS,Deep Space,181209,39,False,,,,,,"brazilian bass, melodic techno, melodic house, progressive house, indie dance, techno"
6GJYSPLEP0sjZzzpuiKIcx,Shine,244886,0,False,,,,,,techno
6ZKiUyhKPQtuSlPGDJ3cqd,4GET,151098,0,False,,,,,,
23uwZfP2stQ7dNdIJBwuJx,Devils Daze,348706,6,False,,,,,,"hard techno, techno, acid techno, breakbeat"
2L1XidmJeQzwaLLJRO4tSQ,Real,245762,0,False,,,,,,
7dVruhvLSewjjqeo9EWntZ,Through Your Atmosphere (feat. Faris Badwan),300729,0,False,,,,,,hyperpop
3q2pCWZEsetC62qyxP7p1b,High Love,236400,0,False,,,,,,
5G9eGKVbyX9G2lhT5M9fD5,Hard Gaan,213333,0,False,,,,,,"techno, acid techno, hard techno, tekno, minimal techno"
0ldFK4y1FBQbuip4w4cAIg,Innerbloom,578040,52,False,,,,,,
3rRtA0mVazMfHk754ePHqH,Calice Texas,242746,3,False,,,,,,electro
1ot6jEe4w4hYnsOPjd3xKQ,I'm So Excited,230640,72,False,,,,,,disco
2Y9bKUE50cHsTNgYLpM8Pd,Better Place - Super Flu Remix,474193,0,False,,,,,,"stutter house, minimal techno, afro house, melodic house, melodic techno"
5vZfYjh8f7RFADejti0rLD,Siren - Radio Edit,223059,0,False,,,,,,trance
230DuelPcEBq733XhZxYek,King - Chris Lake Remix,280645,14,False,,,,,,"drum and bass, liquid funk"
5nUJym1qItTzwWx2zfSxUb,Follow Me (feat. Jason Derulo),199848,36,False,,,,,,"big room, edm, progressive house, electronica"
17E3lZxFJnO49Gb0tdgVn0,Joy,281381,46,False,,,,,,"uk garage, stutter house"
4ksPg1gghznDYsF4CsGytf,Wasted Love,206000,26,False,,,,,,"liquid funk, drum and bass, liquid funk, drum and bass"
4Gbrv4GrzQya1RrlyBGqLW,Lost,353000,0,True,,,,,,"g-house, tech house, g-house"
0irQRf0rsfuQTTkGXB2csl,Our Destiny,480000,9,False,,,,,,"techno, acid techno, minimal techno, melodic techno"
149kuNsz5gmM8IdT40aBic,A New Beginning - 70's Mix,313126,1,False,,,,,,
0hjRzBuGh9qGGzcbW7xK12,The Sign,213495,2,False,,,,,,"melodic techno, house, progressive house, melodic house, tech house, melodic techno, melodic house, techno, stutter house"
04U5eAyK9aRbmmJV3kaAVx,Magic Order,321147,0,False,,,,,,"melodic techno, melodic house, techno"
6jWuz2KjUuYnzR88U371S1,Tomorrow Never Dies [Bombay] (Radio Edit),203708,0,False,,,,,,"trance, progressive trance, electronica"
1SQdS3nQT0OALklAVANDnM,Things We Lost In The Fire,240746,0,False,,,,,,
4wocVgDIhqrXaarBj1qM6y,Too Many Friends,214640,0,False,,,,,,britpop
29iIRrSuANyjnwag69PHOJ,Demoliendo Hoteles,135973,63,False,,,,,,"argentine rock, latin rock, rock en español"
54WZtuc9b1LvNbkQ7mWeRJ,Let Me Know,196011,0,False,,,,,,
72ojun8ufF5Y0YzssmvVHL,Déjà vu (feat. Sia),200026,38,False,,,,,,"italo disco, disco"
2JGSZk5y65ZF79mtDz0o9r,Polish Girl,264000,0,False,,,,,,"chillwave, indie electronic"
5jkuNuzHmWkekvkNhkVw3E,Always will,181333,0,False,,,,,,"lo-fi beats, lo-fi"
6adhpSbrhat9S0WEVjf4HP,The Way You Like It,219933,52,True,,,,,,"nu metal, rap metal, alternative metal"
02BsAkethKc0IFpWV9DQxs,Nexus,409530,6,False,,,,,,"melodic techno, melodic house, indie dance"
1q3dCy2aJnhcq3Goqy5oV5,Together,320122,18,False,,,,,,indie dance
0Ydwuuoi0EbDWPuiITxjoi,Missing You,407040,0,False,,,,,,"disco house, nu disco, funky house"
3kMrazSvILsgcwtidZd1Qd,Bulletproof,205733,73,False,,,,,,
2scX5RdL0wByroF3sCBzDX,Shelter,254032,44,False,,,,,,"melodic techno, melodic house, techno, progressive house, melodic techno, melodic house, techno, melodic techno, house, progressive house, melodic house, tech house"
3XGDiSP71e29ucpLQDp8jJ,Rolling in the Deep,237125,4,False,,,,,,"chillwave, dream pop"
2sI0Geda1N0cAjKnbzujHs,Blooming,229619,34,False,,,,,,j-rock
1OkZNv4phBbCZt707CxM4c,Beyond Light,313293,29,False,,,,,,"hard techno, techno, acid techno, tekno"
5fnA9mkIfScSqHIpeDyvck,Prayer in C - Robin Schulz Radio Edit,189413,76,False,,,,,,"french indie pop, tropical house"
0O4dzpCtxUXKswyHOVwcGq,All We Are - FlicFlac Remix,326173,0,False,,,,,,
73vlQdAyfYfAf2979ScSxb,The Last Soul,434944,4,False,,,,,,"minimal techno, dub techno, deep house, progressive house"
2zOg19rSmeAaiakYWlhkHg,Love Drug (feat. Fritz Helder) - Radio Edit,230789,0,False,,,,,,"minimal techno, melodic house, melodic techno, electronica"
0XfOi87h82i09rQjWYG0Bm,Instruction (feat. Demi Lovato & Stefflon Don),165466,0,False,,,,,,dancehall
3GDlHwuzNQGR1QZthgepoQ,Inside Your Gates - Cosmic Gate Remix,471066,9,False,,,,,,trance
1lbXEepatjRVjoG8pZMtdp,Dreams,254453,67,False,,,,,,"classic rock, yacht rock, soft rock"
4sBbWPrxyVr7h7a5TlW2bM,Sir Orfeo,309440,7,False,,,,,,electro
5oNYVOay2VEOUD4hyQ4raJ,Fragments Of Mind - Original Mix,346122,14,False,,,,,,"hard techno, techno, acid techno, tekno"
6l6XozoXLzwRCcWnwBz9fc,Whisper Echo,300397,35,False,,,,,,
1GABfc3adjNkTFGE5pzLSR,These Days Are Gone,220952,0,False,,,,,,
4vXMKlYcfXzA2MmhYMLJVr,London Headache,325433,0,False,,,,,,
3UWmRUTmOfT507ZFHya8Px,Fall To Pieces,502005,0,False,,,,,,"trance, progressive trance"
2I2R8mOUvH355Fs3QWZyYt,Poly Pineapple,355203,0,False,,,,,,
6tYlLMni6GwUksie3N6IPA,Dockyard,339880,53,False,,,,,,"minimal techno, techno, electro"
1WgyirbL3CSFD9CUktHoEU,Full of Fire,324465,0,False,,,,,,"hard techno, techno, acid techno"
2Rvi6tLo8rhsA4ok36oJYi,Reaper’s Theme - Original Mix,397500,0,False,,,,,,"techno, acid techno, hard techno"
2rXx3ZMZ4PvQOEeSs0LF75,Open Heart (feat. Lissie),243626,0,False,,,,,,"edm, progressive house"
4J6GZ9veAN8kMsMxn63Ela,Touching Me - Original Mix,380438,0,False,,,,,,"deep house, lounge"
257pFryhBAbTsal5U5m1Nj,VTOPIA - Chris Avantgarde Remix,390000,20,False,,,,,,"melodic techno, techno, acid techno, melodic house, melodic techno, melodic house, techno"
0wyTaLdr1Rc0tMPpMTPUWD,Standing When It All Falls Down (feat. Roshi) - Official NiP Team Song,183192,29,False,,,,,,
3V9lrltfMysph2SJUks5Ht,Birds of Paradiso,448000,11,False,,,,,,lo-fi house
3ZN2Vg5DvvBhb1PQTEMSVQ,We Are,449615,31,False,,,,,,"techno, minimal techno"
2ly9SUfXXa0IL84s23GH6n,Silver - Androma Remix,219853,9,False,,,,,,art pop
4pIKFpwflOdhYNIRmPTj3E,Dance Macabre,219720,64,False,,,,,,"metal, hard rock"
3AjIxSaqq7VgzrP3jFOke9,Pretty Chances,157497,1,False,,,,,,
41KPpw0EZCytxNkmEMJVgr,One - Radio Edit,169920,60,False,,,,,,edm
4ClOMi7943KrAgF6zGdFbr,Be Good to Me - Original Mix,375000,21,False,,,,,,"g-house, future house, nu disco, deep house"
4VNbjRqBMv7Km87nVtQCcF,Maria,291240,0,False,,,,,,
113sWqjcYyjbb4caE8wVsV,Boom Clap,169866,49,False,,,,,,"hyperpop, art pop"
2bT2dwrc9YzyhVAK48IZ77,Un Rêve Étrange - Rodriguez Jr. Remix,402520,0,False,,,,,,"melodic techno, melodic house, minimal techno, deep house, progressive house, organic house, melodic house, melodic techno, organic house, melodic techno, melodic house"
3SR1fbGacxTjRPv3vI0G7Z,Giulia,476473,18,False,,,,,,"minimal techno, techno, hard techno, acid techno"
6OzzowkbnUNXA65Bka8Z54,Again - Long Mix,440726,0,False,,,,,,"tech house, techno"
0aWbElueMlnjKiSH9pHpng,Midnight Meetings,162857,0,False,,,,,,"lo-fi, lo-fi beats, lo-fi hip hop, lo-fi, jazz beats, lo-fi beats, lo-fi hip hop, jazz rap"
2HMLu8Juqddy9o4UiR7aXM,Miss My Love - Original Mix,307636,12,False,,,,,,g-house
2ixabSVbccs9np9r5CpbWW,Don't Judge Me,213679,34,True,,,,,,"art pop, alternative r&b, uk drill, grime, drill, uk grime, stutter house, house"
2aZOHvA6lEtZsPLyJPha9I,No Fear,247560,0,False,,,,,,finnish rock
4rMOMzdO1tlcayilkK1AML,CIEL,250553,30,False,,,,,,stutter house
3mw7CVKm9mtbvMmEz8FPxS,People of the Night (An21 & Max Vangeli vs. Tiesto) [feat. Lover Lover],335778,10,False,,,,,,"edm, trance, big room, house, progressive house"
0SDh7AAKlUSzzzXfuB1aVw,Memory Arc,133206,46,False,,,,,,"idm, electronica"
6RCfw69PfgXwhtYjyIxicz,Spuck mir in den Mund,304863,37,False,,,,,,"techno, hard techno, neue deutsche welle"
4ceLHchwDjXxILMS1UBQGV,Destroy She Said - De Donatis Remix,340146,0,False,,,,,,electroclash
6fUaJ4IabozaLDys8WIcch,Winds [Mix Cut] - Hardwell Exclusive,277500,0,False,,,,,,"big room, edm, electro house, progressive house, future bass, melodic bass, edm"
7z6AOTVe3w7tHwFbXznxsK,The Desert Sun,267130,14,False,,,,,,"nu disco, deep house"
0fSWx7tvMiwvmFCSBVmkqA,Forced To Move,395480,0,False,,,,,,"techno, acid techno, hard techno, tekno"
5MMkSuKlwpQrZrIcS4g7dK,Antarctica,206026,29,False,,,,,,"synthpop, new wave"
1yfUYv5TOkuFbePQubZlEk,Sun Phase,316454,41,False,,,,,,"lo-fi house, stutter house"
2jJIxT6WAIVWzDo3Ou53Q0,Pursuit,247603,52,False,,,,,,
23OXdR7YuUBVWh5hSnYJau,Chlorine,324466,76,False,,,,,,
5jufho0iIiwJweoZq5bBPr,Bella,172680,22,False,,,,,,
5FCgroYZWzNKp3bfWutIQo,Skyscrapers - Radio Edit,207110,28,False,,,,,,"techno, minimal techno"
6sIvAyM1AtnSGz3anRLcDo,In Cold Blood,206026,13,False,,,,,,"indie, indie rock"
5ybydtBlJJL82AprlvN7Lg,Magnets - A-Trak Remix,260442,0,False,,,,,,"house, disco house"
4I9P6xeexs2e1RdC63lqZS,Wolves - Extended Mix,357007,0,False,,,,,,"electroclash, new rave, french house"
4s5mx3YtyFVsbCux2zrdDm,Home - Boys Noize Remix,377612,0,False,,,,,,"melodic techno, minimal techno, techno, deep house, melodic house, electro house"
6M7Y8xk0VVxfUZkmBCXoMR,Bonfires,231946,0,False,,,,,,
13NVDJDWR3GtXcEBDS8EcA,Room,233271,0,False,,,,,,"french house, nu disco"
3wMXvCkDiPXVMPemcT5jKU,Cyclone - Original Mix,363973,0,False,,,,,,"hard techno, acid techno, techno"
2g2Sy0FDOM6B5O8qcGeVnU,Samsara (with Sevdaliza),263225,53,False,,,,,,"melodic techno, melodic house, techno, stutter house"
59s4wikOZ2H0YpHVz9Bfsu,Wardenclyffe - Mees Salomé Remix,234390,38,False,,,,,,"melodic techno, minimal techno, melodic techno, melodic house"
0PiJVE1XRWzoJUby7K7XNf,We Can't Fly,253986,31,False,,,,,,"nu disco, french house, indie dance, disco house"
6kVCl8UmYJnLqgP0xIRpaX,Is It Real,186815,15,False,,,,,,"organic house, minimal techno, afro house, melodic house"
0yLdNVWF3Srea0uzk55zFn,Flowers,200454,15,False,,,,,,
4Fhrz3ZV2f20CLen3pzJrx,It’s A Memory - Amtrac Remix,407173,36,False,,,,,,"french house, nu disco, funky house, disco house, synthwave, progressive rock, chillwave, melodic house, nu disco"
5qwfYbpVBRg2VfWpqh97aE,Nothing Matters - Township Rebellion Remix,309394,9,False,,,,,,"tech house, house, disco house, funky house, progressive house, melodic techno, minimal techno, techno, melodic house"
2tZMPODaQpDNur3NH0Fsqq,We Had It All,444807,0,False,,,,,,"melodic techno, melodic house, progressive house"
39PvlhbldosiMtpynYtjJi,Novell - Original Mix,335238,0,False,,,,,,"big room, edm, electro house, progressive house"
5PSR3ul57ZNTQi4Al6xtUz,Release - Radio Edit,238420,49,False,,,,,,"hardstyle, frenchcore, hardcore, hardstyle"
4e1A2fSLtEzbn0EDWfHzzb,Wie Du Bist,268531,24,False,,,,,,"techno, hard techno, neue deutsche welle"
74ezAEGrO7LxXTp17THJqF,Nobody To Love - Third Party Remix,317045,0,False,,,,,,drum and bass
5OkyybZ0j31VzaTg3Um5Pf,Prayer,148026,6,False,,,,,,electro
5RcYEjhEbrfI3jDVZh5LWy,Time to Lose - Short Version,260508,18,False,,,,,,"minimal techno, melodic techno, electro"
6Fme0qXTmXtkjYKZ7ZrtVH,cul de sac club,196923,46,False,,,,,,"lo-fi house, jazz house"
6QXlH3zG3hHcSWygvI0uhr,Out of touch - Radio Edit - I Love You So Much Vocal,209946,0,False,,,,,,
4sDYTzjtuvRTNHj8gj5hHP,Herz - Original Mix,350817,4,False,,,,,,"minimal techno, dub techno, deep house, progressive house"
1wyxZN6qLcJlYf9qtbSFym,Offset - Diode Eins Remix,401250,22,False,,,,,,"witch house, drift phonk, witch house, melodic techno, breakbeat"
3yCHTD4l7QbU483TZP3d4W,Estranged,217619,11,False,,,,,,"progressive house, melbourne bounce, minimal techno, melodic techno, melodic house"
7zIZceY725gmagRyy5MsL9,Call - Original Mix,403221,34,False,,,,,,"melodic techno, melodic house"
4h3mvydH0AX4z3MHxIWRJU,Let Me Down Gently,340466,0,False,,,,,,
1oNsXNWD2llf236PynwGtc,Androgynous Love - Étienne De Crécy's Androgenius Mix,490223,0,False,,,,,,"french house, electroclash"
5oNeuOOo0U05wdEUbwOghM,Purple Days,269531,35,False,,,,,,tropical house
0gVXFdf5UTtEa8nhTmPbIL,CHILDREN OF CHAOS,288592,26,False,,,,,,"melodic techno, techno, acid techno, melodic house"
2heXZC5eWhTRlpKtxAndGl,There Is No Other Time,215666,0,False,,,,,,"new rave, alternative dance, indie"
1RUPwddr2YjOWsK2kQtrEA,Horny - Radio Slave and Thomas Gandy Just 17 Mix,475092,0,False,,,,,,"techno, minimal techno"
4wrrjT0SKCv2Edoqj6M74K,Forward Motion - Original,326505,0,False,,,,,,tech house
7Gzt9qqGINTiRzofYhAG8g,Hunting Grounds,387272,5,False,,,,,,
4LOZluaGCD0yueMvqDfZn8,Something Real,148893,63,False,,,,,,"deep house, bassline"
28DD0sdH62lta3qSPtaHS4,Sexy - Original Mix,374758,0,False,,,,,,"latin house, tech house, techengue"
0V5zAGdvO780GT3gtdxzLt,Andromeda (feat. DRAM),197546,41,False,,,,,,
66MU7CvsUaO6wGxThPGH4a,My Enemy,413243,0,False,,,,,,"melodic techno, melodic house, techno, minimal techno, melodic techno, melodic house, progressive house"
6koq1DWY1e6JVFy7wQgYCo,Leaving Earth,303431,32,False,,,,,,"melodic techno, techno, acid techno, melodic house, techengue, afro house, latin house"
4FNcjHzCUyYXUhAKswVCzR,Emerald Rush - Solomun Remix,465649,16,False,,,,,,"idm, ambient, melodic techno, minimal techno, techno, deep house, melodic house"
6CFPFnS9EcLs2I0nWqtWci,Because Of You,266840,78,False,,,,,,
0BCrZsTDb5PBHxDj5X4lck,Butterfly (Re-Recorded / Remastered ),217971,35,False,,,,,,"rap rock, nu metal"
1yAAmuuGbPc6U6nsZHWliT,My Head Is A Jungle - MK Remix - Radio Edit,205360,44,False,,,,,,house
7nZe8w4yrqfI14UnHPFePC,Time - Miguel Campbell Extended Remix,348387,6,False,,,,,,"organic house, nu disco, deep house"
24upABZ8A0sAepfu91sEYr,Moon (And It Went Like),390638,2,False,,,,,,"french indie pop, french indie pop"
1EbC2T5p3Gn5KDpbXcvK92,Wave - KaaCee Remix,198000,49,False,,,,,,"tekno, techno, witch house, tekno"
1MNUVQEMMJ93CZpxcswukI,Monogamy,253440,0,False,,,,,,german indie
3xV1TAXIqhNELrpKE8OiS2,LA Calling - Radio Edit,221195,0,False,,,,,,
6aSAsiVuXZCwI4oYjRhNJH,Don't Get Lost in Heaven - Original Mix,353032,0,False,,,,,,"hard techno, techno, acid techno"
7ypsggTPfNl8KahWWD6XUw,save me,262000,35,False,,,,,,
2uWjJzlKX3BXA8hk8g4gEW,Polaris - Original Mix,424079,0,False,,,,,,"techno, acid techno, techno, minimal techno, acid techno, techno, acid techno, techno, acid techno"
0zF94kkL1ywTwqSLqSLqOi,Brain Machine,348053,0,False,,,,,,"melodic techno, melodic house, techno"
1i1fxkWeaMmKEB4T7zqbzK,Don't Let Me Down,208373,83,False,,,,,,
790uMCgfdponFQn90J4AbP,Trip To Kyoto,393802,27,False,,,,,,"hard house, eurodance, trance"
6TXHjBe9qtaT2FbMfddcME,ラヴァーズ,222013,37,False,,,,,,"anime, j-pop"
3E7ZwUMJFqpsDOJzEkBrQ7,Can't Get You out of My Head,230640,80,False,,,,,,dance pop
4rKSQWoZgqKwa73grVS2eM,Changes - Radio Edit,213125,0,False,,,,,,
6F1kPSgdnlSzZRfskE9vaV,Lions in the Wild,211889,0,False,,,,,,"edm, electronica, progressive house, progressive house, edm, big room"
5pYDedJSZNhgWlGZpmEQdu,Deep Space Transit,440888,10,False,,,,,,dub techno
0q5GenbnPKYk4dzCFIS6Qs,Battery Park,299840,50,False,,,,,,"minimal techno, techno, electro"
0fqLTppOt3UVAifvL3AlG2,In Return,200373,0,False,,,,,,"french house, nu disco"
0wYVNC09iLBVIqHB07Hckt,Ecstasy,261093,53,False,,,,,,trance
5UqPcnwVuoAHWwyxxQj98z,Punset - Solomun Remix,528207,0,False,,,,,,"melodic techno, melodic house, tech house, melodic techno, minimal techno, techno, deep house, melodic house"
5HQDspxnwlx9RCJINFxeGZ,Civilization,250825,0,False,,,,,,"french house, new rave"
5lTOYADoL5tJq6SZcqXRnw,How Will I Know,229266,20,False,,,,,,"nu disco, deep house, disco house"
6PA4bFiMvBY4Q2QWROaw7H,Greece 2000 - Moscoman Remix,198000,28,False,,,,,,"trance, indie dance"
7lK39DejI5djqZtFqAzBfR,Days of Lavender - Amtrac Remix,369391,17,False,,,,,,"melodic house, nu disco"
5EXiG3FAMBDlCow1ffe8jo,Play Hard,360000,11,False,,,,,,"hard house, bounce, techno"
2kGeqrowUQ0dImVZqMG6nT,Evil Deeds,371533,0,False,,,,,,tropical house
3MFiwJCd3rMIzFyQkt8FOo,Love Is A Drug - Agents Of Time Remix,182433,48,False,,,,,,"trance, progressive trance, progressive house, electronica, edm, melodic techno, melodic house, techno"
7DWz2CuCILJquIZOrTBly1,De Orde Van De Nacht,205097,48,False,,,,,,"melodic techno, melodic house, progressive house"
4tj0CXL6pgKk2PdllabUjh,Pathfinder,293322,4,False,,,,,,"nu disco, deep house"
5790D9sgPum0aE59ES7X1v,RIVA (Restart the Game) - Radio Edit,180861,37,False,,,,,,"tropical house, deep house, folk pop"
2MNZoKTpk2jYMIjTKihdaH,Want My Love,198750,52,False,,,,,,"hard house, eurodance, trance, uk garage, hypertechno, hard house, eurodance, uk garage"
3kJRBUfW9qhYkWnlIBFAMw,Bang My Head (feat. Sia),233266,47,False,,,,,,edm
37l1GLxCvuUrP1qyg3dM3Z,Ghost,221705,15,False,,,,,,"nu disco, french house, funky house, indie dance, disco house"
5bF00VrMY3FwnQDgoP4Gnk,Strong,234053,54,False,,,,,,"stutter house, house"
1fVMnsLm4VXxMGytsueYuL,Cheese Naan,216403,26,False,,,,,,trip hop
66CC0YuVDBVbfMymqFrIRq,"Lies, Deception, And Fantasy",271013,0,False,,,,,,"tech house, house, bass house, tech house, house"
4KydxwxPpZGxrdb1wzUilj,Restless,394333,0,False,,,,,,"hard techno, techno, acid techno, techno"
3hGc6zv9LgSxGrIlhFdfT6,Espoir,242242,53,False,,,,,,"french house, indie soul, nu disco"
1vk5NG0J6yuI3PdZtsEnXk,Best of Me,552960,0,False,,,,,,"melodic techno, melodic house, techno, progressive house, melodic techno, melodic house"
2eQ5IRgLQAVwTgCx4IfBDE,Fantasia,393973,0,False,,,,,,"italo disco, lo-fi house"
6Un3dTa1Ok4or8A0PR962k,La Passion,211320,0,False,,,,,,"eurodance, italo dance"
4Z086HzCQqB2M0m8jme8rY,Radiance,338165,37,False,,,,,,"techno, acid techno, hard techno, tekno"
2P3lKBrnpramuCgH07o113,Schatten der Venus,289262,37,False,,,,,,"techno, hard techno, neue deutsche welle"
4HSLPlVJBKKD0e6v3wrMNJ,Mind Control,307141,35,False,,,,,,"melodic techno, melodic house, techno, melodic techno, melodic house, techno"
3T2frfWU5vhWdrvCKY67jZ,Catch Feels Get High,222580,46,False,,,,,,"lo-fi house, jazz house"
0eRbOJ7nguOh6UCV1Lbpwn,Two Steps from Heaven,567268,0,False,,,,,,"techno, hard techno, acid techno, tekno"
4AmJpaF86079ZjFVVYhFbJ,One Headlight,312587,0,False,,,,,,
2aMcNzXdKf0WcXhO780MPu,Trendy - Original Mix,233899,0,False,,,,,,"nu disco, deep house"
1UVIkAQy7lOrFC0OMPgDpY,Won't Let You Go,424990,13,False,,,,,,melodic techno
5EuIFhLNjbJtvypl701Byb,Ibiza Disco Lines (I Don't Wanna Stop),225120,0,False,,,,,,"techno, acid techno, hard techno, tekno, minimal techno"
5F8WC0k8QduVqZqaMATq5G,Physical Control,311412,15,False,,,,,,
3oVnbdWg48ZrmsUAQQUKbU,Silence (feat. Sarah McLachlan) - DJ Tiësto's In Search of Sunrise Edit,235200,2,False,,,,,,"trance, edm, trance, big room, house"
2sBWCCylFvS2wEIaW4NTv8,Reload - Vocal Version / Radio Edit,221280,0,False,,,,,,"edm, edm"
5CrFVLDjsFKurWrWqS0iSf,I Live For That Energy (ASOT 800 Anthem),197920,29,False,,,,,,"trance, progressive trance, progressive house, electronica, edm"
7edXkuOw8xjSyGG6otwW9d,Wir Sind Die Nacht,367930,0,False,,,,,,"hard techno, techno, acid techno, tekno, techno, acid techno, hard techno"
4vJJUd72zS9Ak5AmK4BBFk,Access - Joris Voorn Remix,190105,28,False,,,,,,"acid techno, hard house, acid house, hardcore techno, trance, techno, acid techno, hard house, trance, acid house, melodic techno, melodic house, deep house"
4T2i7b1SkRTGHmT5Xr6ym9,Rabbit Hole,238736,0,False,,,,,,"techno, melodic techno, acid techno, tech house, techno, future house, house, acid techno, future house, house"
0P2p4impgdd77kBY1XrLIx,Bones (feat. HVOB),295893,0,False,,,,,,"organic house, minimal techno"
6it7E8OADgdkcacQHOYqN7,Swelter,265611,20,False,,,,,,"stutter house, uk garage"
3gvhgrNvUyvckPGvmsGWGU,I've Been Waiting - Original Mix,346908,0,False,,,,,,
3kwRiuw2oJoArGs3EusCgn,Time,213614,0,False,,,,,,
0Q1zms1fD467PJqWLOqRKY,The Cove,344516,8,False,,,,,,bass house
04CqLjewJiSAqM210vZAmT,River,162973,2,False,,,,,,
1bHYLphlNkp5rHNRm72rC1,Lost,351906,0,False,,,,,,"tribal house, disco house, future house, minimal techno"
10ZCvBygZ6Gq5J8dTGivlT,Omeo,210000,50,False,,,,,,"french house, indie soul, nu disco"
4EiKOYPmkolPEx5TmSkQGB,Netherworld - Oliver Prime Remix,357960,22,False,,,,,,"trance, progressive trance, trance, progressive trance"
1oD57QwlvFL9jP3LNBljRS,Take Me - Miguel Campbell Remix,287077,0,False,,,,,,"nu disco, deep house"
4fUPVwqgZ81Zkv4EknyDTF,The World Returns,381676,0,False,,,,,,"melodic techno, melodic house, techno, progressive house"
0YU7tamLHRX5lfC2Cag3Hc,Spreading Plague,593669,16,False,,,,,,"techno, hard techno, acid techno, tekno"
5DfmnhUS1s3m87fsDSedoe,badthiings (rip avicii),211179,49,False,,,,,,"techno, hard techno, tekno, gabber, acid techno"
2Z2RVWzEq2oOUlQsnBCYOl,All I Need to Get High - Ae:ther Dreaming Dub Remix,508731,0,False,,,,,,"melodic techno, melodic techno, melodic house, techno"
216S5ED9SNRWaHWVjSJGyX,Everybody's Changing,216520,0,False,,,,,,
4o2OMKVDHBdugZz01xJb4W,Blue Neon,324166,23,False,,,,,,"eurodance, hard house, trance, hard house, eurodance, trance"
3HpsLogBoKDq4u0YWxxoZz,Signals,379267,8,False,,,,,,"melodic techno, minimal techno, techno, melodic house"
2xYkpaNN8KYXI56KrVG0ws,When All The Lights Go On,377009,0,False,,,,,,"techno, acid techno, hard techno, hard house, techno, acid techno, hard techno, hard house"
22ex3jj1Iiym4nT1ikmnNE,Speed Trials On Acid (feat. Dan Diamond) - LF SYSTEM Remix,183423,0,False,,,,,,"techno, tech house, house, big beat, hard house"
0GOxBVl062KmJt4Spnvjuu,Resolve,442827,0,False,,,,,,"melodic techno, melodic house, techno, progressive house"
0LHjotMicZfqH5qTuB0k8P,Kingdom,232773,25,False,,,,,,"house, drum and bass"
6x2csnE4Cr1cuJSHmwBdJi,The Point Of Living,196406,21,False,,,,,,melodic techno
0xPKx6lhxkSZpRfoIzkGIQ,Digital Mess,204139,39,False,,,,,,"hard house, techno, phonk, hard techno, techno, hard house, trance"
35jcIpSQ6MDCuAuS2pwZMB,You Take My Hand - Reinier Zonneveld Remix,317272,16,False,,,,,,"melodic house, progressive house, melodic techno, melodic techno, techno, acid techno, hard techno, tekno, minimal techno"
3FnXhLPVBik48h9OVIu9eo,Dust - Original Mix,314000,0,False,,,,,,"techno, hard techno, acid techno"
1QAwh5zck16xkGA9UhGjqw,I Wanna Be With U - Hugo Borealis Remix,244067,0,False,,,,,,"nu disco, deep house"
6W18YHU3LxtC7IAesuotdC,Isolation,388480,8,False,,,,,,"melodic techno, melodic house"
6lDo13SSgTv0WbyUQKgnjk,Light It Up (feat. Nyla & Fuse ODG) - Remix,166138,10,False,,,,,,"moombahton, dancehall, azonto, afrobeats, hiplife"
4KIn12LWNOHZ4eE8B3kzDz,Name & Number - Wax Motif Remix,286080,1,False,,,,,,"bass house, g-house, tech house"
4aQpAL0slAAnJuBVWJPjeZ,Running Wild (Borgeous Remix),240013,0,False,,,,,,"edm, progressive house"
45S5WTQEGOB1VHr1Q4FuPl,Golden,208906,74,False,,,,,,
0zxWRrstHxE3fYI5QleMxf,I Want You,268190,10,False,,,,,,"nu disco, disco house, funky house, french house, indie dance"
4BwaVpGVeCBh8qeQ1hk2my,Leaving You - Thomas Newson Remix,187500,14,False,,,,,,"edm, progressive house, hardstyle, big room, tech house"
5NoIDaacAEA4UEWn9qXIhA,Duality,206116,59,False,,,,,,stutter house
2liVLb6JF20TmiuflkWkVq,Try Me (I'll Funk You) - Mono/Poly Remix,227611,6,False,,,,,,
4DmJzMpStlSgAGtxIRhn3y,Adjective,191129,9,False,,,,,,"funky house, house, disco house, nu disco"
6RzYZKKMXP0GkKBsPqBXHY,Mazda Fever,364612,15,False,,,,,,"acid techno, hard techno, techno, tekno"
3gFGqm3n4eyFCHdlUip7xb,Feel the Rush,207217,0,False,,,,,,"future house, house, progressive house, deep house"
2tOUWyMWcE1tT8YF2NVQ38,"Træt av lagen, træt av Systembolaget",272509,15,False,,,,,,"acid techno, industrial, ebm"
6VouvfyygVMuODigWmheJT,Space Date,396851,0,False,,,,,,"techno, minimal techno, acid techno, tech house, techno, melodic techno, acid techno, tech house, tech house, techno, chicago house, house"
3qLg3HDN2Q3j8ZqgQsknSt,Dirty Dreams,246000,25,False,,,,,,"chillwave, dream pop"
2TqSk3lGTFTO2N6qDWpODA,Buggin' - Edit,275806,44,False,,,,,,"tech house, house, deep house"
2FFLbatfnMqIbIgZnTK1nB,Nothing to Lose - Oliver Koletzki Remix,411255,16,False,,,,,,"melodic techno, melodic house, minimal techno, techno, organic house, minimal techno"
3obYcaXHdTB1EvZE3PVQhd,Tu Amor,186466,57,False,,,,,,"argentine rock, latin rock, rock en español, argentine rock, latin rock, folklore argentino, trova"
6anJOkdjOnLWV2X0ymsxV3,Final Call,334900,11,False,,,,,,"hard techno, techno, acid techno"
6yl8Es1tCYD9WdSkeVLFw4,You Shook Me All Night Long,210880,66,False,,,,,,"rock, hard rock, classic rock, rock and roll"
5yx0nZiFbfE2VLVJ4dh0Rw,Renegade,191893,0,False,,,,,,
3mcG2NI5G5vhrQtRda1YnA,The Middle,168253,4,False,,,,,,"emo, pop punk"
4JUpkxgA7SBdwPN1ScZ10n,Feel the Heat,184462,6,False,,,,,,"progressive trance, trance"
7j6e3xIjuXfHn897nSDhp6,Enigma,423870,1,False,,,,,,"techno, acid techno, minimal techno, hard techno"
5HCyWlXZPP0y6Gqq8TgA20,STAY (with Justin Bieber),141805,80,True,,,,,,
2KYnSFIrSbaKUXWetW7Klt,Looking For Me,211452,61,False,,,,,,moombahton
6W8obDvuhzu19zKMMUR8nL,Something To Feel,298044,26,False,,,,,,"lo-fi house, jazz house"
65avt9HtCTofE3r4sYGs48,Time,363889,0,False,,,,,,"hard techno, techno, acid techno, tekno"
7dglFUyU3fQ916j2GyHjPD,Expression,462153,0,False,,,,,,"melodic techno, minimal techno, techno, melodic house"
6lZjx4NHqQOclDAzwtkl8i,Nirvana Affair,382000,2,False,,,,,,indie dance
4RJ4EnyIwcq2tzin5QrDRr,Running Wild,225626,0,False,,,,,,"future bass, future bass"
6ve6SoRuWVZ9kBP1frZTW1,In the Dark (Oliver Heldens Remix),267706,39,False,,,,,,"disco house, nu disco, funky house, house, future house, house"
2D0dj3hVkRQJCp63cxCPEx,Stunnin' (feat. Harm Franklin),144000,1,True,,,,,,
4sQJXbtxwoKHG7PwMRJ0Ig,The Kids Aren't Alright,179600,6,False,,,,,,"punk, skate punk"
1TnUURhehaoMWKAqQtirm6,Colors,249499,72,False,,,,,,
6aijZgla80tg8ieNRuwMm3,Fossil,94937,27,False,,,,,,"neoperreo, experimental, art pop, hyperpop"
5MaJprkRE3h44u4bRfNcYX,Nio,369230,11,False,,,,,,"hard techno, techno, acid techno, industrial"
5ctXZyWLbYyUSpPOdlKTlj,I Do,182126,0,False,,,,,,tropical house
6T1PT2Q9qwV5Z19Eqjz8Vr,Sin Condiciones - original,304509,10,False,,,,,,tango
5YciOakY5dB5dULkiLdCaf,Stop Crying Your Heart Out,303133,77,False,,,,,,"britpop, madchester"
5ou2BiQ9FxIYkxsYvYHpAT,Help! - Remastered,139560,0,False,,,,,,"classic rock, psychedelic rock"
4vmzFOCbjeV9cIvVqS3DKC,Lets go,174811,0,False,,,,,,"hard techno, techno, acid techno, tekno, hardcore techno"
1fMyrxodAeDt27c85sEdf2,Exit Wounds,348080,0,False,,,,,,britpop
4USNiuIWqVI8zidlj2qsTJ,I Want It - Chris Carrier Remix,398392,1,False,,,,,,acid house
5pj1bwQvR96vfwl7NBkkOj,The Ecstasy Of Gold,513637,0,False,,,,,,idm
51VlMC9AnJQmZqnAZQjfp5,Time’s a Fantasy (feat. Jeff Bhasker) - Anyma Remix,240060,49,False,,,,,,"melodic techno, melodic house, melodic techno, melodic house, techno, stutter house"
5yQp0RrQ7wdMZoiQ6fnAme,Destiny,293626,41,False,,,,,,
52liQOfP8kTwK83lc3JCom,Edelweiss,270555,27,False,,,,,,
1yowjNEwPwraBJNXKjBoCb,Your Love - Extended Mix,312477,11,False,,,,,,"nu disco, lounge"
5Zp4SWOpbuOdnsxLqwgutt,At Home,306440,0,False,,,,,,
04JOneSXzqAz9V64gpYwUG,This Must Be Illegal [Mixed],385921,0,False,,,,,,
1Ua4TSAqWUjyahR38Zjx5I,Leaving Tokyo,255766,0,False,,,,,,lo-fi house
2C2Bz7sauB37bnacn2KQyF,Define,232129,55,False,,,,,,"house, tech house, future house"
3inT1IxuFkEiNsZlAsnShZ,Dolphin Dream,389647,8,False,,,,,,"indie dance, italo disco, italo dance"
7GSL5aAY472LNtv0dlh299,Your Love,249667,0,True,,,,,,
57orjwGtzg4CDunqhIGuMq,Second Chance - Capa Remix,342000,9,False,,,,,,"electroclash, new rave, french house, progressive trance, progressive house, melodic house"
1yEF6KQftCPLUObb4B4KyH,Lionhearted,266106,0,False,,,,,,"edm, electronic"
6g3txmuT9t6OR3fnIBYYEq,No One Else Will,256353,34,False,,,,,,lo-fi house
49TYAqC1wZmFzv2wqO3pPS,A New Reality,267746,0,False,,,,,,"new rave, alternative dance, indie"
2wZYJg1355J54aMMJftw0y,Merriwa,347298,0,False,,,,,,
6KmjD9CaophLMXTCzKoLLZ,Falling For You,234997,60,False,,,,,,"techno, acid techno, hard techno, tekno"
7DWgJtkXlJZTvwesfGc2Rf,Aesthetics,169761,34,False,,,,,,
0CgFDAmsTi8angtDLa1WzF,All This Is For A Jump,604727,9,False,,,,,,"organic house, melodic house"
6joiee9vZJ872DsKtIbqGL,Voltage,356164,5,False,,,,,,"acid techno, techno, hard techno, tekno"
628fQLPU5vRdf2ljFiYcSU,Rising Love,220906,0,False,,,,,,
0TsXdSKxK3Snezeuw88RnO,Roach Fingers,445799,39,False,,,,,,"lo-fi house, jazz house"
7LWJNVjEJohO65F3T6BNF0,Paradise,192480,0,False,,,,,,"big room, electro house"
48bFgWuYofpZqmIxC82R8V,Awaken (feat. Jack Liebeck),265933,43,False,,,,,,"soundtrack, chamber music, soundtrack"
6X6qPLYPdtcoC6IVGyMqsV,Jenny,254720,0,False,,,,,,
49bOasbGve41kV4CM982rv,Bergschrund,250542,0,False,,,,,,"trip hop, downtempo, neoclassical, minimalism, ambient"
4VL5yu2u33cedBF2sKZdeN,Atlantis 1997 - Lifelike Remix,299556,17,False,,,,,,"synthwave, synthpop, nu disco, chillwave, synthwave, nu disco, french house, synthwave, nu disco, italo disco"
2j3YrhaMgMID62ZG9CT6rU,Dark Corners & Mountain Tops,306929,0,False,,,,,,"alternative dance, indie dance, indie electronic, new rave"
3GiORO0zRwRT3g9CCklzkQ,It's That Time - FISHER Remix,171717,72,False,,,,,,"hard house, eurodance, techno, trance, tech house, house"
04xK8T8fqpJbUZgNgcpszu,We Are,449615,16,False,,,,,,"techno, minimal techno"
6EZx0YpJHf6nwQT6bKXq1o,Agitation,520912,25,False,,,,,,"organic house, minimal techno, organic house"
74s4hPfeEUVYLxa7i68ygP,DEINE LIEBE IST FÜR MICH,264000,22,False,,,,,,"hard techno, techno, hard techno, neue deutsche welle"
00nZjMB2Ts8Vy1OX7b6Jnh,Torrid Soul,423239,30,False,,,,,,
3rUdlAGOBn1gUonFP391fa,After Rain comes Sun,449073,0,False,,,,,,"melodic techno, minimal techno, techno, deep house, melodic house"
6AHhqu7rJ3ZA7ijx99LuiX,Renaissance,418902,17,False,,,,,,"melodic techno, minimal techno, techno, melodic house"
7x8dCjCr0x6x2lXKujYD34,The Pretender,269373,78,False,,,,,,"rock, post-grunge, alternative rock, grunge"
1o8KTF7xZLE5tXeQVApo2e,Smoke Signals,226333,0,False,,,,,,
0nGqpM1FC31Pnofc8K4b1h,MACHINE,197018,40,False,,,,,,stutter house
4ut0TJ2w4uBoiIdX1uzVTB,Beat Your Heart Out,169056,0,False,,,,,,"punk, riot grrrl, skate punk, ska punk"
6nD5vIN7AGtM9XHJKXFpEW,Gato,274026,0,False,,,,,,latin indie
5t3Vk8bRKylx4fjj7qlbib,bitches broken hearts,176471,73,True,,,,,,
6B6KmId3nOhNEm49ooJw8f,Trust The Process,320416,1,False,,,,,,"hard techno, techno, acid techno"
3K8TAJPGF06oDH9fV4YLNN,Paris Is For Lovers (My Love) feat. Tomas Høffding,437373,37,False,,,,,,"trip hop, downtempo, dansk pop, dansktop"
0bRXwKfigvpKZUurwqAlEh,Lovely Day,254560,80,False,,,,,,"soul, classic soul, motown"
0el2Fldoy4AXqTW4OnlPrt,Nothing But Space (feat. Aqui),311724,0,True,,,,,,edm trap
1sNSG13fsK6KPKKNIQXXrh,You Know You Like It,247266,1,False,,,,,,
2wBCmDu6UQUSL6MDoWCXSK,L.A.LOVE (la la),192653,0,False,,,,,,
7mqmAKoCAhhAr9OEYKXTHs,Baby I'm Yours,215786,0,False,,,,,,"french house, nu disco, french house, nu disco"
1txpRK0vc1KrQZB11uuQ2U,Shining - Tiesto Remix,565002,5,False,,,,,,"trance, ebm, synthpop, industrial, darkwave"
5985LToyqbVWWNczsD9g5N,Clouds,158760,56,False,,,,,,"stutter house, stutter house"
3s4U7OHV7gnj42VV72eSZ6,Rather Be (feat. Jess Glynne),227833,73,False,,,,,,
7EhmKFtVbCSCp551aRXxPB,Silent Heart - Flutlicht Remix,482246,0,False,,,,,,"trance, dansk pop, trance"
2zs15vOK2uRqG9loRjpSUb,I Can't Let You Go - Jan Vervloet Remix,359826,14,False,,,,,,"eurodance, trance"
0AQTIkIGNv1mJANLK12GfK,Lovely Vicious,435840,0,False,,,,,,"techno, minimal techno, acid techno"
4CWZOyb9YHIH06yfsvY6k1,Give Me Your Love (feat. Nile Rodgers),209014,43,False,,,,,,
6X7kFQAv7hTVh8hbmkL5ki,Mein Wille,265600,47,False,,,,,,"hard techno, techno, acid techno, tekno, hard techno, techno, neue deutsche welle, acid techno"
3UXaftDIMmSdvn3VIQJBhj,Orbit - Adriatique & Ae:ther Remix,394677,22,False,,,,,,"liquid funk, lo-fi house, melodic techno, melodic house, melodic techno, melodic house, afro house, techno, melodic techno, melodic house, techno"
4crU4KMHG15M2PaUOEK4Dv,Just Over,174344,0,False,,,,,,"melodic house, progressive house, melodic techno, deep house"
52rEd8ub70OYeE2syRJYT9,Running Wild (feat. PollyAnna),169523,24,False,,,,,,"slap house, big room"
6OGRM4MAOlyOdhHuX0OJ6P,A New Error,367306,0,False,,,,,,"idm, electronica"
4A8enFiRai3beIh55qH6ZN,Photomaton - Kartell Remix,276610,0,False,,,,,,french indie pop
77DdPcZAgdV7fvLf2peo7o,Nimbus,519934,0,False,,,,,,"techno, minimal techno, melodic techno, acid techno"
3GaUiXEdfmdbEsUkzMgffA,Born To Rage - Blinders Remix,208603,15,False,,,,,,"big room, edm, electro house"
4w86qwpQff4YifrqticZld,Baby - Clock Opera Remix,297773,37,False,,,,,,nu disco
2X485T9Z5Ly0xyaghN73ed,Let It Happen,467586,82,False,,,,,,"neo-psychedelic, indie"
7GaiXtje26gnTVWE1iCcHl,You Be Love (feat. Billy Raffoul),207545,0,False,,,,,,edm
3czqJBP1wx21EZaPheMXrs,Three Eyes - Original Mix,374237,3,False,,,,,,"italo disco, italo dance, indie dance, hi-nrg"
3nGlmtxgba20RfR9jej8y2,Lie Alone (Record Of The Week) [ABGT263] - 16 Bit Lolitas Remix,304426,10,False,,,,,,"deep house, progressive house, deep house, melodic house"
0mNxCRPOojBf8QdoRSycLl,Rise Of The Era - Radio Edit,216996,12,False,,,,,,"trance, progressive trance"
27LQAG5S20ymr3VVgVsRQC,Beyond The Gate - Commercial Mix 4,63380,10,False,,,,,,"cedm, trance"
4NvOfNW0YUeoU842uIztan,The Arctic Voice - RDNK Remix,445443,5,False,,,,,,"organic house, minimal techno, melodic techno, minimal techno, techno, melodic house, melodic techno, techno, melodic house"
4JY5Puwe7zM9507UUswNHw,Ink,441990,0,False,,,,,,"melodic house, melodic techno, deep house"
1NHcL4xqhUZ9CW69msSN8F,Innovator,322461,9,False,,,,,,"tech house, melodic techno"
2FTI3wlQEvXd8CSE4jv3fq,Indie - Mixed,125577,16,False,,,,,,"progressive house, melodic techno, melodic house, organic house, progressive house, melodic house"
0VmJzhgE3LmfzJa1FdYHkl,Elysium,253242,41,False,,,,,,"techno, acid techno, techno, acid techno, hard techno"
4EgHY4558DhL6BoTqmSIOH,Boreal - Original Mix,359546,0,False,,,,,,"melodic techno, melodic house, techno"
2WkQHb5B2D2iuA8N6yuDPS,Be The Only,210346,47,False,,,,,,"hard house, eurodance, trance, uk garage, hypertechno, uk garage, breakbeat, hard house, deep house"
3HJfboybh7xnKrm1jnVJ0g,We Are Not Alone,386341,0,False,,,,,,"melodic techno, melodic house"
0abnHEEma5xkWazffnRpni,Ravarp,227555,32,False,,,,,,"techno, acid techno, hard techno, tekno, minimal techno, techno, acid techno, hard techno, tekno"
1vYvm3wNwMaTx4Cx3WDmBY,Dilo 10,184000,2,False,,,,,,trip hop
3sFZpkPuNL0NIxBWof3WdN,Life - GHEIST Remix,362926,0,False,,,,,,"melodic techno, melodic house, deep house, melodic techno, melodic house"
4iWuv4YvZZJZpx1D7QNLDy,Money,233639,0,False,,,,,,indie
7g4V1MvSEquPXPJ2zN2lbz,I'll Take You - LBCK Remix,243214,13,False,,,,,,"french house, nu disco, funky house, indie dance"
43mNwDn0zOH2HKl5B4aqcx,Falling,202313,49,False,,,,,,edm
4NzjiBcQT7Hzp2hvuEViqe,Little Darling - Joris Voorn Remix,200952,33,False,,,,,,"melodic house, progressive house, organic house, deep house, melodic techno, progressive trance, melodic techno, melodic house, deep house"
5MpHME3SFFX9mZpWhJNe6T,Time Machine,271508,4,False,,,,,,"melodic techno, melodic house, progressive house"
04XwCAIXhv33kyLsu28OBZ,Poison - Delusion Mix,230360,2,False,,,,,,"trance, progressive trance"
5szJ8SMwQVEvvdk65w6M6g,California Uber Alles,207040,0,False,,,,,,"punk, hardcore punk, skate punk, proto-punk"
60J8ir9bbCEBc5UYh8x0Hz,We All Have Rhythm,295199,40,False,,,,,,
2nOx2XwnLiraylicoyDqZX,Let's Get Slow,243293,0,False,,,,,,"nu disco, french house, indie dance, disco house, french house"
46HWwWIq2piTvm6nYmSDSY,Used To Have It All,198191,0,False,,,,,,"edm, big room"
3qVvO8WZQPpxmtb7URr2b2,I'm Not Afraid - Binaryh Remix,399360,10,False,,,,,,"melodic techno, melodic house, progressive house, melodic techno, melodic house, progressive house, techno, minimal techno"
3U7x9gVcUp5n4fn2LW9kDh,Flowers Of Evil,291840,26,False,,,,,,"melodic techno, melodic house, afro house, techno"
3k18fp37kIzetESCfiA2fP,Neptune's Orb,589375,6,False,,,,,,"trance, new rave"
1Bc1YCkgdW1AJ2GchM7g2C,Transhumanism - Transhumanism Project (3/3),424903,28,False,,,,,,"melodic techno, melodic house, techno, progressive house"
22mek4IiqubGD9ctzxc69s,How Deep Is Your Love,212640,76,False,,,,,,"edm, house"
6bUNEbXT7HovLW6BgPCBsb,Roses,369573,71,True,,,,,,"southern hip hop, hip hop"
087ID7Xb9l8GUSeV8vSdT4,We Are Electric (feat. Simon Wilcox),265117,21,False,,,,,,"edm, big room, electronica, slap house"
3tSFMJUvMkTW5Jy5q11enJ,Reprise - T Hemingway Remix,231840,0,False,,,,,,"chillwave, idm"
4Ei691AKbjiGscPcMUdA4s,Facing the Sun,313084,50,False,,,,,,
553qhywNKjkOZxs35aJXZb,Bad Habit - Alex Metric Remix,487297,3,False,,,,,,indie
1SHecZbYVhuEvNKINGJOnc,Basic Instinct - Thomas Jack Remix,388000,31,False,,,,,,"tropical house, deep house"
76Cab8Z6rFHPYpnqwgaouI,Jumanji,480044,0,False,,,,,,"melodic techno, indie dance, melodic house, minimal techno, deep house, techno"
6jHvX8ZnHKC1PnrPMJ0Emt,Cigarette Daydreams,208760,74,False,,,,,,
1DOuZaf52j4O1zlyQpxSQx,Consciousness,274551,1,False,,,,,,"melodic techno, melodic house, techno, stutter house, melodic techno, melodic house, techno"
4nZHIyYV95aSxTqeXXchBz,Ghost - Radio Edit,194943,0,False,,,,,,"progressive house, progressive house, future house, edm, progressive house, future bass, melodic bass, edm"
4HSrezPGTx2I2gcf1DulOI,Do It,229598,22,False,,,,,,"nu disco, french house, indie dance, synthwave, funky house"
76lT30VRv09h5MQp5snmsb,Lost Memory,462719,46,False,,,,,,"minimal techno, techno, melodic techno, tech house"
1zQX8Tf3fRYw8Djxh5kUKq,Chained,167546,0,False,,,,,,
5JzF2iymNwCyFz9MTmojd0,Why Don't You Get a Job?,171866,0,True,,,,,,"punk, skate punk"
6jlG8gBPNAgBgoivw2Ig09,DEVIL IS A LIE,130944,73,True,,,,,,
7ejkF9KOwiMsOzwLJpJRD6,Silent Summer,385580,28,False,,,,,,"melodic house, organic house, progressive house, melodic techno"
2MSOQehYYMrkKTDvANEFU4,Starlight - TSLMH Remix,259364,0,False,,,,,,"french house, french house"
54LOoyYUEsW8K2ZopEtHOg,The Bar Tender,578014,0,False,,,,,,"organic house, tribal house, downtempo, organic house, melodic techno, melodic house"
2v8X6L6j0kbUPXDZwtXvXU,Why'd You Only Call Me When You're High?,161123,1,False,,,,,,"indie, garage rock"
0QNkVh7nw7KkQSPkjharYW,Liverpool Street In The Rain,332437,0,False,,,,,,lo-fi house
5HyymLLycBbg9HUqi90bs9,Conversation,158293,10,False,,,,,,garage rock
5YQSFQloX2xo1RUYR89NFY,Rider,224518,34,False,,,,,,"melodic techno, progressive house, progressive trance, melodic house, trance, melodic techno, melodic house, progressive house, techno, melodic techno, progressive house, melodic house, progressive trance"
2uqvqso78vtVNyf8yn535h,Sex Appeal,209880,53,True,,,,,,"electroclash, electroclash, french indie pop, french pop, electroclash"
5bs8OXiOt4BPF2FAnRFP1u,Heads Will Roll - A-Trak Remix,383893,68,False,,,,,,"indie rock, disco house"
31WzgGBkO9THPqYeVGcTwb,Metal Master - Spectrum (Bart Skils & Weska Reinterpretation),249767,26,False,,,,,,"techno, minimal techno, techno, minimal techno, techno, minimal techno, melodic techno"
67FCQHKZOnyRmAlbYFx8ch,Balloons - Reworked Mix,496187,0,False,,,,,,"melodic house, minimal techno, melodic techno, deep house"
28KF83Qxd3raEAEjG1Rj0E,Keep Your Eyes Peeled,230945,56,False,,,,,,"darkwave, cold wave, ebm, post-punk, gothic rock"
1s08dif7auwU798DX3Km4z,Unification,444485,0,False,,,,,,"hard house, trance, progressive trance, trance, progressive trance"
1JWYelVPC1wsbaqMrmD8K7,Leavin' Me,328173,25,False,,,,,,indie dance
11RSAj9BMemLu7Pwfyz5yT,Reykjavik,456762,0,False,,,,,,"melodic techno, minimal techno"
3ckwU0TBQ0NUJ1elmDLMtZ,Happy Go Sucky Fucky,251289,0,True,,,,,,
10bS5B75FKJyfjFOpugr7U,Hear Me - BYNON Remix,326957,21,False,,,,,,"edm, southern gothic"
2sLVs5iX0osogh4jcsAJkv,Danielle (smile on my face),201230,54,True,,,,,,"stutter house, house"
3eB0WIA2mRm2ynYsbeqFLp,Loved By You,235933,27,False,,,,,,
2zGW1X3cD3KZTdQoCminom,Soledad,305074,0,False,,,,,,minimal techno
0LigJnwiA8OXeDp5qEDlTc,Lighthouse - Radio Edit,186562,0,False,,,,,,"big room, edm, electro house, progressive house"
2tKzFpgEbrptk3SduDZ0fe,"The Sun, The Moon, The Stars - Embody Remix",272222,19,False,,,,,,tropical house
3ZijJaxPs2uile0Go0i3OE,Extraball,212813,19,False,,,,,,"nu disco, french house, french indie pop, disco house, funky house, indie dance, baltimore club, electroclash"
13LhBVx55bRRXcUQ7FTYQf,Beaches and Friends - Hey Champ Remix,286000,23,False,,,,,,"nu disco, indie dance, nu disco, nu disco, indie dance"
6XdQGQ3p206TcowaJwZVlI,Demons - Radio Edit,197817,0,False,,,,,,"progressive house, edm, big room"
5YNfbxb7pn7NZhoVraIcco,Tygar,224640,0,False,,,,,,"melodic techno, melodic house"
2WgcjDrpGcp24NwKdo5hSg,Thinking About You - DubVision Remix,206795,0,False,,,,,,"progressive house, big room, edm"
4aiXO7343Z6i88xaINZYqa,Another day,251008,0,False,,,,,,lo-fi house
7Lmst7xE66nGIZrbKGcQvv,Free,292682,0,False,,,,,,
6vQL3vNCXOyOY65N0xXmwO,About a Tribe,455688,2,False,,,,,,"melodic techno, minimal techno, techno, melodic house"
7ME4vQKRiHCeHEQHa9tk1J,You'll See Me (feat. Tom Cane),180000,22,False,,,,,,"big room, drum and bass, liquid funk"
6DuTXPpowLA1vk8fzqaLtB,Nothing Around Us,345600,0,False,,,,,,"melodic techno, melodic house, techno, melodic techno, melodic house"
25vlJNu2c9f6wHj5Z7CDCF,Away - Binaryh Remix,428298,4,False,,,,,,"melodic techno, melodic house, melodic techno, melodic house, organic house, progressive house, afro house, melodic techno, melodic house, progressive house, techno, minimal techno"
2zwYnJZH6Y8nodg4SGBTcA,Surrender - Nico Morano Remix,395400,11,False,,,,,,"afro house, melodic techno, melodic house"
4oizBznMj4x2H73SwBnZ23,Lost Emotions - Original Remastered Mix,532569,10,False,,,,,,"trance, progressive trance"
3ezkJgagRPZ39KCTrKcSI7,Ghosts 'n' Stuff (feat. Rob Swire),328746,2,False,,,,,,"edm, progressive house, dubstep, drum and bass"
4gD1qMyIjDyz7Te8nlQEji,Breathe,223248,55,False,,,,,,"techno, acid techno, hard techno, tekno"
5Jlfld6JdyQSeDvNdv0XRE,La lune rousse,225256,47,False,,,,,,
0CjofOXWkiwB1WRYX7FA2L,United We Are (feat. Amba Shepherd),351749,26,False,,,,,,"big room, edm, progressive house, electronica"
57Xjny5yNzAcsxnusKmAfA,Reptilia,219826,76,False,,,,,,"garage rock, indie rock, alternative rock"
5sWINpQXREyHUZdGnxvuy3,Alone - Acoustic Version,135012,16,False,,,,,,"melodic house, melodic techno, deep house, afro house, melodic house"
6PnfLB5Z1DtXFMqhNn6wDY,It Ain't Me - Tiësto's AFTR:HRS Remix,192000,44,False,,,,,,"tropical house, edm, trance, big room, house"
3IAxJkFW0AeEHhmSFHjX0G,Haze - Marlon Hoffstadt AKA DJ Daddy Trance Remix,416318,31,False,,,,,,"techno, hard house, eurodance, techno, trance"
7EBx3o9ENjW5ZcjuoLlXRY,Never Ends,400352,0,False,,,,,,"melodic techno, melodic house, techno"
19RHTTvbv0PuKYTKlQxEn8,I Swear - Dirty South Extended Mix,445365,15,False,,,,,,"progressive house, edm"
7KTfBHtAbkl8SSgdAuLyNs,Maybe Not - Live In Munich,413832,4,False,,,,,,"melodic house, melodic techno, deep house"
44EbX1Cuwpq3hdnpTHsmfO,Another You,192306,61,False,,,,,,"trance, progressive trance, progressive house, electronica, edm"
6uGGlSAw2XtruAqFV8ST8J,A Bridge Over Novocaine,188198,38,False,,,,,,"melodic house, melodic techno, deep house"
0RKx3ivZOpeAlr3jrw8m8O,Catching Feelings - Edit,372480,0,False,,,,,,lo-fi house
6CjbLEPcubhGJAlAQAruvo,Leave a Trace,237483,0,False,,,,,,synthpop
0DVxWV6V1nWa7Ml68Frd3D,Movies,195706,60,False,,,,,,"nu metal, alternative metal"
0GpCIG97O5vQupnxMRDqjR,Arrival,394149,0,False,,,,,,"melodic techno, melodic house"
47CIsUktv8PGNWiHm4lahX,Take Me,242000,58,False,,,,,,
4u51z6hVh3pmoP7FSiibDW,Face Of Summer,398320,23,False,,,,,,"trance, progressive trance, progressive house, electronica, edm"
0h9xxCoXw2LkdJG9pR79RN,Neutron Dance - Edit,171613,34,False,,,,,,"italo disco, nu disco, indie dance"
1shDLpsNopiFi72lzxr7mI,On My Way,264786,0,False,,,,,,"edm, edm"
52ikpG7wqDrqAkocLVJjrx,Echoes,361306,31,False,,,,,,"hard house, hard house, techno, acid techno, hard techno, hard house, hard techno, techno, acid techno"
1ffXmvAVzxOGTbsxgKxJrk,Moonspell,466479,13,False,,,,,,"organic house, melodic house, melodic techno, indie dance, melodic techno, melodic house, organic house, progressive house, afro house"
5y9bM9BJMyDHKY0xVYcIVo,Rose Quartz,253108,0,False,,,,,,chillwave
6zbnpAx9RH1W0dS4JEqdpc,Spaceman,284546,0,False,,,,,,alternative rock
3ObaiFDGS1AgLeKbYOnZQX,Eden,294000,13,False,,,,,,"glitch, dub techno, idm"
04nTHo6rcRMLWPf6fJa6lN,Out Of Time - Original Mix,426097,3,False,,,,,,"techno, acid techno"
5N43rwxkC5bpZIoMrfg2k5,The Best - Radio Edit,204218,0,True,,,,,,nu disco
57ol0VGQfdqoHfhRfG9k0i,My Own Throne,263735,0,False,,,,,,nu disco
5DGsHMStyvLxUcPgAYHfLK,Vortex - Krystal Klear Remix,480168,7,False,,,,,,"electroclash, indie dance, italo disco, nu disco, indie dance"
4SnlvgH1WS4Nrsg52kNjRX,Warning,200466,3,False,,,,,,noise rock
3425OMM9bb64VMNXXldLvU,Ray,414646,43,False,,,,,,"melodic techno, melodic house, progressive house"
0Fe3WxeO6lZZxj7ytvbDUh,Dashboard,246173,62,False,,,,,,"indie rock, indie, alternative rock"
7888F1QWPTn4cPbuknNV4T,HIT EM WHERE IT HURTS,165499,45,False,,,,,,indie r&b
6TR0FGw4zhlGbQALN065AI,Breathe,194232,61,False,,,,,,"melodic techno, house, progressive house, melodic house, tech house, melodic techno, progressive house, melodic house"
6TjL5Cp1AeTMzhFdamNwL8,Wave - Sorg Radio Version,212414,8,False,,,,,,electro
0DjCwxpgho4eGcoDKhVxG7,Restless - Radio Edit,205994,0,False,,,,,,"hard techno, techno, acid techno, techno"
0w5Bdu51Ka25Pf3hojsKHh,Hard Times,182693,79,False,,,,,,"pop punk, emo"
7cffHI56eBiji4a7g3YGeq,Quality Control,311666,0,False,,,,,,"hard techno, techno, acid techno"
0gCOvKjdRTOYBk1LIaRini,Anahera,270506,0,False,,,,,,"trance, progressive trance, trance, progressive trance"
6r7FXNO57mlZCBY6PXcZZT,Five Hours,326887,64,False,,,,,,"melbourne bounce, electro house"
02EC84nMKvrL83QTEwBIPQ,You Take Me Away,423466,0,False,,,,,,"trance, eurodance"
0tPk6OPi760BD6C5WtqcqG,Kyoto,195243,52,False,,,,,,melodic house
2vPJlcwS31XkicWRCv5sFC,Cyanure Dance,575998,31,False,,,,,,"techno, hard techno, acid techno, tekno"
3i742n37mQpCvRDPgL1Cec,Summer in Marseille,130917,50,False,,,,,,jazz house
27rM1EZAXXDtRbwnn1hszm,I O U,212293,0,False,,,,,,
426lDtGrejS1wga7gmAmDv,No Man No Cry - Jimmy Sax Version,419500,53,False,,,,,,"organic house, minimal techno"
22bNlvnDQbYAq0Ex2sduSu,Orbital,546341,24,False,,,,,,"melodic techno, melodic house, techno, progressive house"
6rAA0RStXe4glglmQKPwr8,My blood - Flutters Remix,455517,17,False,,,,,,"deep house, nu disco"
3VN02Dd0cTbGexggrPu3iK,Zenit,125142,0,False,,,,,,
0CF7nkpvuwLiVRLscXSura,Renee,179125,0,False,,,,,,bedroom pop
0AjOXYBi68jDSQT7n5Ng1c,Queen of Hearts,236000,11,False,,,,,,
6wo37KVqFJhtuxPTpLCcfe,Takeaway (feat. Lennon Stella),209893,2,False,,,,,,"melodic bass, future bass, edm"
5pUtrlnTWtIF3x3t1eZ1ki,Games Continued (feat. Marie Plassard) - Extended Mix,378693,28,False,,,,,,"tropical house, electro swing, french r&b, pop urbaine, french pop"
2Yfmdwl7LqXHxdWly1s3Sm,The Keys,236946,0,False,,,,,,french indie pop
6CiW8ZvZQYHyCdKsfYeJYL,Liquid Fantasy,330000,27,False,,,,,,"melodic techno, melodic house, techno, melodic techno, melodic house"
5w4iizOwm46grMUcn9QFcY,Fantasya 3000,205887,21,False,,,,,,"melodic house, melodic techno"
7alddnGiaV7LqTJlnAqKZu,Clap Your Hands - Solomun Remix / Radio Edit,259205,46,False,,,,,,"melodic techno, minimal techno, techno, deep house, melodic house"
3GyOPU16lqk4zQgzX3jBF8,Les vitrines,197654,0,False,,,,,,french indie pop
7lu6YLrlB1MU7HW8DJSuPa,At The Door,310373,59,False,,,,,,"garage rock, indie rock, alternative rock"
23RoR84KodL5HWvUTneQ1w,(It Goes Like) Nanana - Edit,231545,75,False,,,,,,
0i77506epd8NgmHxZwMOwS,Heavy Is The Crown (Original Score) (from the series Arcane League of Legends),101533,53,False,,,,,,
0fgSowdCdBhR53PoDH03JU,Trouw,498107,3,False,,,,,,"techno, acid techno, hard techno, tekno"
0gv9o9mPK1JQeZd3eMFdTa,Lightning Strikes,238128,37,False,,,,,,"electro house, edm, big room, hardstyle"
04NzfvGky8pjtMX7u5TpAC,Man On the Moon - Miguel Campbell Remix,348520,0,False,,,,,,
62ZD37RdJGcT39jCC8XLX4,Fame for Sale,251533,0,False,,,,,,"nu disco, french house, french indie pop, electroclash"
1iZTuY3wspO4DxFXBD58WX,Dammit,166266,0,True,,,,,,"pop punk, punk, rock, skate punk, emo"
727SCCXFpgIU9nYtS4OqgD,Borax - Oliver Koletzki Rework,410803,17,False,,,,,,"melodic house, melodic techno, melodic techno, melodic house, organic house, minimal techno"
5kAwEqCAJ4yHdHmlAMSczs,These Are Just Places To Me Now,421700,56,False,,,,,,"jazz house, lo-fi house, disco house, funky house"
6fx1fKIs5e0pBL5FpdC7RB,MakeDamnSure,208280,1,False,,,,,,"emo, pop punk, screamo, post-hardcore, punk"
4yjoFroiLO7KpM2CDUH2ie,Countach - Original,459427,27,False,,,,,,"tech house, acid techno"
0oFOSTUaQ0t22nnQBHufUZ,stayinit,274925,19,False,,,,,,"stutter house, house, uk garage, breakbeat"
4LW5HsiZ9bWNnDtBEYVVuq,KICKASS,182292,21,False,,,,,,j-rock
70s6Wy3XOZXUHN6YOGv1Wg,June,403586,0,False,,,,,,
64cVYhfF7RaYX2LDiK2dpR,Carte Blanche,205800,0,False,,,,,,trance
7JBnzN2y2Wund2xmkZCIJi,I Wanna Know - Alesso & Deniz Koyu Remix,326960,0,False,,,,,,"edm, progressive house"
2DayOatjyTqcjPy15Mh1Tr,Quai 1B,440500,6,False,,,,,,"eurodance, hard house, trance"
7jYUaoOfdcYgUvkK8NnFfx,Tranz,162626,68,False,,,,,,
5XGADIsRq712VGyYmOU3XL,Through The Night,153333,18,False,,,,,,"techno, acid techno, hard techno, tekno, minimal techno, techno, hard techno, acid techno"
0GDvJyuEswEp7BDVY0ZKmS,It Must Be The Weather,375293,0,False,,,,,,"nu disco, indie dance, alternative dance"
3cow94VzEhI1236UDcbwJp,All It Takes,278946,0,False,,,,,,"french house, nu disco"
6Cycdzse284tjIva9klJXJ,Pegasus Seiya,204000,37,False,,,,,,glam rock
75wP09efeYdo6B644E33vf,Better On My Own (feat. Anabel Englund),288335,33,False,,,,,,house
3TKSsfL038iwxiVcckl2UV,Fantasy,386083,11,False,,,,,,"hard techno, techno, acid techno, tekno, hardcore techno"
6wVViUl2xSRoDK2T7dMZbR,Bizarre Love Triangle,263213,65,False,,,,,,"new wave, synthpop, post-punk, madchester"
1t0Jmqg1pKVBbxjQFZebeR,Marea (we’ve lost dancing),285375,66,False,,,,,,"stutter house, house"
0hRsVat24KvFZOSDihwNyT,RTRIG,431627,0,False,,,,,,"techno, acid techno, hard techno, tekno"
4YbwDpBNSnxw5xxZvrYaEo,Midnight Worker,290826,8,False,,,,,,
2pkIZ2AuuKwkkqasf5wXRo,Under the Moon,221659,54,False,,,,,,"hard house, techno, phonk, hard techno, hard house, hard techno, techno, bounce, trance"
4IYKjN1DrYzxKXt0umJqsG,I Got 5 On It,253533,75,False,,,,,,"g-funk, west coast hip hop, old school hip hop, brazilian bass"
5miqYQTJsEOAEGYWG9DLsU,Mind Trip - Original Mix,358000,0,False,,,,,,
2nWw7VrUn8Ijo45K6WIIna,Vielleicht Vielleicht - Holy Priest & elMefti Remix,169818,76,False,,,,,,"german indie, neue deutsche welle, german indie pop, german indie, german indie pop, hard techno, techno, tekno, hardcore techno, hard techno, techno, tekno, hardcore techno"
6a25inJpWjDP9WwKgO8gFI,Betrayal,366614,31,False,,,,,,"melodic techno, melodic house, techno"
3T6zu9vlpyVh8j6VMcuExZ,When We Break,284327,0,False,,,,,,indie soul
63lctya7LlMoW5iht9JAVZ,Light Headed,178720,32,False,,,,,,edm
201Ewjpy5yGB0JqBtQIm3Y,Running (feat. Cleopold) - Original Mix,271521,1,False,,,,,,"melodic techno, melodic house, progressive house"
5XWcRWXzlCovDeE7TnJAjW,Lace Star - Siamese Soundsystem Remix,412064,3,False,,,,,,"indie dance, melodic house"
0uKKDJ3L2ayyhrrhT4iI9v,Nova,442525,0,False,,,,,,"melodic techno, techno, melodic house, minimal techno"
3LteC4B7ByWRoVBnMF9A76,Moby - Tale Of Us & Anyma Remix,348643,28,False,,,,,,"downtempo, trip hop, melodic techno, techno, melodic house, minimal techno, melodic techno, melodic house, techno, stutter house"
3xaYNulG8k2OZaAOpPbvbu,Doubts,340830,0,False,,,,,,"melodic techno, melodic house, afro house, techno"
0qqwzVWiVmIRynDh1nTGCG,Chemicals,222075,0,False,,,,,,"edm, trance, big room, house, future house, edm"
5B83lmCIpUZbp3llYUN3Mg,Hope,220425,31,False,,,,,,
1xPSDf8z4dH46gkvlLtvDO,Maniac,244706,6,False,,,,,,
0FUUkCK8Mw51Bgq4in85Qp,Symbiotic Nature,374250,14,False,,,,,,dub techno
5C0ivQMxes2lWuOANhvVAm,GIANTS,191720,56,False,,,,,,"reggaeton, latin, k-pop"
0WAN1fd9IolU2wTsFfJFQw,Hunter,404851,0,False,,,,,,"melodic techno, melodic house, deep house"
5wDHm6XJA1vkysHDPdI8Db,Teatro,404996,0,False,,,,,,"techno, acid techno, techno, acid techno, melodic techno, hard techno"
2Uxn9uOgMUcGyy25SaMdq6,Break the Rules,203907,38,True,,,,,,"hyperpop, art pop"
5BervU7PHyHTtYpzT3bYAD,Get Free,289973,0,False,,,,,,"moombahton, dubstep, dub"
4UZRjeuXVsXNgYR3sly2FZ,Embrace,456693,30,False,,,,,,"trance, progressive trance, progressive house, electronica, edm"
3DGJis28dEC0AWW4TMzLza,They Don't Know Us - Radio Edit,197267,0,False,,,,,,"big room, edm"
0m1gkehSAaihdNYwyJdxbd,Never Lost,198717,0,False,,,,,,"future bass, drumstep, bass music"
3YtL6y0eib6vgPmvF3mUed,Finally - Radio Edit,199488,0,False,,,,,,"future house, house"
0C6aMqg0IlMqSNTxpmRbko,Elements,417230,0,False,,,,,,"techno, acid techno, hard techno, tekno"
7rMy6o5htW9MNnYjDEkR45,Meta,341000,31,False,,,,,,"hard techno, techno, hard techno, techno, techno, hard techno, acid techno"
2k5ie8OuFMOfoeUA4nY9mM,Blue Is The Distance,313933,0,False,,,,,,"tech house, house, tech house"
14e7Xs24shtJXF05kOUjDz,Let's Get Retarded,215920,0,False,,,,,,
5UujU8i6K36nTX5TT9p7O4,Energy Is You - Vocal Radio Edit,234355,32,False,,,,,,
58stjpV04lJKmPgc2vxm6J,Love Is All I Got,186320,0,False,,,,,,"dubstep, electro house, dub"
0BUqmsbdo6NNrxrkw14e5g,Snstvty,185260,36,False,,,,,,"nu disco, french house, funky house, indie dance, disco house"
1Gsgn6QFYJgkBxEVC1jJnN,Moan - Trentemøller Remix,445330,0,False,,,,,,"minimal techno, electronica"
1KOTY2OVnEgua9eY76WxvT,Azul,226831,61,False,,,,,,"hard house, techno, phonk, hard techno"
4RWQ6PBepDkzf1XrVIbFeW,My Wings,247625,27,False,,,,,,"lounge, lounge"
2QBQ15Xg5KqfJbi361dKD6,Mercury,389060,0,False,,,,,,"organic house, chinese indie"
2has30uZnHlC3eCnM1nXeV,Love Me Already,243746,0,False,,,,,,
2jbZ3ES5KyUIJ8c814oPOo,Skyline Drift 94 - Original Mix,431020,1,False,,,,,,"hard techno, acid techno, techno, hardcore techno"
79X4fsJnREBHwFlA2nqzxo,Nebula,387619,0,False,,,,,,"techno, melodic techno, acid techno, minimal techno"
0QJWkLsRlvcpYsNeHoSZkB,Veins,264026,14,False,,,,,,"progressive house, edm, big room"
72XWsiLW8q2g8Lv0a010ha,The Great Escape,206520,60,False,,,,,,"pop punk, emo"
3sz8Gn0fOmXmyXOaPSWBJ9,Sweet Escape,232532,0,False,,,,,,"edm, tropical house"
1Ek1oOZaKFPYsa4ri0yu4u,ノーボーイ・ノークライ,214066,48,False,,,,,,"anime, j-rock"
3H0LRnAIsMQ1dFzlOchnLQ,All Cried Out (feat. Alex Newell) - The Magician Remix,278620,28,False,,,,,,house
3r47dnu7PhxIv0sYO8t7Xe,I Will Come Back,321073,0,False,,,,,,"nu disco, indie dance, alternative dance"
7gwcVydlmPFGeBogdmxckf,If Chickens Could Talk,436640,0,False,,,,,,"melodic house, organic house, progressive house, melodic techno"
74OTxQziaDz9WeQbTx9kPc,Video (feat. Tegan and Sara),263200,0,False,,,,,,"edm, progressive house"
5eLSXWSJphV4u3YZCNXySE,Escape,190866,53,False,,,,,,"techno, tech house"
3fU0407Cls1hLW1ap5w2Lr,You Wanted a Hit,546413,46,False,,,,,,"alternative dance, new rave"
29BNwy4DiJbLSf796C337g,Revolving Door,220506,41,False,,,,,,"rap rock, nu metal"
7CbUK19EUxPdOpqXounMmk,(OO),175466,17,False,,,,,,electro
5RByQFt9Mlo8hDYJ921tCv,"Around the World / Harder, Better, Faster, Stronger",342626,62,False,,,,,,"french house, electronic, electro"
4UTDJfQJr7my95FERZXg9Q,The Tribe,257142,43,False,,,,,,"melodic techno, techno, acid techno, melodic house"
3r6nLn0He79A16dFir8aUZ,Swept Away - Original Mix,346500,0,False,,,,,,downtempo
7y8aVfDkqt6qirGNivvs0M,One Girl / One Boy,243626,0,False,,,,,,"alternative dance, new rave"
4QYQkGiJO2ZB4i4N9oFpch,Heaven On Earth (feat. Sherry St. Germain),228741,29,False,,,,,,"electro house, edm"
2N8m6CYs74qQO4mjVcXO30,Dance Monkey,209438,75,False,,,,,,
5HNOvb7UD5oH6Q2nc6o11G,Discopolis 2.0 - Kydus Remix,222720,25,False,,,,,,"french house, synthwave, nu disco, italo disco, french house, nu disco, synthwave, tech house"
5mCLCA1bnQHPU4EZBtZgqo,Sternstunde - Joris Voorn Edit,226680,38,False,,,,,,"melodic techno, minimal techno, melodic house, techno, melodic techno, melodic house, deep house"
6DetvocRqx9ELX2aKmwj3g,How I Feel,189875,46,False,,,,,,"tech house, house"
3JMy4HCSvdwY6FMtvkdKfF,Here We Go Again,185424,42,True,,,,,,"pop punk, punk"
6AVKMRdQ16UFYMkNhauL8k,Acid Test,397584,7,False,,,,,,"acid techno, techno, hard techno, tekno"
64RHaFDHyDoAg0mn4fKlGL,Another Way,235701,39,False,,,,,,
4Jwes4qshAzDjBiUwGPZeR,Voyager - Marlon Hoffstadt aka DJ Daddy Trance Remix,316000,40,False,,,,,,"hard house, eurodance, trance, hard house, eurodance, techno, trance, hard house, eurodance, hypertechno, techno, trance"
5nm89cBJ7cWjhZBMVb4o1F,You're the One for Me (option4 Remix),320720,16,False,,,,,,
1VpZTcZyRH27oNa1QW4PHp,Sweet Love - Calling out Your Name,173579,1,False,,,,,,"tropical house, deep house"
214tNSr4epshNjQ6W2PTLg,You're Gonna Love Again,201306,43,False,,,,,,
5dIDcGF81nARBK94seV31R,Wolves,190777,0,False,,,,,,"electroclash, new rave, french house"
64BbK9SFKH2jk86U3dGj2P,Otherside,255373,84,False,,,,,,"funk rock, alternative rock, rock"
7egu63DOhNpivWOpGtzqGS,Lamb's Wool,276360,57,False,,,,,,
0d28khcov6AiegSCpG5TuT,Feel Good Inc.,222640,90,False,,,,,,"jazz rap, east coast hip hop"
5ELRhUPf1f2Qc1x7hTFQ9l,Higher,170624,36,False,,,,,,"big room, edm, future house"
497k4sQ2fYCqx7LvMzu7jI,Got This Feeling [Mix Cut] - Original Mix,290034,35,False,,,,,,"progressive house, deep house, melodic house"
1zsDbmrf4ZkjW5hsSsaDjO,Born Slippy (Nuxx),456480,1,False,,,,,,"big beat, electronica"
1QfafdiychoTQRe06TJQit,Let Down,253280,0,False,,,,,,"dream pop, shoegaze"
4xsncq1W7ZomEJNyOQyGIs,Bound,240000,10,False,,,,,,tech house
2RaMogqMge302hL3paUaVP,Komm in Mich,266957,30,False,,,,,,"techno, hard techno, neue deutsche welle"
2Sgd4RyAQqqwflUACAnXPK,Inglorious Express,430718,20,False,,,,,,"indie dance, italo disco, melodic techno, italo dance, nu disco, indie dance, italo disco, italo dance, melodic techno"
4JkoHrppOsz2wXr2MzpX1T,White Lack,438213,17,False,,,,,,
7egdagjq8ypTqzxolahfKb,Desire - Charlotte de Witte Remix,472289,29,False,,,,,,"edm, techno, acid techno, hard techno, tekno"
46mSti37NWTIg9XOFulqLH,Home - Vintage Culture Remix,213333,56,False,,,,,,"melodic techno, house, progressive house, melodic house, tech house, brazilian bass, electronic, electro"
2ZKL2ComlqDDvRI8XAkJAK,Summer & Smoke - Collé Remix,235738,18,False,,,,,,"melodic house, melodic techno, afro house, afro tech, melodic techno, melodic house"
3ghWSRW7S0lLCseO0x0Efy,Around You,206055,19,False,,,,,,"trance, progressive trance, progressive house, melodic house, melodic techno"
22wYovc5ItAy5sGNONhUKd,My Love / Your Soul,271676,0,False,,,,,,"nu disco, french house, french indie pop"
7BZUuaMR3dN9GYdpAGYyJy,White Knuckle Ride,217200,0,False,,,,,,"acid jazz, funk"
08sBPUxQNoR8kgJvkL2S3C,Under The Moon - Lee Foss Remix,436890,0,False,,,,,,"tech house, house"
0voh5sxpWkU8G0YnC1O1rP,Loneliest Boy - Extended Version,342655,0,False,,,,,,"minimal techno, melodic house, melodic techno, electronica"
42DrQ0vbP0U4CZWBgJhefw,Human Failure - Aves Volare Remix,453540,9,False,,,,,,"melodic techno, melodic house, progressive house, melodic techno, indie dance, melodic house, progressive house"
2tj9YEjf5ezprI5DmmX1aT,Twenty Years,259546,0,False,,,,,,britpop
1SNo37dPx7FSlEoQwr1v5Z,SHIFT GEAR,213000,17,False,,,,,,"lo-fi house, lo-fi house"
3umznlBEmU6Y9PJF3FRpMA,First Time - Shubostar Remix,476443,0,False,,,,,,"indie dance, italo disco, italo dance, jazz house, indie dance, italo disco, italo dance"
0j36CNxT4hpel4SwkndMor,Miracle Aligner,245733,0,False,,,,,,baroque pop
63Eckykw9TdXwGcKEJNkvT,Search and Destroy,201595,0,False,,,,,,post-hardcore
1ok8sVrOcxSFpuVzygkQLx,Who Said,187348,34,False,,,,,,
66Z5aT1TO0NAYnOw2XWkOv,Letting Go - Radio Edit,191801,0,False,,,,,,
26kGpG63sjw8gvJJEUHN2y,Escape Artist,365416,5,False,,,,,,"techno, acid techno, hard techno"
1IbNYr8ByXsgwGbmOxLBXP,Friends,547244,0,False,,,,,,"melodic techno, minimal techno, techno, deep house, melodic house"
3UnkzTzx8ANeCh8ymXo5ap,One Track Mind,203120,35,False,,,,,,"nu disco, alternative dance, indie dance"
11flbqPHll2BaMLXhNKxbn,Angel Of The 90's,300387,19,False,,,,,,"hard techno, techno, acid techno, tekno"
0ItU52h7VCywUAy1UQ3CsN,Out Of Order,316466,6,False,,,,,,"hard techno, techno, acid techno"
1B7ZRRwmqbmkRKaJPWLqMb,Spiegel,366008,21,False,,,,,,"indie dance, italo disco, italo dance, indie dance, cold wave"
5WWuKsN4PzLa85Lpr9Jpg6,All The People In The World,221533,40,False,,,,,,
7pyzukQnkzBDpHICG2ta4i,Mistakes,393120,0,False,,,,,,
2MuswymkgHNvRQzLzwB4G3,Izakaya,184927,35,False,,,,,,"lo-fi, lo-fi hip hop, lo-fi beats"
51pQ7vY7WXzxskwloaeqyj,Stairway to Heaven - 1990 Remaster,478173,1,False,,,,,,"classic rock, rock, hard rock, rock and roll"
4MGx3WGUr8utOFBaHUJjpg,Wildfire - Radio Edit,225117,0,False,,,,,,"big room, edm"
0erFK7Ynt5wdvnaYXceN5q,Day,378771,0,False,,,,,,"melodic techno, melodic house, melodic techno, minimal techno, techno, deep house, melodic house"
6WVLxIaxCdPVeSZQ0dvQnb,Feel What You Want - Maywald Remix Radio Edit,217852,0,False,,,,,,tropical house
1nEqYa8UgT0wHWLBGS7kF9,Tokyo (Vampires & Wolves),231377,32,False,,,,,,indie
4leKTpVo37I9FDnVXer9gy,Hurricane - Feed Me Remix,223254,12,False,,,,,,"dubstep, electro house, dub"
04QZdz4g1qoDlPscXVXS1I,Underwater,349293,34,False,,,,,,
4XU00BpedVeOUBUF3bCuBX,Attached - Rodriguez Jr. Remix,360784,12,False,,,,,,"melodic house, melodic techno, organic house, progressive house, melodic techno, melodic house, minimal techno, deep house"
61RDJPVUdfwSaQ7M3eOgXc,comoverto...,227142,0,False,,,,,,
2yHRqpCzLlW0wgNOsraRbn,Too Soon,249760,0,False,,,,,,"french house, nu disco"
0bLe5mJhPoxZXE7jXGT3NE,Ariane,351944,21,False,,,,,,"melodic techno, minimal techno"
4nRd68hrqr2b5gKLX154HY,Vinyla Sky,482253,0,False,,,,,,"psytrance, trance, progressive trance"
3sWbIVUEdY2YyXzJoNj2zs,Toxic - Explicit Album Version,166933,41,True,,,,,,"rap rock, nu metal"
59NraMJsLaMCVtwXTSia8i,Prada,132359,80,True,,,,,,"hypertechno, grime, uk drill"
6OTxVSQr04IaDfipa3vyZn,Beul Un Latha - Kevin de Vries Remix,313548,9,False,,,,,,"trance, progressive trance, melodic techno, melodic house, techno"
5EOo9MsHAKZoNlZZDPrBXY,She Wolf (Falling to Pieces) [feat. Sia],222500,44,False,,,,,,edm
5ryQaaGSk55T2XcHFNrwHf,Check 4 U - Original Mix,361967,0,False,,,,,,"nu disco, deep house"
3IC5oKi7Fo7OLJlYj3fSOp,Do It For You,158958,39,False,,,,,,"hard house, eurodance, trance, uk garage, hypertechno, hard house, eurodance, trance, techno, hypertechno"
0Bc7D2OpXdj5cvu5YKod8z,fucking highschool people,225375,35,True,,,,,,"hard techno, techno, acid techno, hard house"
4iiQHKy1dIbYyRscZuaWTo,All That I Lost,259838,27,False,,,,,,"melodic house, progressive house, melodic techno"
3ymEudDqWNRSKdLL9sct2b,Chemistry - Original Mix,357950,0,False,,,,,,"nu disco, deep house"
4RyK6N4IQ85xxLgguQAFH5,Blue Jeans,209440,66,True,,,,,,
63WGk6ue6ttTnyFLGh7ogp,Wonderland (feat. Angelika Vee) - Radio Edit,181746,26,False,,,,,,"progressive house, future house, edm"
7yuUGBXakKjMjQnQssIP4I,Must've Been (feat. DRAM),210558,21,False,,,,,,"nu disco, alternative dance, indie dance"
4CLZlTPjaKqbadAJc031OQ,Pogo,226466,0,False,,,,,,"electroclash, new rave, french house"
1MsyEbEQca1sfC9JnkKnOm,Alaska,188717,0,False,,,,,,
3Pld11rrM7oz0ONBNtyNJ5,Stay in Love,250286,18,False,,,,,,french house
1rYrmHEVj9JFmo8C9hFTkj,Silent Heart - Voodoo & Serano Radio Edit,211346,16,False,,,,,,"trance, dansk pop, trance, trance"
6IdFO1sqWdl02uwACVwyRJ,Body Language,384843,0,False,,,,,,"techno, melodic techno, acid techno, tech house"
3lgoGEEfJNcRBBPKjFFPl8,The Blame Game,354393,36,False,,,,,,
4qGZja0cZLWR7ILYEKMzgq,Haunted - Original Mix,403750,10,False,,,,,,"trance, progressive trance"
2vbhhIS2PYixI7Y5fYqO30,Manila - Ewan Pearson Mix,312333,25,False,,,,,,electroclash
7pmhgnNyt4NDVAyJQJf7sV,Grains,417237,0,False,,,,,,"minimal techno, techno, acid techno"
321gv2jshdnYZ2hZSjPwuI,Stars,238125,27,False,,,,,,"edm, progressive house"
2mmlZmSxKixWUwQyjLI0hK,Purple Clouds,428145,4,False,,,,,,"melodic techno, minimal techno, techno, melodic house"
6Ua9Ylv2V1BXtjAaa3MPDs,Cool,221666,0,False,,,,,,edm
5KbhvaeqKIB2bZcJMyfezl,Hold Me Closer - Joel Corry Remix,248594,50,False,,,,,,"pop, dance pop"
3s2XZ9wf41ATt3MoErG92F,Dance With The Devil (The 6th Gate) - Reinier Zonneveld Remix,192000,0,False,,,,,,"techno, acid techno, hard techno, tekno, minimal techno, electronica, techno"
0FibDOltyBD3ACAcpOJFbF,VI - Original Mix,319200,25,False,,,,,,"indie dance, melodic techno, melodic house"
0163ud7I4Vb0ID5K7WBkq9,Piercing Light,291314,52,False,,,,,,
0yQA1ujGy7IsGLhEOVystE,These Chains,253102,31,False,,,,,,"alternative dance, new rave, indie dance"
5JwcXZBFsBTVhchPYARbPP,Digital Girl,211018,3,False,,,,,,"chillwave, dream pop"
5fgb3Md1xjt3mxeBqguiIA,I Would Do Anything for You,214080,59,False,,,,,,
7k6ds2BvraCzxPW95vSOwd,In My Mind,274899,43,False,,,,,,"hard techno, techno, acid techno, hard techno, techno, acid techno, tekno"
7vqcDtNvoJn5pXhktc8qe8,Solitary Daze,463405,0,False,,,,,,"melodic techno, techno, minimal techno, tech house, minimal techno, melodic techno, techno"
4Bfn1AXTNX9ETEj4HESIu7,Try to Lose,216133,0,False,,,,,,"alternative dance, indie dance, nu disco"
1uQWXYiUnFpwNj8Yxwx2hu,Glockenspiel Song,261066,23,False,,,,,,
2ae8Zir5qhtyjzlnqtJzX4,For a Feeling (feat. RHODES) - Layton Giordani Remix,484218,40,False,,,,,,"melodic techno, house, progressive house, melodic house, tech house, melodic techno, melodic house, techno, progressive house, techno, melodic techno, acid techno, tech house"
66uD2Gp6k1fkml5xafmdxV,ALLES IST WIE ES IST,168163,31,False,,,,,,"techno, hard techno, neue deutsche welle"
40YcuQysJ0KlGQTeGUosTC,"Me, Myself & I",251466,79,True,,,,,,
6kwAbEjseqBob48jCus7Sz,Elastic Heart,257200,77,False,,,,,,
5I4Iik09oGpx4kvZlaUZW0,After Life (Point Point Remix),230400,0,False,,,,,,"future house, bass house, g-house, house, future bass"
5YPfFN0EsuvOgisgC4tzBq,Summer Luv (feat. Crystal Fighters),179634,31,False,,,,,,"nu disco, alternative dance"
6JNJERZGJwDVgkmbohBw7u,Self Control,246440,78,False,,,,,,
5lvLiD5JeZuYdY1qIdrv5P,You,408833,30,False,,,,,,"techno, melodic techno"
5kwTdbmR4WXkjISa1U1Yao,Lights - Bakermat Remix,262226,35,False,,,,,,tropical house
6xy6jNeNTYwjnKTDzMyHw2,Zombie,306440,2,False,,,,,,
2gHkzZeCMjbS9e2jODbm8X,Reservoir - Jacques Lu Cont Remix,387292,0,False,,,,,,"new rave, alternative dance"
5npqVYHjQeHFTE9iZBio6Q,When The Sun Goes Down,200013,0,False,,,,,,"indie, garage rock"
3lkIfY7j5Lv5aRtnDubC2B,Un Prophète,520336,7,False,,,,,,melodic house
6stM9ZB0ttxLOcFMYXSWIL,Yesterday Has Come,210269,4,False,,,,,,"brazilian bass, electronic, electro, g-house, nu disco, jazz funk, funky house"
5NagG9mPJeTrO0ut3lZZhW,Shadow Of Tears,458911,30,False,,,,,,"hard techno, techno, acid techno, tekno, french rap"
3gmVbNqZTlOcTuWVpXO2fi,Hold On,180000,32,False,,,,,,
4KHDdWCH1NCtFv2mVGNkCH,Apollo - Original Mix,311445,0,False,,,,,,"big room, edm, progressive house, electronica"
3RUAFnk4i8CEGrcJS3YFoj,Sugar - Extended Mix,272567,0,False,,,,,,tropical house
5PsUB0ISfQxRLhF5DmI5Ks,Don't Speak,263000,1,False,,,,,,
1Yi2zuTqWJq7ZDgXCpPipk,together,353789,0,False,,,,,,"hard techno, techno, tekno, acid techno"
7cEbICGWeFyBTmijsRtbjr,Vega,201290,52,False,,,,,,"techno, melodic techno, acid techno, minimal techno"
5EU8zef0iJH3xc39SbynXc,Enough to Believe - Eagles & Butterflies Remix,594447,29,False,,,,,,"indie dance, melodic techno, melodic house"
0tmqWC2xV43eq0rmKgpHNH,Back for More,256307,0,False,,,,,,"french house, nu disco"
3AtvfGdTKFyhh8wtIB05r9,Enter The Dragon (Are You Up?),180774,43,False,,,,,,"hard techno, techno, uk garage, rally house"
16WL3s4JszXh14ORSeGNAE,Pachelbel: Canon and Gigue in D Major: Canon,300613,36,False,,,,,,"classical, classical, orchestral, classical, chamber music, orchestral"
0PjCpt9GpucCaS1gz0Ebca,Own Thing - Original Mix,464129,0,False,,,,,,"nu disco, deep house"
1kgws2l8gsvDhtsVyzWbu9,Overnight,219602,0,False,,,,,,indie soul
7k7i5YHJSLTbBSuwnWtSBn,Twist of Fate,217053,0,False,,,,,,
48Gxt0r4q6g870CXAy0OaM,Love Me Lots - Bridge & Law Radio Edit,186870,9,False,,,,,,
3ZutS6kzYIHQknkuuHtpUP,Rainbow Man,214626,40,False,,,,,,"french house, electroclash, nu disco"
3wIaPhVmXG6lcIPfm7D0fm,FELL IN LOVE,138460,47,True,,,,,,"pop punk, punk, rock, skate punk, emo"
6Z1yGU0zcUdlq2pwMGExxc,Venere - Fideles Remix,556752,33,False,,,,,,"melodic techno, melodic house, progressive house, melodic techno, melodic house, melodic techno, melodic house, techno"
1iXBApi39l5r6lJj9WEXXS,Hideaway,251960,1,False,,,,,,
0O4H5enNBIDR3k0ibZBKa2,Journey To The Underworld,459720,0,False,,,,,,"techno, melodic techno, acid techno, minimal techno"
5MeImhP9x3i1MXsWBXaWvB,Music In Our House,162206,26,False,,,,,,hard house
21fAjb3K01LujY841IMbtA,Ira - Yubik Remix,343414,24,False,,,,,,"melodic techno, melodic house, melodic techno, melodic house, techno"
31B7wLv4yvtjDoTTmbnxeE,Jungle,198805,62,True,,,,,,"stutter house, house"
2RWraN4ZkuqjcNQAlBNGEH,Piece of My Heart,266240,0,False,,,,,,"classic rock, acid rock, psychedelic rock"
1v07K6OsaUuhyqf9Z2KBOk,Waiting,203050,0,False,,,,,,"future house, house, future house"
19OJLSiZod7YFmahNngVta,Rosen Sind Rot,361853,0,False,,,,,,"techno, hard techno, neue deutsche welle"
5iAfLe0T0yRIYbL2v58Mzv,Take My Breath Away,188710,0,False,,,,,,edm
7iqTu4OPL3KYs4FMdtLZsy,Mardy Bum,175440,0,False,,,,,,"indie, garage rock"
1lcvKDTQRYCg15dRDdyFNj,Push (feat. Andrew Wyatt),213511,0,False,,,,,,disco house
0lKuld9Ip8Jb2LufQV1kIB,Intuition (ASOT 1138),87870,15,False,,,,,,"melodic techno, melodic house, minimal techno, techno"
0aKwL27ihyHJrmfAYKqB84,The Space Between Us - Original Mix,503325,40,False,,,,,,"minimal techno, melodic techno, minimal techno, melodic techno, techno"
3GeeyHU1Q6xjyeXjRAjBoo,Reality (feat. Janieck Devy) - Radio Edit,158474,1,False,,,,,,tropical house
4e2Ls4uu0tEgicHsotJSYs,Mercury,445245,4,False,,,,,,"melodic techno, melodic house"
0S7777WWqz15Oa6QjvFR4u,Tears in the Rain - Original Mix,406157,0,False,,,,,,"techno, acid techno, hard techno"
66sCkk6eYeHwuJtkfnkfsi,Light Me Up (feat. BONUS check) - Semi Acoustic Mix,238064,8,False,,,,,,"trance, progressive trance"
2xYpGZUwW8qlABYqlQbwdQ,Heute Tanzen (Tinlicker Version),250560,31,False,,,,,,"techno, acid techno, hard techno, tekno, minimal techno, melodic house, progressive house, melodic techno, techno, hard techno, acid techno"
0s3wIBczp6TdSJ2y8cveJl,Confronted - Anfisa Letyago Stranger Remix,387413,0,False,,,,,,"techno, minimal techno, techno"
4Jw2kipb3igPreUTRQN6fD,Warrior's Dance,312960,0,False,,,,,,"big beat, breakbeat, hardcore techno"
5hj9Dt5n7Vm1D86fGOaV9D,Do I Do - JAGO Remix,247960,2,False,,,,,,"italo disco, italo dance, hi-nrg, post-disco, italo disco, italo dance, hi-nrg, post-disco, chicago house"
2SjTV5tVKofYLnAz4xIwGr,The Perpetual Journey of Self-Discovery,297053,27,False,,,,,,"hard techno, techno, hard house, acid techno, tekno"
656TVMyjGydUPmrbWvWqC8,Crossroads,208050,0,False,,,,,,"big room, edm, electro house, progressive house"
4rtPrDImV3Zvz0033ePqdK,Sunglasses at Night,225222,36,False,,,,,,"techno, acid techno, hard techno, tekno, minimal techno, electroclash, electroclash"
2hqpcsqOnPHxWDIRGPJAXC,Red fraction,221386,0,False,,,,,,anime
5wNwvQbXCljZszxOcewlQj,Robot Evolution - Emika Remix,307031,0,False,,,,,,"techno, minimal techno, acid techno, dub techno, trip hop"
4l4Xe8fzmum55XTLfz7fJV,En roue libre,238023,36,False,,,,,,
3aLSrx8qhssXrh5yjB6oy9,All Stars,170322,1,False,,,,,,french house
1Bkckgr1RGncOvWDn5Ar3h,Are We Truly Free?,216850,52,False,,,,,,"melodic techno, techno, acid techno, melodic house"
6H8oBlNd3QYVC8GhJzewz8,Toll Free,201733,0,True,,,,,,"rock en español, mexican rock, latin alternative, mexican indie, latin rock"
4hJi9ntjJwrefSogD74lkk,Zero Gravity - Radio Edit,227076,0,False,,,,,,"big room, edm"
06WDGDhZhbrOwIpvh6gXFK,Saharan Dust,210242,13,False,,,,,,"melodic techno, melodic house, minimal techno"
3zBifh5Poc5NsZb8kEj9Jd,Red Racer,334736,8,False,,,,,,
1y7agAufBsudgRXuq6Ekqb,Ready For Your Love,198880,58,False,,,,,,house
1mCvM05OlYWQd77RDxCTLD,Life Worth Living,244561,62,False,,,,,,
6k0BfmLZYYo1aeL7fokcKx,Fax From Mars,389459,11,False,,,,,,"indie dance, deep house"
7CvOnbFdnIoXMQ4eFCo5lB,Around the World (La La La La La),214533,73,False,,,,,,"europop, eurodance"
0vs4k1mRSs01iOR5S5sd07,Voodoo In My Blood,241132,46,False,,,,,,"trip hop, downtempo, experimental hip hop"
0DdzPAxQBaivp4izyUJYdB,Geometric,405555,0,False,,,,,,"techno, minimal techno, acid techno"
2lKOI1nwP5qZtZC7TGQVY8,I Think I Need A DJ,155000,46,False,,,,,,"hard house, eurodance, techno, trance, hard house, hypertechno, hard house, eurodance, hypertechno, techno, trance"
37GZuz2dghfjwnx3txJrdk,Been Around The World - Original Mix,308899,0,False,,,,,,"nu disco, deep house"
46CiniduyRUQGrdpgrfZ9q,I Wish I Was James Bond,197800,0,False,,,,,,
1y4Kln6VEjQMpmHW7j9GeY,Cut Your Teeth - Kygo Remix,399013,55,False,,,,,,"tropical house, tropical house"
0hoyNXfrjpEUxnWtrIIOsr,Part Of Me,295146,22,False,,,,,,"melodic house, melodic techno"
1OGMyqd5PKvCS45J5AyunP,Freaking Out,215693,37,True,,,,,,"nu metal, rap metal, alternative metal"
2mKouqwAIdQnMP43zxR89r,What's Luv? (feat. Ja-Rule & Ashanti),267093,76,True,,,,,,"east coast hip hop, east coast hip hop, r&b, r&b"
2dQ1P3FfppljdHuSTYp2QX,Ember,415558,26,False,,,,,,"melodic techno, melodic house, minimal techno, progressive house, techno"
5GVm0Jyse3MfehoC1T6NiR,Salvation,428160,18,False,,,,,,"minimal techno, techno, melodic techno"
71VdDpjM7OR2pnX9PZhf3q,Get On Up,173208,37,False,,,,,,"hard house, eurodance, trance, uk garage, hypertechno, hard house, eurodance, trance, techno, hypertechno"
6JvRKVFkk6IjrHlIx0pb7C,Bombay,358060,0,False,,,,,,"melodic techno, melodic house, progressive house, techno"
4td58LU39TUuZ5ksh5nkiF,Santiago,374093,0,False,,,,,,"melodic techno, melodic house, techno"
2zlOCBcS1CCIUkgpz78ahY,Abrasive,256808,0,False,,,,,,
69zxj1EFDfAouZu9JDmQld,Secrets - Radio Edit,216967,58,False,,,,,,"edm, trance, big room, house, big room, edm, slap house, electronica, electronica"
3dCuWnwg782MgxRXmDDgUL,Arcanes Célestes,459000,39,False,,,,,,"hard techno, acid techno, techno, tekno, industrial, hardcore techno"
1r9xUipOqoNwggBpENDsvJ,Enemy (with JID) - from the series Arcane League of Legends,173381,74,False,,,,,,
5GIxi8CV2yHUsF7vQdJtrB,Would You Say Yes,210580,52,False,,,,,,
3NYXGn7Lwpc59AMeWlu6Bh,Reflects,242221,33,False,,,,,,
3if5OebGvCHYFUrgWbcNq2,I Need It More,158167,47,False,,,,,,
075c2lwxN8eSaqkH5Rt2MS,Sorrows Of The Moon,397611,37,False,,,,,,"techno, hard techno, acid techno, tekno"
6MVhQjz1SNN8IDTBlZwvwG,Roses for the Dead,247426,48,False,,,,,,"post-hardcore, screamo, emo"
5DAjrJqXqYtgr67pVhmUeR,Kerala,237546,55,False,,,,,,"trip hop, downtempo, nu jazz, electronic"
283thtwcaVfGTmziAEav9h,Young Love (ASOT 819),222278,1,False,,,,,,"trance, progressive trance, big room, future bass"
0ddC48e0XVsjoczyIYiGCr,No Hay Mañana - Club Mix,423601,31,False,,,,,,"techno, techno, acid techno, hard techno"
1D5ifTPFnQWDnSxSAfc1hc,Pictures Of You,175312,2,False,,,,,,"melodic techno, melodic house, techno, stutter house"
4VuITtAFJvDZg9tERdLJV3,Every Little Bit Counts,194059,0,False,,,,,,"alternative dance, new rave"
3vZO25GdYuqFrR1kzZADnp,Ready or Not,226933,72,True,,,,,,"east coast hip hop, neo soul"
3fFrEqJUxGgjRsRJ8QEj6h,Timeless,384375,0,False,,,,,,"techno, acid techno, minimal techno, hard techno"
7Jz1NLz3hMWWfcQ1M9M6PS,Hysteria (feat. Matthew Koma),266234,28,False,,,,,,"electro house, edm"
1DFD5Fotzgn6yYXkYsKiGs,Piece Of Your Heart,152913,69,False,,,,,,
0vEKnUAsPfA8ykKa7zvgiD,Buses Splash With Rain,125183,0,False,,,,,,bedroom pop
1uMyLjI0HD4dLD7q4BYGWc,Light Night [ABGT179],179513,1,False,,,,,,"melodic techno, house, progressive house, melodic house, tech house"
6zYdY4vb0VIFrXZScpgW4M,Insert (The Fall),84239,12,False,,,,,,"trip hop, lo-fi beats, jazz beats"
4txjksJDPwGWFx7wO6M1tH,"Camarades - Bande Originale De La Pièce De Théâtre ""Karim""",132930,13,False,,,,,,"trip hop, downtempo"
3x7Iu6J91apKdaS6pU4vQV,Hypnotized - Joyhauser Remix,401626,0,False,,,,,,"techno, acid techno, hard techno, tekno, techno, acid techno, hard techno, tekno"
0hrBpAOgrt8RXigk83LLNE,The Sign,191240,75,False,,,,,,"eurodance, europop"
0lnaif7iWeqadrei68x0qk,Pure Imagination,200662,0,False,,,,,,art pop
5WQ1hIc5d2EVbRQ8qsj8Uh,Hey Ya! - Radio Mix / Club Mix,235213,5,False,,,,,,"southern hip hop, hip hop"
17r4VyWLomx5kbyzS0Jk3c,Elevated - Joe Mason Remix,221600,34,False,,,,,,
5oxOwuDN1HjQ1Ae1q7HJfd,Beggin For Thread,249739,0,False,,,,,,
41DEuHZuHeJylDgXOJnBbw,Bleeding,390500,22,False,,,,,,"hard techno, techno, acid techno"
7CZBN6FOTHgov589VF4hnG,Pogo - Radio Edit,186293,0,False,,,,,,"electroclash, new rave, french house"
4y6c5vMzKKM3KsMbHtjKx5,Stronger,311866,7,True,,,,,,rap
0vduvDIA5KjiidpVFRJfpG,SeeSaw,268788,46,False,,,,,,
7ixuc4KOSHm0BsrwsRLM3i,Fingerprint,404391,0,False,,,,,,"melodic house, progressive house, deep house"
0VoqjK1Nf9MjeRM60b8GiO,Sendeturm,202314,0,False,,,,,,nu disco
0UBgJMgfxiIsuL9zfiEuKn,Beggars,227880,37,True,,,,,,"edm, dubstep, dubstep, edm trap"
2nucfLL2vrkkowwJPQpyvN,Surreal,494371,0,False,,,,,,"melodic techno, melodic house, techno, minimal techno"
2jKhAkKrtSPVNkmz5BT3Ft,Wave,332011,34,False,,,,,,electro
2cteZrGfB0rOqT55w3HOBf,The Experience,255797,6,False,,,,,,portuguese hip hop
0jtagVogty503eUAY7psju,Ultimo,324049,0,False,,,,,,"synthwave, nu disco"
1CL8xcR9I43Yp0VFc0zG7W,Chased - Radio Edit,186666,27,False,,,,,,"progressive house, edm"
1B2PCpxPK9XulvgKR6DtOQ,In The City,206557,0,False,,,,,,"future bass, melodic bass"
0qG1teoBvooRo7Z5Z8edCk,La ritournelle,454480,0,False,,,,,,"french house, french indie pop, downtempo"
46SFzDyIPZZkrjCZQUfO0E,The Only Thing,188720,0,False,,,,,,
7BuynvoA4xIt9LIwqhLwRu,Love Don't Let Me Go (Walking Away) (David Guetta vs. The Egg),191106,36,False,,,,,,edm
4t7oSvdQ9nKYag9UARDAFl,The Light - Original Club Mix,434066,0,False,,,,,,
1eDKn7YX9XZ8WRvsS0DLgs,Herefore (Roisto Remix),319266,0,False,,,,,,"indie soul, nu disco, french house, disco house, indie dance, funky house"
43thd0A4WmzgFd58EcdYLD,Circles,227520,0,False,,,,,,"electroclash, new rave, french house"
31OzgVD6CTMZwpblIN8BcQ,Feel The Fire - Original Mix,305947,33,False,,,,,,"melodic house, deep house, melodic techno, progressive house"
1vmU5mjHUKZ4FHi7sawBdA,Pablo - Jos & Eli Remix,357120,19,False,,,,,,"melodic techno, melodic house, minimal techno, techno, melodic techno, indie dance, melodic house, melodic techno, melodic house, progressive house"
41gMeXlediywcWKIb3Gz9q,Space Raiders - Charlotte de Witte Remix,438720,0,False,,,,,,"techno, house, tech house, techno, acid techno, hard techno, tekno"
2SjvcPuNiqGjlheD2SkkZd,Deja Vu - Original Mix,229000,10,False,,,,,,"nu disco, indie dance, french house"
1zbTIdIbLYlXjtOqlHALh4,The Girl Is Mine,216613,55,False,,,,,,
3i6qNxyVgIdUZTTi5m25EM,Bitch,252760,71,False,,,,,,
4OABIh4ezwlnzHdkoZZSpv,Quitter la ville,344800,7,False,,,,,,"electro, french pop"
5AEtlRudpgdT5FtNiuly6Y,"Let Me Go (with Alesso, Florida Georgia Line & watt)",174800,1,False,,,,,,"edm, country, pop country, acoustic country"
39djaqNDbjHAqWjPsVs4gd,Power - Original Mix,366043,17,False,,,,,,"hard techno, techno, acid techno, tekno"
7zHgQhbNY9Uq8Jz5Sfb7TG,Aphelion,192654,0,False,,,,,,"techno, minimal techno, acid techno, hard techno"
6eOxT0T7rvhr6YxzMTM8xy,Astro Zombies,131982,0,True,,,,,,"emo, pop punk"
6vV9NyQIsWMQ08KOWMSp3a,Rumour Mill (feat. Anne-Marie & Will Heard),243783,46,False,,,,,,
6sfx6pKo3EKG4B4Wykl19s,Moon Juice,247741,0,False,,,,,,"glitch, downtempo"
0VuJkzId5KlafuZTN38P4B,Duck Eat Duck World,130694,0,False,,,,,,"riot grrrl, queercore"
4LRPiXqCikLlN15c3yImP7,As It Was,167303,14,False,,,,,,
0as6oJCPjDtnhvTgH7yTYU,"The Wahiba Tapes - From ""The Encounter""",324000,0,False,,,,,,
2tnVG71enUj33Ic2nFN6kZ,Ride It,157605,76,False,,,,,,
0MfIwyDAewEpTRCClaqkOS,Drama Queen,176898,8,False,,,,,,bass house
6u0x5ad9ewHvs3z6u9Oe3c,Under Cover of Darkness,235546,66,False,,,,,,"garage rock, indie rock, alternative rock"
1B9RFhqUNSNIsy09ldrK00,Mr E,382200,8,False,,,,,,
23lWpNzJLiS2e4ZItM7boP,Fall In Love - Slipenberg Remix,328000,0,False,,,,,,nu disco
2Xo9aFhTys64zcIdh7F6Tp,Everyday - Qrion Remix,402486,0,False,,,,,,"melodic bass, future bass, dubstep, edm, chillstep, progressive house, future bass, melodic bass, edm, melodic house, deep house, progressive house"
128gUBHVz97zFGezrdwItG,No Relation,353411,19,False,,,,,,"acid techno, techno, hard techno"
5yurX5Ob5JYWkoEWDUKOZ5,Merlino,409880,31,False,,,,,,"melodic techno, melodic house, techno"
4O2ns0EKGQTMEIvMP4we6G,Not Alone - Tom Swoon Remix,346880,0,False,,,,,,progressive house
6nWw8hGXRLAc11DTdlSyQr,HEX - Original Mix,314758,0,False,,,,,,"edm, bass house, g-house, tech house"
6n5eiKfIcy8oNMrdBVctCf,Ceremony,631776,20,False,,,,,,frenchcore
1RWyNOxagT7JNfDwnquqKh,The Right Time (feat. Mike James) - Radio Edit,213794,0,False,,,,,,slap house
3x5IChGt3g6CTOSPGBTipX,Man Without Shadow,295400,0,False,,,,,,"french house, nu disco"
1vcxF91pWs9uNwDROuiCPB,Savior,242280,77,False,,,,,,"punk, hardcore punk"
7BZSd9ORoRKRC7YptZtsOp,L.A. Love Song (feat. Win and Woo) - Win and Woo Remix,188571,23,False,,,,,,
5UNA196W7tYhPhs5sDgNav,Floating,226341,29,False,,,,,,
5sHSOdyd964XLnvaHeQWZF,Urartu,407986,20,False,,,,,,techno
2y8USOrYuvaz4BqN9guAt4,Cut,118772,44,False,,,,,,"stutter house, future bass"
0RC23Ua9z3HUD9ssrX2VGj,Lake Zurich,253626,49,False,,,,,,
1JcK6hdFLKddUVlm0JQeWj,Close To Me,203266,55,False,,,,,,"new wave, post-punk, gothic rock, darkwave"
4fPBB44eDH71YohayI4eKV,You Only Live Once,189226,71,False,,,,,,"garage rock, indie rock, alternative rock"
24guolMUr6kSXVDaCfhHDW,Raum und Zeit,235135,44,False,,,,,,"techno, hard techno, neue deutsche welle"
64HfvrHpMhaPArBsmo5QTf,Feel Your Ghost,205259,44,False,,,,,,"edm, trance, big room, house, melodic techno, melodic house, techno"
5X3pRJnPw56cEVedjBj81m,The Way You Say - LP Giobbi Remix,175680,37,False,,,,,,house
1jJci4qxiYcOHhQR247rEU,Kids,302840,82,False,,,,,,indie
1XGkv56yztms2CbhTcfK0G,Superheroes,165400,0,False,,,,,,witch house
6qyS9qBy0mEk3qYaH8mPss,Murder In My Mind,145000,75,True,,,,,,"phonk, drift phonk"
4qrBAShPdBpxCe0Yl2DXYT,Europaträume,216761,54,True,,,,,,"techno, hard techno, tekno, gabber, acid techno"
47OuyoZZO7YkVkBoNm3Jjs,NO FEEL - WITHOUT YOU VERSION,284106,27,False,,,,,,"techno, hard techno, neue deutsche welle"
73MO7cp01ZVfxuv7Pvr1U1,Hilflos vor dir,184781,35,False,,,,,,"neue deutsche welle, german indie, post-punk, darkwave, german indie pop"
42GfEoU1pBpvmPJRbyL81U,Someone To Hold,243200,45,False,,,,,,"techno, acid techno, hard techno, tekno, minimal techno"
31AOj9sFz2gM0O3hMARRBx,Losing My Religion,268426,85,False,,,,,,"jangle pop, alternative rock, rock"
0uLhNT7UIH3nZCCDZd3OBl,Anna Molly,225880,61,False,,,,,,"nu metal, funk rock, alternative metal, alternative rock"
0qMZXgcLfkl5RI3q50KHMH,Dumbest Girl Alive,137440,58,True,,,,,,"hyperpop, glitch"
5uz8vGA4iP8DSl5981eAh9,Japanese Heights,520000,0,False,,,,,,"psytrance, trance, progressive trance"
32v7oXsd2S8XcZoPGO488S,Under the Sun,375173,17,False,,,,,,"melodic techno, melodic house, techno"
4vCDiS7yK3WHOsGeLYvclV,The Light,272973,14,False,,,,,,"new rave, alternative dance"
0g4A9LoGKShZIE3y0OGbF4,Shadows in the Dark,188379,7,False,,,,,,tech house
2iJuuzV8P9Yz0VSurttIV5,Scream & Shout,283400,79,True,,,,,,pop
32ozKTIK682zp1OKsa9PT2,Adagio For Strings,443426,0,False,,,,,,"edm, trance, big room, house"
0bU7RBZ1tkm8XXZzDrdsMC,Need You Now - Adriatique Remix,380863,43,False,,,,,,"indie folk, melodic techno, melodic house, afro house, techno"
5O8YitHEy3y7p8M49xsZQ4,Cocaine,264146,36,False,,,,,,
5YhvT0GvxJxW5AO2l4BED7,We Are Mirage,379500,0,False,,,,,,
2sifRHahNmhTR7a3BjKc9u,Timebomb Zone,204914,0,False,,,,,,"big beat, breakbeat, hardcore techno"
38K597US0eBFtdboBfeR4z,Universal Nation - Gai Barone Remix,536149,11,False,,,,,,"trance, techno, progressive house, progressive trance, trance, organic house, melodic house"
7iBPO5ETCqLG6iJux8Aiz5,Real People (feat. Frankie Rose),280173,0,False,,,,,,"chillwave, dream pop"
0k9un4VZY52tvtxNhg6XLo,Englishman In New York,266960,0,False,,,,,,soft rock
4qqArAiTPueDxIp7cf87h7,Final Song,235826,63,False,,,,,,
1yWuThcACYYqe79I2UDtNy,Absinth,376666,0,False,,,,,,"hard techno, techno, acid techno"
1voNki3zm1VcvtLeAJtkGK,R U FCKNG SERIOUS - Ann Clue Remix,420480,30,False,,,,,,"minimal techno, techno, melodic techno, tech house, minimal techno, techno, minimal techno, techno, melodic techno"
5UatawMsGULDVG2h8wE1KS,Lights Out,288348,47,False,,,,,,"stutter house, house"
4MFCXniy7I8tj0GXtf3wgC,Adventure of a Lifetime,263786,53,False,,,,,,
0oyHOP6TLfUwFYrYhajtmY,Fabled World,194306,0,False,,,,,,"punk, skate punk, ska punk, hardcore punk"
200DiJQhDi69nkGXOrrJgn,The Rapture Pt.III,417812,70,False,,,,,,"afro house, afro tech, melodic house, house, afro house, afro tech, house, afro house, melodic house, house, afro tech"
1YgsNnNKumUzrN7miPzQME,Can't Get Better Than This - Radio Edit,213750,46,False,,,,,,
5zJoKPj2KqgO7pyJPqhoYa,Barricade - Radio Edit,296250,47,False,,,,,,edm
0SbcVQyMO5M68AzhX8gYaS,SIDEWAYS (with Travis Barker),124191,50,True,,,,,,rap rock
6363CQra0hRv8ViLG2S0LK,One Night Lover - Nora En Pure Radio Mix,179487,0,False,,,,,,"deep house, melodic house, progressive house, house"
7IftKIYmYtjMjhr4dZfFok,The First Rebirth - Charlotte de Witte Rework,508546,22,False,,,,,,"gabber, tekno, happy hardcore, techno, acid techno, gabber, happy hardcore, techno, gabber, happy hardcore, techno, techno, acid techno, hard techno, tekno"
3rZjBoRVc8wrtfTSJykBtI,Uncount - Mixed,300432,16,False,,,,,,
6dPv87Rh1VEavjyWCr84Bu,The Void,203589,0,False,,,,,,"tech house, house, tech house, house"
6kQzmbSkHGexuwD9D3zNom,"Dusk Till Dawn (feat. Sia) - John ""J-C"" Carr Mix",202412,33,False,,,,,,
2u8GDlTkOd3bLSXJM8ZmXg,SHE,218653,44,False,,,,,,
7v9eIYWANcRXHwAZQuf0Ux,Illusion,428138,4,False,,,,,,"indie dance, melodic techno, melodic house"
22gmOw5ommd2SiNosK3ZI3,The End of Nothing,199053,23,False,,,,,,"post-hardcore, screamo, emo"
7lRlq939cDG4SzWOF4VAnd,I'm Not Okay (I Promise),186480,78,True,,,,,,"emo, pop punk"
62AdLIvL8qZYX0FhxVJLND,Snakes (from the series Arcane League of Legends),161376,64,False,,,,,,"j-rock, visual kei"
3CmrCp138uFktedGFL3nsy,Silent Lost,255609,0,False,,,,,,"melodic techno, melodic house, progressive house"
0FrCX7P2C2hcRTcuhjEvK4,Smalltown Boy,303306,2,False,,,,,,"synthpop, hi-nrg"
5fjXppfI9QbcMF7lUNBEwP,Hey Sunshine (feat. Alexander) - Antonio Giacca Remix,403401,0,False,,,,,,"funky house, disco house, trance"
4tXr9v3K7nWW1aebWqR1B7,Anybody Seen My Baby? - Remastered 2009,271160,61,False,,,,,,"classic rock, rock"
2zaAL1DB5RfYLJk4k0dWWa,Sciamachy,436213,0,False,,,,,,"melodic techno, melodic house, techno"
1EFynsEfWFcOWCnROwQT3d,A Town Called Paradise,249747,0,False,,,,,,"edm, trance, big room, house"
0mi9zOPOn3VAbHetNJ1MGB,Wolves - RAC Remix,305277,0,False,,,,,,"electroclash, new rave, french house"
74gVdAHBD9d9ZzON9vHESI,We Came To Party,392727,29,False,,,,,,"g-house, nu disco"
1CNl92JZb3bG4NmPh24zaO,Bring It On,393442,1,False,,,,,,deep house
27ycaQnQAxaPiyeg3nr2aB,Midnight Sky,223279,3,False,,,,,,
6DJfXeb6jqYuvIPkKQ2QVt,Elliot,261211,0,False,,,,,,nu disco
4ZsUKzYzaR3nYfzvBEucno,Slow Burn,265761,0,False,,,,,,
4bJ7hDIjOucR0hGDEaVBOr,Best of Me - Radio Edit,229440,65,False,,,,,,"melodic techno, melodic house, techno, progressive house, melodic techno, melodic house"
2RiY2yq596cGLXBiHasCcp,Summer Of Love,372000,18,False,,,,,,tech house
3TQj0vUT4FDIkIDqhTFPxd,Balearic Mornings,290247,0,False,,,,,,"techno, future house, house, acid techno, techno, acid techno, hard techno, tekno, minimal techno, future house, house"
5vGzgDKZkOx0yH7NZXExrf,Danielle (smile on my face),201230,0,True,,,,,,"stutter house, house"
6zAiRKvAMlXHxEtyO4yxIO,Phoenix,197633,60,False,,,,,,
3nOkXh3fjTxmSosqkkbtyO,The Purge - Original Mix,481593,0,False,,,,,,
59UplcfLA9kx5tlJFfVzau,You Know,199250,0,False,,,,,,uk garage
0wE5Tbuyc37b1ToM5BohuN,BIRTH,517210,0,False,,,,,,
6BNghybstUhBqWPaoDFrpg,Get it Now,556913,1,False,,,,,,"melodic techno, indie dance, melodic house, progressive house, melodic techno, indie dance, melodic house, progressive house"
28SD24zaaowYs7I3AJCRT1,Mese,440625,1,False,,,,,,"melodic techno, melodic house, acid techno, melodic techno, acid techno, melodic house"
6MLWGCJ4OnfChlVwHAwtnx,Sie ist Schön,463361,0,False,,,,,,
2Ixb8EhCUPd2pBSTv4Ws9a,Trim,203733,48,False,,,,,,"big beat, electronica"
7JYJiNGejPLvDB9Avsibxz,In Time (feat. Anabel Englund),370453,0,False,,,,,,chillstep
4EMEqHr2OoobVApJlz4sV2,ENERGY,377370,45,False,,,,,,"techno, minimal techno, melodic techno, acid techno"
0Yj76WbSCFNw248y3X6UP0,Two Wild Hearts,213428,0,False,,,,,,
0bUc7RAs4X5IRzh2VAzbDh,You & Me,330000,0,False,,,,,,progressive house
3yUcJwYu7fXAfqMj9krY6l,Thank You,218360,78,False,,,,,,
7ku9ctunOcfqWP6z04QTRY,Underwater - Tinlicker Remix,239894,28,False,,,,,,"trance, progressive trance, progressive trance, trance, melodic house, progressive house, melodic techno"
2L1t4pbfukHd4tPPm69BsD,B4 Montreal,280482,3,False,,,,,,"melodic house, deep house, progressive house"
6oQahJWgwGYnIxgGIakAn5,Lagoon,439835,0,False,,,,,,"melodic techno, melodic house, minimal techno, progressive house, techno, melodic techno, melodic house, progressive house"
0qZpqoCudAZALDllBsHjFb,Phoenix - Unique Repeat Remix,507317,0,False,,,,,,"melodic techno, minimal techno, melodic house, techno, melodic techno"
6ziqWx82jgkQYhyIALoraH,Transmission - Joris Voorn Remix,224274,57,False,,,,,,"melodic techno, melodic house, progressive house, melodic techno, melodic house, deep house"
5YzaostcCu9Sgp5T7bFuX3,JUVENILE,203693,62,False,,,,,,
6kkf975GwERykpvOTu7IXZ,Metro,239585,2,False,,,,,,"melodic techno, melodic house, techno, tech house, house"
2kWdH4eY3ICeW4XS3MyFAx,I Follow (ASOT 742),221673,1,False,,,,,,"trance, progressive trance, big room"
0Ea7rEwpqBOqtARzCUrETU,Chloe's Theme - Original Mix,530529,22,False,,,,,,"melodic techno, house, progressive house, melodic house, tech house"
0dHpd6Mk6Y0iFeOEgWZWgl,Falling - Tommy Trash Version,320000,0,False,,,,,,"electroclash, new rave, french house, edm"
7DLxRocVGAXVaq63ZuuIby,Reclaim Me (feat. Nimmo) - Maya Jane Coles Remix [Edit],203267,19,False,,,,,,"techno, deep house"
27tVIgnd3kk9Q4YVdhkRn4,Games,220217,24,False,,,,,,"deep house, latin house"
7D1Dq1oEmlKNJltvzTL0wN,Roadgame,224386,52,False,,,,,,"synthwave, french house"
7roC5cw9SgdB6AijXoKTbz,Prospect (feat. ÄTNA) - Carl Craig Late Island Mix,467263,0,False,,,,,,"melodic techno, minimal techno, techno, deep house, melodic house, idm, minimal techno, techno"
2SZbcjeq8PCFYrdTdNyZWY,Плохая девочка,216320,0,False,,,,,,
1HowUwxKilHhkVb7VlWAkw,Once in a while,218174,0,False,,,,,,"french house, indie soul, nu disco"
1S7HLlLIKZ9jxi70qERuEn,It's Only - DJ Koze Remix,463160,0,False,,,,,,
6yc1GhDYLaac1IahIgVdIP,Red Planet,570543,0,False,,,,,,"melodic techno, minimal techno, techno, melodic house"
4VrWlk8IQxevMvERoX08iC,Chandelier,216120,81,False,,,,,,
2Mz3PtSFlebt8exfgcZP68,Feel the Fire - Breath Vocal Mix,201008,0,False,,,,,,"stutter house, future bass, future bass"
5guXwK8ut6xYlAjyy8IFW0,Let Me Finish,151026,16,False,,,,,,
3Allgqu3MaHE8QFvzoP90S,Hold Me To The Light - Tale Of Us Remix,398095,0,False,,,,,,"melodic techno, techno, acid techno, melodic house, melodic techno, melodic house, techno, melodic techno, techno, melodic house, minimal techno"
2ihCaVdNZmnHZWt0fvAM7B,Little Talks,266600,81,False,,,,,,folk pop
3NMm9vrHV9sXBLXbJl6az9,Perfect Love Antidote Hey Champ Remix - Hey Champ Remix,259800,0,False,,,,,,"french house, new rave, electroclash"
23UTvPce3pKvhgDQeQXgLE,Under,204203,0,True,,,,,,uk r&b
4Pao52cLRh5J6M7gWEsC54,Life Eternal,138447,19,False,,,,,,soundtrack
76QgEnuboHn8nOU0eHYPG5,Odyssey,384117,2,False,,,,,,"indie dance, organic house, melodic techno, melodic house, progressive house"
0nQghefyNmY9gwEndKDiKp,From Another Space,444150,1,False,,,,,,melodic techno
2mDYYGaGd9uXKkK2YhDA3i,Brooklyn Bridge To Chorus,235946,63,False,,,,,,"garage rock, indie rock, alternative rock"
1UrvOgh8GajpKp39Qj2WUR,No Hay Mañana - Club Mix,423601,0,False,,,,,,"techno, acid techno, hard techno, techno"
3xW9EidN1zXYV7rPAYUNXd,Judgement Day,190650,44,False,,,,,,"techno, acid techno, hard techno, tekno, minimal techno, electronica, techno"
7DfgM7fmzxTm0cbAvrYXaY,Being Bad Feels Pretty Good,245866,26,False,,,,,,"new rave, alternative dance, electroclash"
42jTsCLNaBG2o9N01DPiI4,Anderswelt,358034,30,False,,,,,,"hard techno, techno, acid techno, minimal techno"
37hKRdwd8UTbxlL2c7p9KB,Therapy,341311,37,False,,,,,,"tech house, house, deep house"
3Qeg5g2QfAFx9sP0iRlj4e,Living In The City,238000,0,False,,,,,,"tech house, house"
6GBww9Aytegh0LbVQe7Gol,Pandora,347649,20,False,,,,,,"hard techno, techno, acid techno, tekno"
6ycYOYlyzwnxkiiElL493w,Rush (with Dimension),270344,0,False,,,,,,"drum and bass, liquid funk, drum and bass, liquid funk"
1vpa9xBddoYgqGy1mPo1Nn,Onisia,391079,0,False,,,,,,"melodic techno, melodic house, minimal techno, techno, progressive house"
7IeleEHkqQRUuzPW2M8jk5,Hold You,208293,42,False,,,,,,trance
3FmAUR4SPWa3P1KyDf21Fu,Roxanne - Remastered 2003,191500,1,False,,,,,,
2ylVfK4pVfeSV4zxieyT2B,Touch,214555,48,False,,,,,,
4kh3BO905A2aAY17lug2eV,Phantom,222222,43,False,,,,,,"techno, melodic techno, acid techno, tech house"
6HJAdLXiftPneds3V2GSXd,"Disco Boy, The Rising (From Disco Boy) - Radio Edit",180045,0,False,,,,,,"electroclash, french house, electro, electronica"
6V8EnVuEb1qZJO4uGkmI7M,Lalala (Want Somebody) - X-Coast Remix,235428,0,False,,,,,,"eurodance, trance, hard house, lo-fi house"
0qjMAtg8UCHy6JBFcflBZR,Funke,512977,0,False,,,,,,"techno, minimal techno"
4eUMbFJ6l8UogwBENovA4v,Chasing Time,203714,35,False,,,,,,"edm, progressive house"
519sMrZ9xosZhyUMW2KT3n,Let Me Wish,344262,7,False,,,,,,"melodic techno, melodic house, minimal techno, techno"
47ZjZFZIbIzQ9I2dccR4ge,Fading - Anjunadeep 13 Edit (Mixed),231293,18,False,,,,,,melodic house
73bDvrmSBh2fr53tLDH9oA,Nightcall,257320,57,False,,,,,,"synthwave, french house"
3T5qaXJeMAgyEpt2b4mFyK,Find You,204223,0,False,,,,,,"edm, swedish pop"
2DiLwFmjXhkKAjbqgZc1qQ,Day and Night,240065,0,False,,,,,,
5Wxg8ocgiYkLozRjJhJReM,We Want Your Soul,505653,37,True,,,,,,"big beat, breakbeat"
7ynMPqoIUMRdebXtCmQTKc,Sparkling System,358793,0,False,,,,,,"hard techno, techno, acid techno, tekno"
32FfVlpMpetvb4faIoeNbP,Final Fantasy - Original Remastered Mix,472587,37,False,,,,,,trance
49sqQIS868rKIy5NBUmJV6,The Heat,196052,0,False,,,,,,
6Uv0QLfMnAteF6KT0Fltbn,Rigid - Kobosil 44 Rush Mix,412920,1,False,,,,,,"techno, hard techno, acid techno, hard techno, techno, acid techno"
5A0SrIBNVIZ5o04VB59SWK,Never Back Down,182438,0,False,,,,,,
2PSjplBcb9xHYgZdTurg88,Queen Of Swords,401773,9,False,,,,,,minimal techno
2iLm3prPdwBJcE89sGrLe9,Freund der Sonne,402791,0,False,,,,,,"minimal techno, melodic techno"
0KBg3B3CKj8l8y1Sjj4iEh,Deezy Daisy - Oxford Remix,267073,0,False,,,,,,nu disco
0N0qmV5OnKWZbVkaMDYi2s,Polar Aura,356833,0,False,,,,,,"hard techno, techno, acid techno, tekno"
74wIqcZTaYbs8OO8SmPKsz,Freak You Right,166173,16,False,,,,,,"tech house, house, techno, tech house"
7oAM2GxHCTKTLU3gXvkuuj,Die Welt Brennt,310400,52,False,,,,,,"hard techno, techno, acid techno, tekno, hard techno, techno, neue deutsche welle, acid techno"
4Pw8qZytrMXdnUf6wpZZKQ,Kauf Mich,260000,26,False,,,,,,"techno, hard techno, neue deutsche welle"
6zKdsZELsyx6lJpL0mmhuI,Winter,221586,0,False,,,,,,
19FuTQQyVNiSiAXHznM8FN,Shape Shifter,449411,13,False,,,,,,"melodic techno, melodic house, minimal techno, progressive house, techno"
72YZhtR48JGTjmgpfISwYb,Golden Touch - Radio Edit,198550,0,False,,,,,,"britpop, indie"
2uriNfddYGLCbxeqC14Oxk,Feed The Rhythm,280000,0,False,,,,,,
09byaVBbIvJWJHdZEl4Sin,Benzo,150511,45,False,,,,,,art pop
34GCgxeiIduIjLtonQRarc,The House of House - Thomas Schumacher Remix,466511,0,False,,,,,,"techno, techno, acid techno, minimal techno, hard techno"
7KUKJ1HPN6zAlxdqXqWJnv,TROUBLE (feat. Absofacto) - Jacques Lu Cont Mix,365581,8,False,,,,,,"nu disco, alternative dance"
0wczyxiEp32k18U2eOfHMY,I Just Want You to Know,252386,0,False,,,,,,witch house
6avxJ3kn6rkPE21X4fyg7q,Don't Dream It's Over,236933,0,False,,,,,,
7cbsuVHDGO1QWG15TUOOtp,XYZ,575625,0,False,,,,,,"edm, progressive house, dubstep"
2KZgEZ9k2HKKrveX7pqXjz,Verevki,209546,38,False,,,,,,
2tbITVFp25m5DRf3lbsDLA,Easy Field,259546,45,False,,,,,,melodic techno
14Wre255GwZnzmvEIBiob5,Your Love Will Set You Free (c2's Set U Free RMX),402099,0,False,,,,,,idm
3TZcAC76lgfWXbSXVhtkDq,Sensations,547561,16,False,,,,,,"progressive house, melodic techno, melodic house, organic house"
6EuNFsvheKaPX9qQs0RcXD,Say It to Me - Single Version,509560,0,False,,,,,,"melodic house, indie dance, melodic techno"
0jrq4CJ3WT8mjcFKeDK4yL,The Greeks,220241,0,False,,,,,,new rave
2LR7ba5oU2T0Nk3J2qs33M,Hollywood,197466,0,False,,,,,,"alternative dance, indie dance, nu disco"
3dEFa9KjOLEZl980ctEEv1,Ship To Wreck,234526,63,False,,,,,,baroque pop
7w73iRqTbFFSGtMG8q8Ixj,Illusion - Raphael Mader Remix,442000,0,False,,,,,,"melodic techno, melodic house, progressive house, melodic techno, melodic house"
6ecFlTVa2wFRhjEDXR2b2t,The Hits - Oliver Koletzki Remix,408871,3,False,,,,,,"dub techno, organic house, minimal techno"
63btH6uwaenyT1IMwFyNqY,Who I Am (feat. Christian Burns) - Radio Edit,196874,19,False,,,,,,"electro house, slap house, big room, future house, trance, progressive trance"
3m04gMIUG6HgYHn65fy5Xt,I Felt Love,192001,45,False,,,,,,
4xVy3g7qRlZ0UPTDjDsMz5,The Moment (Novell),200791,0,False,,,,,,"big room, edm, electro house, progressive house"
1mvch0zBPck6LGms7ZZxlH,All of Us,395012,8,False,,,,,,"melodic techno, minimal techno, techno, melodic house, melodic techno, melodic house"
0jfpmgv0qQBynaWu2zxWPK,Shelter,374149,0,False,,,,,,"melodic house, organic house, afro house, deep house, melodic techno"
6P6rudfmKr7FyArdyEs0Mk,No Me Dejan Salir,263200,60,False,,,,,,"argentine rock, latin rock, rock en español"
2FWHju6lxBqrVWMmVlmZ67,La Ballade de Jim,412671,0,False,,,,,,"french indie pop, french house, french pop"
5E16nGHXS2jgDSnSz8UAgu,Paranoid,425600,37,False,,,,,,"hard techno, techno"
7t6KUlGnmw2DIdruzv8Hnd,This Is Love,279026,46,False,,,,,,
5ib4WcUut7MjAuX1OvnHvP,When You're Gone,255799,36,False,,,,,,"melodic techno, melodic house, minimal techno, techno, progressive house"
3o5P6TF0Gop8MiuuuTtttl,Hypnotised,340114,45,False,,,,,,"melodic house, progressive house, melodic techno, progressive house, melodic house, tech house, melodic techno, minimal techno"
7r9DWgmElZrjI0G8erYKRr,LONELY,265213,49,False,,,,,,
1YwaYOT1rJZj55P4Si5NEf,Schatten der Venus - Crystal Geometry Remix,399940,10,False,,,,,,"techno, hard techno, neue deutsche welle, ebm, acid techno, industrial, hard techno, techno"
76datygimt4z1KcZ3DcRLj,Hands Away,301199,26,False,,,,,,
6o5QfvroayLZJaOLvfKiXN,Born To Rock - Radio Edit,221421,0,False,,,,,,"melbourne bounce, smooth jazz"
3h5TiWTqGxjSjFrbruPFH9,Praise Jah In The Moonlight,263040,73,False,,,,,,
1U8ZGtWBxcPeWcwDTCO64X,Paranoid Android,387213,0,False,,,,,,"art rock, alternative rock"
6o1EptGgPdUdsW3NIYo1QW,All Night Long,376524,20,False,,,,,,lo-fi house
5lsQQQsnzhAMoGmKUxxIiM,In Your Time,423400,0,False,,,,,,"indie dance, melodic techno, melodic house"
3aS5reOG1d7b49WCY2Hhg2,Crush,466070,37,False,,,,,,"trance, progressive trance"
6dsoPBbMuUodSUvhRW7Vr4,Alone (feat. FEMME),225234,59,False,,,,,,"melodic techno, progressive house, melodic house"
32jg6wKhcOzJ5Qkbqye7Df,Pina Colada,377699,3,False,,,,,,"melodic techno, minimal techno, techno, melodic house"
6x4801hy1YSbcl4K0dSaOx,I've Underestimated My Charm (Again),235226,0,False,,,,,,
1qBThSTpthKMrdf6px4qrQ,Force Majeure,303159,4,False,,,,,,"techno, acid techno, hard techno"
7kJlTKjNZVT26iwiDUVhRm,Blow Your Mind (Mwah),178583,62,True,,,,,,pop
06KyNuuMOX1ROXRhj787tj,We Don't Talk Anymore (feat. Selena Gomez),217706,79,False,,,,,,"soft pop, pop"
5E0Qv4iuhvxfi10PSyUUTZ,Easy :),202926,0,False,,,,,,"lo-fi house, jazz house"
3p5qY5ZIhUw0bZletBEEyA,The Gateway,175980,14,False,,,,,,"trance, progressive trance, trance, progressive trance"
1VBtqki9so2Ir3rSt0PLvK,The End Where We Start,248000,9,False,,,,,,darkwave
3gJ16QEGGhLFPNLvbXgB1u,Losing Control,170270,71,False,,,,,,"hard house, acid techno, techno, trance, hard house, eurodance, techno, trance"
6m8mbyoMIs5Tg8HNfStrjQ,Gone (The Pocahontas Song),218500,0,False,,,,,,folk pop
303ccTay2FiDTZ9fZ2AdBt,Music Sounds Better With You,403293,71,False,,,,,,"french house, french house, french house, french house"
11XXS0DhIQJp2wlgoFiBIM,Show Me The Sky,304000,44,False,,,,,,"hard house, hard techno, techno, acid techno, uk garage, hard house"
5D4gE215hZj1wQUOMCx1wK,Come With Me,191326,30,False,,,,,,"melodic techno, progressive house, melodic house"
4RADreHMvMkZwsPgPr9z5c,"Rhythm Is A Dancer - 7"" Edit",225882,7,False,,,,,,eurodance
0odCItRytDNrTIUh4CL9gK,Watch It Fall,146226,23,False,,,,,,"skate punk, punk"
4sAip7Nj53y9Hy0J94ZvNn,Vif,165653,11,False,,,,,,electro
21XpjBYEwH08XtLazsJ5wf,Disarm You (feat. Ilsey),221133,31,False,,,,,,edm
5YkdbdZ2MXUZGP4u4q4nK9,Heart on Hold - Hidden Empire Remix,346301,16,False,,,,,,"organic house, minimal techno, melodic techno, minimal techno, techno, melodic house"
0sMBxRSUlZvcqJtivG0I6H,Sense,289480,14,False,,,,,,"indie dance, progressive house"
3n3K4po1rQgz87P2eXy9B8,Secret Smile,276500,0,False,,,,,,
7ixHfExIwVwKu0JApyTvuR,Far Away,221320,48,False,,,,,,"melodic techno, melodic house"
03DUANiFp4s6wMRfrbEeNk,The White Queen,398644,0,False,,,,,,"melodic house, melodic techno"
7nZ0Hw1nKbNzf1SOCGL5Y3,If It Wasn't For You,233333,0,False,,,,,,edm
7IvHLBFvLKLvgp9ayEGxGl,Illuminate,277550,0,False,,,,,,"edm, big room"
7w8qT1UcnJIZafNiLu2C7h,Phonky Tribu - DJ HEARTSTRING Remix,250348,37,False,,,,,,"hard house, techno, phonk, hard techno, hard house, eurodance, trance, hypertechno"
6TZKJcdd2FaoUC2sci87jw,Commitment - Original Mix,385336,14,False,,,,,,nu disco
5RGrluH4r6ZO4UohRn3pTw,Die Reiterin,195310,0,False,,,,,,"techno, hard techno"
2Nsz5vf1G6jxQs9JdKkTaT,Sirens,217190,55,False,,,,,,"melodic techno, melodic house, techno"
60Tulr4o7ToJceRbaj5ART,Trouble Again,244921,18,False,,,,,,"stutter house, hard house"
0ifooM33X1iBxVYyOkSbXW,A Lonely Night,220173,63,False,,,,,,
2oJInAFXiQYLgz0jh9MrXf,Saturnz Barz (feat. Popcaan),181906,40,False,,,,,,"dancehall, soca, afrobeats, reggae, riddim, ragga"
7uW5Fb2Q19FxrchneVPSz9,Arabian Horse,367161,38,False,,,,,,"trip hop, electronica"
232MaL4l6IsYtRSN8wo5lG,I'll Give U A Feeling,243307,12,False,,,,,,lo-fi house
3aCswZ5PsRftwHpEyfk1xw,I See The Devil,378414,0,False,,,,,,"hard techno, acid techno, techno, hardcore techno, tekno"
0I3q5fE6wg7LIfHGngUTnV,Ms. Jackson,270506,82,True,,,,,,"southern hip hop, hip hop"
3Ft4L53Uyz636lzdVsTnsA,Paimon,319448,1,False,,,,,,"hard techno, techno, acid techno"
1VMBJXHXPziSGwcKVOEqHv,Gamble Game - Wallie Remix,375384,0,False,,,,,,deep house
2sbZWEiRVqJpSitzVK9Owi,Night Owl,268840,0,False,,,,,,"new rave, alternative dance"
37IrFeTPLJs1IKxoBDuN8b,Sansula (Max Cooper's Lost In Sound Mix),486035,0,False,,,,,,"minimal techno, melodic techno"
42l08uBs0d5Y6oaemVYVkq,Where to Start,402000,3,False,,,,,,"melodic techno, melodic house, progressive house, melodic techno, melodic house"
5LHTgByvupvwtTfxOqW4Xw,She Knows How to Love Me (feat. Jess Glynne & Stefflon Don),181733,35,False,,,,,,"edm, dancehall"
7eVZbb7YlUopOeuiyRcJ7Z,Heartbeat (feat. Collin McLoughlin),393750,0,False,,,,,,"edm, chillstep"
6cnfseLPZpaPq53XYw6NIv,Lady Science - NYC Sunrise,562301,35,False,,,,,,lo-fi house
1H1d4dr7Hk5Rrd8Tb5y5yr,One More Time / Aerodynamic,370533,55,False,,,,,,"french house, electronic, electro"
2mKKZmf3OBDUK26krTgZKZ,Make My Body Move - Radio Edit,178483,0,False,,,,,,tribal house
1RpE81aLGGyxR9b9G6i60C,Saturday Night,173242,15,False,,,,,,
2jrtBHMTkBg33oReWZj2GC,Cloud 9 - Fred Falke Remix,207000,0,False,,,,,,"acid jazz, funk, french house, nu disco, funky house, disco house, synthwave"
436TQLXU8nt284YbmjOohq,Flee (feat. Dahnu Graham),256062,6,False,,,,,,
2rDe5thZVx9vIyaZjTS5x6,Haine-Moi,251612,0,False,,,,,,
2d7zaNDgC4Vt1XlOug8wME,Hyuwee,227690,32,False,,,,,,"jazz house, lo-fi house"
3ZrWmt3DGH75hItHp6uWLz,Imagination,217960,51,False,,,,,,house
2Nq06gpBMrjYnBLpi0cNYy,Night After Night - CamelPhat Remix,418528,1,False,,,,,,"melodic techno, melodic house, techno, melodic techno, house, progressive house, melodic house, tech house, melodic techno, melodic house, techno"
4LXXrj9TPsknzUDtNvDnrS,Lost,202443,0,False,,,,,,
5Hh09KHzQ9NRjRd6HIes5R,Heaven,238270,54,False,,,,,,"hard techno, techno, acid techno, tekno, hardcore techno, hard techno, techno, acid techno"
0b0IqdxnFSloffKBak9oOm,Mosaik,472483,20,False,,,,,,"melodic techno, minimal techno, techno, melodic house"
1g1SuDg4vUq9u0J7V142Zx,9mm,237928,1,False,,,,,,"techno, hard techno, tekno, gabber, acid techno"
2HBgGjP4FsTxZK3uJ0ulEl,I'll Miss Her Stories,135366,6,False,,,,,,vaporwave
0VeogjoXU5XykEMyv3eFzb,Innocent Voices,341473,4,False,,,,,,"acid techno, techno, hard techno, techno, acid techno, hard techno, techno, acid techno, hard techno"
3OwPSJu609AMzotCEyoMiO,The Nights,176658,4,False,,,,,,edm
2ieWEolVlmDArvTcW4hjJ3,Fallen Leaf - Massano Remix,222412,45,False,,,,,,"brazilian bass, electronic, electro, melodic techno, melodic house, techno, melodic techno, melodic house, techno, melodic techno, melodic house, techno"
3ScJy88F8KqGDfWu8XJhHx,If I Lose Myself - Alesso vs OneRepublic,215186,73,False,,,,,,"soft pop, edm"
36kqh7AwDWWAycSewuBovZ,We Are Lost - Volt & State Remix,307500,0,False,,,,,,"progressive house, progressive house, future bass, melodic bass, edm"
6609cCUb8ayZkTUvkJ03Rm,Surrender The Throne,195480,35,False,,,,,,"edm, dubstep"
7C4q3iDYe1EwGAgXUKKtwU,Sexotheque,258946,51,False,,,,,,
4vlZW4p9TF0xDIMGo5LQlE,Venere - Fideles Remix - Edit,243936,20,False,,,,,,"melodic techno, melodic house, progressive house, melodic techno, melodic house, melodic techno, melodic house, techno"
0uKrhHBDUQ4w5fv4qwOubP,Breathe,282240,62,False,,,,,,"trip hop, downtempo"
4qer1rlbE5epgu8HxAw9wu,Don't Speak,205333,0,False,,,,,,"chinese hip hop, chinese indie"
6a2HtT0P2ZbD2oY1ZJFrxS,SLVR,306586,0,False,,,,,,"progressive house, progressive house, edm, big room"
6sTKg3qpFpADIhEMLHTGx9,Home,314500,45,False,,,,,,electro
7sKHpJDF1UZV55r02po1xm,Careless Nights - Original Mix,389000,7,False,,,,,,"indie dance, italo disco, melodic techno, italo dance, nu disco"
7kcyCnpHm1BZGB9Wc7MCZH,Golden Skans,165120,1,False,,,,,,"new rave, alternative dance, indie"
3rCtueI7qBN2kZBZnXuk5K,Linked,369461,49,False,,,,,,"trip hop, downtempo, nu jazz, electronic"
2rhGDOrcHcEWB12BdnFMEy,Barely Holding On - Extended Vocal Mix,473988,0,False,,,,,,electro house
3iC6nSFzaK8x1PBvITXo3s,Mind Games - Original,297048,0,False,,,,,,"nu disco, deep house"
18xIe4yCyqSr4WoLbM03t8,Legacy,198426,0,False,,,,,,"progressive house, big room, edm"
70HugOq2RkgM8k0lw8yezC,Andromeda (feat. DRAM) - Bonobo Remix,315571,30,False,,,,,,"trip hop, downtempo, nu jazz, electronic"
1ZQnV7ePl8yXoLjPfhWE5L,Piece of Me,188706,60,False,,,,,,house
0bRYpscOGRvSDZnkINjoHS,Was Beautiful,462692,0,False,,,,,,"techno, acid techno, hard techno"
7zkDEBSxkcBVsStS4qBFpK,Lisztomania,241546,2,False,,,,,,indie
6PgsPGnMuzw59euz31htCT,Wrong Club,257385,0,True,,,,,,alternative dance
47muNlVTjDtQfyUqDaiFlN,Go,240759,0,False,,,,,,art pop
0sAIljILdEo8Ku4tPLQ7dF,City Of Angels,209626,55,False,,,,,,"punk, riot grrrl, skate punk, ska punk"
1U9DTcVgCPu7GEZXMeQ4Uu,Bomb Drop,186069,0,False,,,,,,"ska punk, ska, punk, skate punk, pop punk"
0bW2kQaJSmOrSZqseoZVBD,Clap Your Hands - Solomun Remix,577508,33,False,,,,,,"melodic techno, minimal techno, techno, deep house, melodic house"
0cXGsyW3Ws1QvGbnVvtbsQ,All The Way - DXPE Remix,276500,12,False,,,,,,"hard techno, techno, acid techno, tekno, hard techno, tekno, techno, acid techno"
33NysMbc4naLtmQyODcZxo,Together,325968,0,False,,,,,,
0l4TR1ypNNjgPqWE45Lgtw,Au Revoir (feat. Sido),202400,25,False,,,,,,"german pop, german hip hop, german pop"
0i7CM5Gkf6rb96zs52A1Dr,Cover Me Up feat. Kat Vinter,202386,15,False,,,,,,indie dance
47vvEfogPCgjCJk72FWKFi,Danz,393105,5,False,,,,,,"tech house, melodic techno"
3T1r39jgsJwCNGp3aRDKle,Touch My Body,295600,45,False,,,,,,"hard house, techno, hard techno, hypertechno, eurodance, bounce, trance"
3iViCxm3KzCMetwCk60XuN,Alone ft. braev,286451,42,False,,,,,,"melodic techno, melodic house, techno, melodic techno, melodic house"
6RzgytIUqidxCjhMnpNy7i,Aeon,377157,13,False,,,,,,"melodic techno, organic house, melodic house, indie dance, progressive house, melodic techno, melodic house, melodic techno, melodic house"
4xybr92r9x00MfLwQSvRDa,These Walls,300973,0,True,,,,,,"hip hop, west coast hip hop, neo soul, alternative r&b"
1QyHxTbtAM1d57OIEz7Mjl,Nobody Seems To Care - Original Mix,483952,1,False,,,,,,"progressive house, deep house, melodic house"
2bLS9LiFnQugt2TgZwEaX1,Wallflower - Lane 8 Radio Edit,208072,37,False,,,,,,
5aZJSm6WBFvTFuNdRCGp3E,Forgive & Forget - Oliver Nelson Remix,275226,0,False,,,,,,"indie, indie rock, nu disco"
726MUob4MFWryuyBPm4tgY,Warum,225360,36,False,,,,,,"german pop, neue deutsche welle"
32h3MkEPmDfts4mCUA5IIF,Colours of Black - Original Mix,385850,2,False,,,,,,"melodic techno, minimal techno, techno, melodic house"
6L5uOqYLEtiwscJk4Te4Ah,My Luv 4 U - Original Mix,258151,0,False,,,,,,"nu disco, deep house"
3qjZJg6mW6RFUj8M324Bed,Unknown Structure,354499,4,False,,,,,,"idm, breakbeat, electro"
53L6A3I9vf7rgEZnMzx54E,Mountain at My Gates,244293,1,False,,,,,,indie
3l5nLPEbDAbVsGGtu4OQVU,27bd,148837,21,False,,,,,,acid house
3vxCg0GijLasJf2CK7nbSn,MY LOVE,482040,0,False,,,,,,
2oQQa2t9mRmoqBuf1LVzb3,Calma Calma,408068,37,False,,,,,,minimal techno
39kqH5IjfttNDr1l9ZsFHE,Red Rover,242812,11,False,,,,,,
4MyPLcBTpqfXZJKcUhMXOg,Set You Free,169523,34,False,,,,,,future house
37upVAPmp7BP20BpllpncP,Awakened,273864,18,False,,,,,,"techno, acid techno, hard techno, tekno"
7trcgmrI0yAiS6DFFs53yG,Lucky Star - Solomun Remix,327986,0,False,,,,,,"french house, disco house, funky house, melodic techno, minimal techno, techno, deep house, melodic house"
5noFr0H7xkDdpVa3jCdiDk,Nu World,351723,0,False,,,,,,"melodic techno, techno, minimal techno, tech house"
5C0LFQARavkPpn7JgA4sLk,Every Breath You Take - Remastered 2003,253250,4,False,,,,,,
42Pm0VVWpFCcFdjYbWfBpn,Hello E,370960,19,False,,,,,,french indie pop
1rf3C6fWUJU2puq8Smqph9,Dangerous (feat. Sam Martin),203641,43,False,,,,,,edm
1KDNPUw0FKMhr21qgMd6io,Universe - Radio Edit,179440,0,False,,,,,,"future house, edm"
6mcizmDjipjM0zQQzjMwN6,Other People,458135,0,False,,,,,,"melodic house, melodic techno, liquid funk"
4ze2R3Zh4JWAtiHfkLVCS8,Not This Time,254360,30,False,,,,,,dubstep
0Sl8C9oeS3b5Kv9bSvTPDr,Loud Places,283066,1,False,,,,,,
2F9fooMr1MefIkGyfkEG3k,Hook,288506,0,False,,,,,,jam band
1OCrb7dmygmJiDcjdFAPR8,Heights,174607,48,False,,,,,,stutter house
061DJMdRy2fnuwdL5zZpYG,Earth Matrix,311321,2,False,,,,,,"minimal techno, dub techno, deep house, progressive house"
3NgwkdI4LED11P61QdrpjT,Dachlatte - Kalte Liebe Remix,224086,40,False,,,,,,"neue deutsche welle, german indie, german indie pop, techno, hard techno, neue deutsche welle"
0WTEaC3kafpSkuPBnCjn7U,Far From Home,212307,12,False,,,,,,"trance, progressive trance, big room, progressive house, edm"
0jHezfBKttmYivLmNvUzzt,The Blaze,270476,37,False,,,,,,"melodic techno, melodic house, techno"
3cssADqtR70F9JhaMPJ3ol,Dark Matter,388620,13,False,,,,,,"melodic techno, minimal techno, techno, melodic house"
0bXlgsEgRQRENAt2wuqV4E,Pretty Thoughts,211801,0,False,,,,,,
5o0Vp3JEthxcQTTZOmUPQj,How You Feel,192195,25,False,,,,,,"melodic techno, melodic house"
4y3dmfHc7IJRaFWV1wGwrO,Looking For Purpose,387428,0,False,,,,,,"techno, hard techno, acid techno"
4gtXFNAT73fwZlLlrehHgF,Thunder & Lightning,255937,0,False,,,,,,"tech house, house, tech house"
4qGI2JeyPlRgnfGB7J0Zo6,Partouze,129346,0,False,,,,,,"progressive house, edm"
2W4yTO3qHdqyvbz2UxfIPh,Submission (feat. Danny Brown & Kelela),201573,50,False,,,,,,"experimental hip hop, alternative hip hop, alternative r&b"
704fLgKLdXgBxLDjYvmYBv,Time Machine - Amirali Remix,252554,15,False,,,,,,"melodic techno, melodic house, progressive house, indie dance"
1R6OaY7Dj1bPA3aoVtfHFt,Госпожа,156000,0,True,,,,,,
2SHILuOQFaXijRpGGlhIbx,People - Original Version,354523,38,False,,,,,,"minimal techno, deep house, minimal techno"
2qa6WSRTCrXOzmjBE77iGI,You - Original Mix,352885,0,False,,,,,,
2JiEMz8cMMjzwDeMEHmwdd,Synchronized,281705,8,False,,,,,,
5N43dzv4BWxr26DpnL6cO9,Monaco F.,269841,0,False,,,,,,"melodic techno, melodic house"
1oM6nifgrrdjUT0l8Kev2M,Vanyll,240000,37,False,,,,,,"french house, indie soul, nu disco"
60IGjCo9qOkbwDnZpI8ROE,Drain,369303,0,False,,,,,,"melodic techno, melodic house, techno, melodic techno, melodic house, techno"
3BNBqwlztbE966U5BDkAlr,Good For Me - M-22 & Sonic Matta Edit,177277,22,False,,,,,,
27VwsDL2mAveZzILCY9e8N,Human,367029,15,False,,,,,,"minimal techno, minimal techno, dub techno, deep house, progressive house"
7gaaHyGR0JAtEjs8YlvLvs,Slowly Burning (Dub) [Mix Cut],325813,0,False,,,,,,"melodic techno, progressive house, melodic house"
4KKzv6Ml2tV5ueRMNrEDK3,Samurai - Tiësto Radio Edit,217500,0,False,,,,,,"slap house, edm, edm, trance, big room, house"
2X6gdRlGOQgfaXU9ALUQFQ,The Chain,271000,1,False,,,,,,"classic rock, yacht rock, soft rock"
1pyXSvT0Sj5uWSJbwMdZC7,Elle,309106,20,False,,,,,,electro
6Np3PMHwuXTASxY6zUfnx9,This Is My Sound - CJ Stone Radio Edit,210106,33,False,,,,,,trance
6tBdTwcyyGq1HU3PXgZK82,All The Things She Said,214440,0,True,,,,,,
3UZK9yD18Mtzb6MgYBmuLW,Make Luv - Live,212400,60,False,,,,,,"disco house, funky house, french house, disco, funk, post-disco"
34xwIBGyUaQYQfo4QHjFyQ,Rise Early Morning (feat. Au Revoir Simone) - Radio Edit,200769,24,False,,,,,,
7nfCb5stHePZ6OoE7HDTe2,We Want More,173083,52,False,,,,,,"hard house, eurodance, techno, trance, hard house, eurodance, hypertechno, techno, trance, melbourne bounce"
1iF2TYT5ScZ2BStvrrxyrE,Sister Of Pearl,253439,0,False,,,,,,
5wxSvvLTBMxrXi2EB6FjSz,Sandcastles,311666,10,False,,,,,,"melodic house, indie dance, melodic techno, indie dance, lo-fi house, italo disco, italo dance, nu disco, disco house, indie dance"
6nGhGBz7uaE1RngnIFRKep,Meli (II),417431,41,False,,,,,,
5K6TfvT7sKAuEatUpHVvPQ,Odessa,315506,0,False,,,,,,idm
7j8IuM0nkPSCcunpMeTXBu,Feral - letherette Remix,239555,23,False,,,,,,lo-fi house
4bVhV8i3Uk7Trs69X6UYzF,Positive Vibes - N.O.B.A Remix,361714,26,False,,,,,,"acid techno, hard techno, techno, hard techno, acid techno, techno"
3xP8LPDOcwUK6LhPJesRDx,Coming Down,382924,20,False,,,,,,"melodic techno, melodic house"
1Nivqu7wynKsgguBmgC6Vw,Bad (feat. Vassy) - Radio Edit,170625,43,False,,,,,,"edm, hardstyle, big room, electronica, edm, electronica"
2DzL6LCF0GOxQIcbQitEOm,One Line,324652,30,False,,,,,,"lo-fi house, uk funky"
5pwrdaGMwQQvUAZHxuREw3,Light a rainbow - CJ Stone Radio Edit,214466,40,False,,,,,,"trance, trance, eurodance"
77NNZQSqzLNqh2A9JhLRkg,Don't Stop Believin',248906,75,False,,,,,,"aor, classic rock"
4DRBaZ760gyk7LWnaJFqsJ,I Want To Hold Your Hand - Remastered 2015,145746,0,False,,,,,,"classic rock, psychedelic rock"
3qkWAeydkXUI8cG0XDc5eC,Hurricane Jane,272760,0,False,,,,,,
4DbmuOSxftTmltXNebpvl7,Sonnentanz - Original Version,362813,0,False,,,,,,
1SJ2LRCUfmu1ewk2ikLaJB,Young Again,169250,16,False,,,,,,"shoegaze, dream pop"
4Gd5Cxw7V4JCM9Uj6VpiwL,Prayer - Edit,226341,51,False,,,,,,
17Fd6Yb7mSbinKG8LoWfFl,I Took A Pill In Ibiza - Seeb Remix,197933,2,True,,,,,,
3M2LLIKDLRpLRUwgFZnGLg,Like Eating Glass,261986,0,False,,,,,,indie rock
6yASqy19mcoL7cP4Y57U9s,As The Rush Comes,212000,57,False,,,,,,"trance, trance, progressive trance, trance, progressive trance"
6vWk151OrbHfKe4D6Z6tdV,Crawl Outta Love,242011,0,True,,,,,,"melodic bass, future bass, edm, melodic bass, future bass"
6kGh70jRxkFJVxBHspRPzB,Imagination - Original Mix,348470,24,False,,,,,,"techno, hard techno, acid techno"
3miXpNVXlgNA1UXlwDJeKS,Bad Boys Cry - Original Mix,345750,43,False,,,,,,"nu disco, disco house, funky house, deep house"
1BJONiP1pAYlQgQW7cfrUS,Pegasus Fantasy (Saint Seiya),221961,42,False,,,,,,anime
3zEN0ii6s4DHHBpnTp3RP7,We Are The People,267373,86,False,,,,,,
2z8f7v10JqUq4zXokDn2c3,Valencia,486112,0,False,,,,,,"melodic techno, melodic house"
1tPRFD05l5FktbHf3qCzGe,Trauma - Joachim Pastor Remix,435176,39,False,,,,,,"melodic techno, minimal techno, techno, electro, melodic techno, minimal techno"
7BHPGtpuuWWsvE7cCaMuEU,Naive,203506,77,False,,,,,,"indie, indie rock"
7wZnt8sHhTMO8PA4o5Ah3n,Tempest,325743,0,False,,,,,,
5UJz1LtMsCQRobdWIQ6e9U,Ambient Dance - Radio Mix,231820,23,False,,,,,,"lo-fi house, breakbeat, dub techno"
6Dq6G5Q8ofAzF7O5a1NBRx,Music Is The Answer,244200,0,False,,,,,,"techno, acid techno, hard techno, tekno, minimal techno, bassline, techno"
0AbMIOGmwrWF6Co8LEP1F4,Oceanside,161426,1,False,,,,,,"acid house, melodic techno"
3GT2CBmJWIEdCpHiB31WYK,Never Be Alone (feat. Aloe Blacc),178670,49,False,,,,,,edm
1i2FEnJcvXm5Se9gb6q3Hx,Arteon (Dealing With God),412564,0,False,,,,,,"melodic techno, melodic house, techno"
0PYX7X0wTBT5WvKzNCWtk2,Europaträume,216592,1,True,,,,,,"techno, hard techno, tekno, gabber, acid techno"
56ocGLqeGQshHCoKZJ6X2o,Broken Whisper,371334,11,False,,,,,,"hard techno, techno"
6dvYV32NHPUM2fSMbwK8O8,One Thousand Cigarettes - Radio-Edit,202298,32,False,,,,,,"hard techno, acid techno, techno, industrial"
0Hv2WZINE15lpLUzOyJMst,Definition of Mimosa,349268,0,False,,,,,,"melodic techno, minimal techno, techno, melodic house"
1jkfW6ZrEK5cBOE7OS9gv2,Good Violence,476287,0,False,,,,,,"techno, melodic techno, acid techno, tech house"
2TRnLyaZl1W9srfkoI07OD,So Long,220327,0,False,,,,,,"nu disco, french house, indie dance"
1wnNgc3OmbtRsXBoCdQErn,Intro (with Chrome Sparks),107836,20,False,,,,,,chillwave
4QRCZmIimN9p5HOcaWdTLv,House (feat. Nick Nikon) - Meta Remix,289343,0,False,,,,,,"alternative r&b, psytrance"
0MeGiBDDodJwa1iHnCgG3q,My Mama Dropped LSD in the 90's,176817,53,True,,,,,,"hard house, eurodance, techno, trance, hard house, eurodance, hypertechno, techno, trance, hard house"
4A4yi3loAgIpq0qHZLC9py,1998,224026,0,False,,,,,,
0OSlOsmyFnIgW1pGVSbaay,Bodies,283250,5,False,,,,,,
6YeG6WZaal7Ic5JiHEfLZU,Origens,274077,1,False,,,,,,"melodic techno, melodic house, progressive house"
1gqr2RG7sOp0dQQfntEc8i,Madness,210000,20,False,,,,,,"darkwave, cold wave, post-punk, gothic rock, deathrock, ebm"
2N82rmvgNW6ApPIeR3uJ0C,Gatekeeper,393334,12,False,,,,,,
7br84ZQ7X2IGahwaC2FlZs,Gonna Love Ya,215813,0,False,,,,,,edm
0tw92wfeS9hKtBSzuzt8ui,Into The Afterglow,213333,0,False,,,,,,"bubblegum pop, nu disco"
6Xg9Rc5HTxR3q17cBcWfvp,Damaged - Radio Edit,166253,29,False,,,,,,
3X03OXFOGD94QW0SidvOh5,Circles,228293,0,False,,,,,,"electroclash, new rave, french house"
10SM2vnlTmh4hrEkdzjaZj,Everyday My Life,195826,0,False,,,,,,tropical house
52PxZoVj4kjv3bKj3atzns,Idee,425533,0,False,,,,,,minimal techno
6VFaZ3zgXaRbc79GRqhbBz,Wink,240133,41,True,,,,,,
3u4rIcRR7gSoJdkJIx9zpu,Young,324122,0,False,,,,,,
2Hk2h7XQBVK6udY0KwygrC,Evolve or Die,488075,3,False,,,,,,"tech house, house, deep house"
23oABUbNVXYKjErFgWiIeT,In The Dark,404618,38,False,,,,,,"techno, acid techno"
3CWuU5kIw8zsWJTcgreUwl,Strangers,233725,55,False,,,,,,norwegian pop
2gpytjWqJVE3LICibhEUaK,Treasured Soul - Radio Edit,177600,52,False,,,,,,
3vefdW0Zsk57Qn0qxXeVCI,This Feeling,163829,60,True,,,,,,"phonk, drift phonk"
5ix8OYFmbkHzDcYfX8tT95,Destiny of the Moment,336000,33,False,,,,,,"hard house, eurodance, trance, hypertechno"
4kZf3cv0lRrW5NQwGMZRv7,Get Lost,248346,0,False,,,,,,"french house, nu disco"
4zeyuth639xf2hmBSWUp92,The Last Song,294910,0,False,,,,,,indie soul
69Sy7207dnixZ6w7RSV9Kb,RISE,192881,64,False,,,,,,"metalcore, post-hardcore, glitch, dubstep"
21Zibi7FVyIVgdcRX3QXvy,Without You - Mistakes Are Ok Midnight Version,412056,0,False,,,,,,
0Xm3qMKuGML22vsOVycQYw,Shapeshifter,383448,33,False,,,,,,"melodic techno, melodic house, techno"
2jEIQK5ADoIH4OlCFzKoag,Swallow - Oliver Koletzki Remix,436418,0,False,,,,,,"melodic techno, melodic house, techno, organic house, minimal techno"
6D0rjuOrqpSXcB9wiEyjPz,I'm Going Out,223064,2,False,,,,,,"disco house, funky house, french house, nu disco, nu disco, funky house, disco house"
5wsskBPgW3pw876uCa9JX4,The Only Way Is Up,258440,0,False,,,,,,"edm, electronica, progressive house, edm, trance, big room, house"
202PWQOGivFvz1sIHWZsLg,Hypercolour,209081,35,False,,,,,,"melodic techno, house, progressive house, melodic house, tech house, melodic techno, melodic house, indie"
4HS3K0TViMj5rGwxPWagna,Stranger Things,212484,39,False,,,,,,"progressive house, progressive trance, melodic techno, trance, melodic house, melodic techno, melodic house, progressive house, techno"
1v3uqT4bpRaHLfxtHJgQwL,Home Again,358911,0,False,,,,,,"melodic techno, melodic house"
6LXRvh3S8TB5P1PKy4lY1S,Alors On Danse - Radio Edit,206066,2,False,,,,,,french pop
0yM2YvOGR3cBIoWBeFdtmS,Enjoy Your Life,240053,47,False,,,,,,
1x6QsTByS55Xm4cM0oAYHO,Total Recall,406474,3,False,,,,,,melodic house
21kPwrdkfoolgxjiRQeGiH,Forbidden Voices,200166,56,False,,,,,,"hard house, techno, hard techno, hypertechno, eurodance, bounce, trance, hard house, techno, phonk, hard techno"
2zE5AWQjzoNnzK5y747RoY,Etna,279024,0,False,,,,,,"melodic techno, melodic house, progressive house"
7DkabQv05RGD0Pj9zFhKKG,No War - Rampa Remix,439226,34,False,,,,,,"minimal techno, melodic techno, melodic house, afro house, afro tech, melodic house, house"
25lXufqDMYpHCtPbwPX04U,Our Darkness - Original Mix,408188,6,False,,,,,,"techno, melodic techno"
3gNGi2iUGHXGpBQHce6Nua,When You Were Young,220426,2,False,,,,,,alternative rock
0BckJ6ungkyoq6NS5RdEed,Eclipse - Edu Imbernon Remix,517684,0,False,,,,,,"melodic techno, melodic house, afro house, melodic house, melodic techno, melodic techno, melodic house, tech house"
7BKLCZ1jbUBVqRi2FVlTVw,Closer,244960,86,False,,,,,,
0FE9t6xYkqWXU2ahLh6D8X,Shape of You,233712,5,False,,,,,,soft pop
6CiNtbuv8qYs4pqmmRDXOc,Pour Faith,269516,0,False,,,,,,afro house
4LwbGXpHNvKkwiyLFBsBBQ,Miracle (with Ellie Goulding) - Hardwell Remix,184782,48,False,,,,,,"edm, big room, edm, progressive house, electronica"
2hQCzcb3qyZirWzOD5Yzoj,D.A.N.C.E.,209986,0,False,,,,,,"french house, new rave"
6fxq63aKjMmi1WMI9iKX5w,Spiritual but Not Religious,246706,55,False,,,,,,"organic house, minimal techno"
02RDt0n6EXpYemu5mhMxjh,Days Are Forgotten,302613,48,True,,,,,,"britpop, indie, indie rock"
5sGfaneq9RoY6Y31hWtpd3,2Good4Me,241200,0,False,,,,,,"french house, nu disco"
24yUM08mhAzWSLvCQultZY,Reflected Wisdom - Five Phases Project (4/5),299293,0,False,,,,,,"melodic techno, melodic house, techno, progressive house"
5RfdGtUzvsPcIVDgH11rhZ,Get Into It (feat. Loreen) - 1994 Edition,320774,25,False,,,,,,"french house, europop"
1su02ymrAzYbDoNrdIyJiV,Exegol System - Original Mix,352000,2,False,,,,,,"hard techno, acid techno, techno, industrial"
6PaNFqmGM7Uah8ehK1A7Jx,Oxygenium,522500,22,False,,,,,,"hard techno, techno, acid techno"
6NhicNBALq2gt52Ejuk9iZ,Tears I Can Afford - Bicep Remix,469717,20,False,,,,,,
3ARti7OUxxxhvruAhrw0Pd,No Way Out - Radio Edit,206814,0,False,,,,,,edm
4AWeyXknZ6jaIqME1EypRb,Melodic Flirt,309889,25,False,,,,,,"hard techno, techno, acid techno, tekno"
6JIC3hbC28JZKZ8AlAqX8h,Cold Heart - PNAU Remix,202735,79,False,,,,,,pop
74yuEXpdFx6UhOAOyTyPZN,Holding On - Qrion Remix,289715,21,False,,,,,,"melodic house, deep house, progressive house"
7iMnGFbikCGi9qmbxwlAHE,Kick Drums & Red Wine - Dezza Remix,278000,0,False,,,,,,"synthwave, synthpop, vaporwave, chillwave, progressive trance, progressive house, melodic house, trance"
3lIxtCaROdRDuTnNBDm3n2,She's My Collar (feat. Kali Uchis),209560,79,False,,,,,,
5qKSG35g2L5q7A3KIzFRnr,Circle Down (Keljet Remix),351238,31,False,,,,,,
0yKN9B3jYONUyvqrGkNUPX,One Night Of Love,211893,58,False,,,,,,"hard house, eurodance, techno, trance"
7pDI2bx4HABLftXYtjlFGS,Нас не догонят,276000,50,False,,,,,,
7pQAq14Z73YUFMtxCyt0bG,Can't Buy Me Love - Remastered 2015,131213,0,False,,,,,,"classic rock, psychedelic rock"
3LTMnFa0hhwisyq6ILahyj,Sultans Of Swing,348624,3,False,,,,,,classic rock
7pM9cLbrgRGX1hHElTX92m,Acid Rain,172473,60,False,,,,,,"witch house, idm"
68X6XZHO8dR1XGsK1kqU36,Winds - Original Mix,301489,0,False,,,,,,"big room, edm, electro house, progressive house, future bass, melodic bass, edm"
0yndiHV68jSDkxxpdbzxdX,Pantagruel,376715,31,False,,,,,,"techno, minimal techno, acid techno"
3jMdFStVOM5KyNBwUuMlRg,Hyperdrive,367040,5,False,,,,,,"melodic techno, minimal techno, techno, melodic house"
2OLMjGIhCNI6j34ysPscbp,Love Me Do - Remastered,141693,0,False,,,,,,"classic rock, psychedelic rock"
2y7ypId1lyWGGN3ZgtuNrT,Stay Until the Light - Oliver Koletzki's Extended Mix,408636,10,False,,,,,,"organic house, minimal techno, organic house, indie dance"
0mqObq0LCWmM0P0zLQd1eh,Moment In Time,237251,36,False,,,,,,"deep house, southern gothic"
0gb1J5UrTpzaU1s3nupgCd,No Money,189126,67,False,,,,,,
0fyY9TXp31uGsH8gdVyxWh,Silence,258500,34,False,,,,,,german indie
6GUWBKnTnSYTg1IRbpDorE,Chasing Unicorns (feat. Lenny),402720,19,False,,,,,,"melodic techno, melodic house, melodic techno"
1bX2WjxmuHpRffXHLlAtkQ,Pop Up,439038,0,False,,,,,,"indie dance, melodic techno, melodic house"
15OXfehVIow8grAQhHCVMD,Confusion - Original Mix,453266,33,False,,,,,,"progressive house, melodic techno, melodic house, minimal techno, techno, progressive house, minimal techno, melodic techno, melodic house"
4NvPv0tX9JU0Z8aY9e05T0,Gamma (Joyhauser Remix),422016,28,False,,,,,,"melodic techno, minimal techno, techno, electro, techno, acid techno, hard techno, tekno"
1hxKLsHN7O0H6eAr9ZUUmp,Wildfang - Mollono.Bass Remix,403969,0,False,,,,,,"minimal techno, melodic techno, deep house, techno, melodic house, organic house"
68G6yStcwiWWYSIJYcsmN7,Howl At The Moon - Radio Edit,183750,0,False,,,,,,"progressive house, future house, edm, progressive house"
12zVdigZKf0DIyOZPmlRxE,Love,221266,32,False,,,,,,"techno, hard house, trance"
0x9aRJNLcAtf0gb4Sy797b,Sunflower,395912,0,False,,,,,,lo-fi house
0dcMqjeDpwqB2xhzMsld0p,El Mañana,235360,68,False,,,,,,
162UA4HEnNgukkPrYbZmcG,Someone New - Original Mix,344537,0,False,,,,,,"tech house, house"
6NlS3wKo85J4foEFrf4DWM,Kidnap a Politician,242046,2,False,,,,,,flamenco
0w88OKe5vrHFTns0AOXJXs,Trip - Original Mix,372530,22,False,,,,,,"melodic techno, house, progressive house, melodic house, tech house"
3iyjOwyySLRDEW2tqP7MhX,Read My Mind,246840,1,False,,,,,,alternative rock
4ztZ2DZsuwUbaeQdvpY78Z,Resurface,453288,25,False,,,,,,
4YlPfwx8aqehj7eSAhtS23,Maybe Not,293900,51,False,,,,,,"melodic house, melodic techno, deep house"
5Ed6zPsf01JZxGhOtA46tk,Satellite Mind,222960,0,True,,,,,,
68oUQRwGJGExtkpaSvSbgb,Glory Box,305560,0,False,,,,,,"trip hop, downtempo"
4YUzYBNa0fS8kIAGHPsER4,U R the sun - Toni Rivera Mix,352286,8,False,,,,,,
1SHCK0LuIl8yD5hmFEGTzU,The Illness (The Teenagers Remix),234280,23,False,,,,,,new rave
5NP3s5P3GMTxx6Ju4SgJh1,Turning Around,199426,0,False,,,,,,"french house, nu disco"
0wiiDCxH7hjhUOQoltrTbU,Garden Of 3Den,463378,0,False,,,,,,"afro house, techengue, latin house, organic house, deep house, melodic house"
2NZJKUPIGfJqLAzONNr4gv,Kill Me Slow,208095,60,False,,,,,,edm
1NXlotmKyGHgoW0HSkn4bS,Moments - CamelPhat Extended Remix,520875,29,False,,,,,,"melodic house, melodic techno, house, progressive house, melodic house, tech house"
1Vzg6E51Zm2CuWaTTJwIiM,Fall Into Pieces,315053,38,False,,,,,,"hard techno, acid techno, techno, hardcore techno, tekno"
1mMYaXpT65iZDtvfRA9EkE,Fresh,266560,68,False,,,,,,"disco, funk"
1FMm3wG5WOhi7js35KR7Ea,"You're Gonna Go Far, Kid",177826,3,True,,,,,,"punk, skate punk"
3zVOsV4JgNptNKz9NHsMRe,Don't Leave Feat. Amira - Original Mix,369836,0,False,,,,,,
51y6qv55cw0poow1jdiv3u,Glide,225487,37,False,,,,,,
11tze8SQmwZ5RIlx5E1ajw,Hummingbird,207346,40,False,,,,,,"french indie pop, folk pop"
4RGWOD71QhTEdOHlnsdQH2,Faces,346606,0,False,,,,,,
3io0PEtfa1UTBUZn53lU1f,Fading to Black,209763,42,False,,,,,,"techno, tech house"
3nFz1gII8NlTWcwvgplMzX,Free Falling - Original Mix,371893,0,False,,,,,,"nu disco, deep house"
6F3rgQfSns1slUnMfHXjOA,Sweet Memories,157451,44,False,,,,,,"tech house, future house, edm"
6ZixfeFT8V0Nle1rMZAekY,Next to Me,202169,58,False,,,,,,
689WZ46LgjqQeI6axe2kkG,Crazy (feat. Joie Tan),274692,0,False,,,,,,
6p5XHlq18fKHj5ImzGRo1W,Tonight You Are Mine,230000,0,False,,,,,,
68bMOLQrmDspizsnuYe1kR,Can't Hold Us Down,378462,0,False,,,,,,"edm, edm"
3JA2iX5scSBCmgmkjDG7Vn,Creation - Jason Ross Remix,379964,8,False,,,,,,"melodic bass, future bass, edm, chillstep, dubstep, progressive trance, melodic bass, future bass, progressive trance, edm, progressive house, dubstep, trance"
18E1Tj2vkWBBZDxMzKBftN,Keep Our Love Alive,252997,5,False,,,,,,"edm, big room"
7ueL4RWW6wjudOSrpynXcE,Alive (Møme Vs Midnight To Monaco),289760,0,False,,,,,,
2czrgMyXvVwxBPVY4ucJBp,Illusion,434000,5,False,,,,,,"melodic techno, melodic house, progressive house"
5voU7QFyI9iXw3PZILBbyh,Lifted Up (1985),263293,30,False,,,,,,indie
5jqHfwXoBEowSn2xCiUdIp,Blister in the Sun - 2002 Remastered Version,144333,0,False,,,,,,folk punk
3Dfy8YIxq89i84t108TvMi,Love Bites - Remastered 2017,346960,67,False,,,,,,"glam metal, glam rock, classic rock"
6Lg06dneoRTWkNmkQlt7mP,Just Focus,312007,18,False,,,,,,"techno, hard techno, acid techno, tekno"
3lkuOE43SBcQhmK3wgpOfT,Désolé (feat. Fatoumata Diawara),236569,0,False,,,,,,
1YI6wLnlhRIYCBq5vg2tfx,Smoke & Mirrors,218506,0,False,,,,,,
0rcUjGdj3MxR1yaspIxxJX,She Wolf (Falling to Pieces) [feat. Sia] - Ambient Version,196153,40,False,,,,,,edm
1SQ77nzJdVFXnnGEkWpREG,Shotgun Mouthwash,224210,28,False,,,,,,"drum and bass, liquid funk, jungle"
5u7sqxq2luE6j9tOKFTxew,Violin Sonata No13,124864,45,False,,,,,,"hard techno, tekno, techno"
1YRjRHdl0aEtzHEn1uGi8k,What I Did for Love (feat. Emeli Sandé),207200,54,False,,,,,,edm
7n24EOW7ElKwtz5wXkzynQ,GOLDEN SZN,294529,55,False,,,,,,"hard techno, techno, tekno, acid techno, hardcore techno, hard techno, techno, tekno, acid techno"
6rGqiK4oKP9RtRdTjGepNH,The Future Is The Past,283867,0,False,,,,,,"melodic techno, melodic house, techno, progressive house"
66grIvFLGrI4tNhggO2DAd,Cerca De La Revolucion,280546,54,False,,,,,,"argentine rock, latin rock, rock en español"
5ZnzVZrSja6miEOxZIV8Q6,Virus (How About Now),198077,0,False,,,,,,"edm, electronica, progressive house, big room, future house, edm"
7r2MxNsdHGIF3u9JXdhtl5,Hey Kid,216264,0,False,,,,,,german indie
2NlkqmHOipjBVUap6I7KuG,"Give Me Some Love - Feat. Lulu Hughes, Klaas Extended Remix",427086,4,False,,,,,,"tribal house, latin house, funky house, disco house, techno, minimal techno, tech house"
2TrBUx5NKNRD3haOx9vgcO,Stay Curious,243870,19,False,,,,,,"melodic techno, melodic house, minimal techno, techno, melodic house, melodic techno, melodic techno, melodic house, progressive house"
130dsYbbXp9jQnETiJ7axI,Choose me,221400,44,False,,,,,,j-rock
0iUwIi7QYV7ecwiwx5pCgd,Touch My Body,165041,40,False,,,,,,"hard house, eurodance, techno, trance, hard house, hard house, eurodance, hypertechno, techno, trance"
1G391cbiT3v3Cywg8T7DM1,Scar Tissue,215906,85,False,,,,,,"funk rock, alternative rock, rock"
7mJJKFUJWm9qJkbFXoM3ZD,Right By You,203424,0,False,,,,,,
5tQKprSOVVvADqldAJVYzI,Runaway - Remastered 2006,225320,0,False,,,,,,"acid jazz, funk"
31yKvPNCmH6OP1SljIhbll,Be Together (feat. Wild Belle) - Cut Snake Remix,352060,0,False,,,,,,"moombahton, bass house"
5aZE1JRO2x1YvBQr5ssHK2,All The Little Things,416128,25,False,,,,,,"melodic techno, melodic house, minimal techno, techno"
6HTQHa2KzZJCi4JrNHkcsU,The Wave - George Acosta Remix,268800,0,False,,,,,,"trance, hard house, trance, progressive trance"
6Qn5zhYkTa37e91HC1D7lb,Whatever It Takes,201240,82,False,,,,,,
3zGB8rE7Guy8R1FJ1csX95,Caje [feat. Narra] - Orginal Version,439565,0,False,,,,,,"minimal techno, deep house, organic house"
37D5hJpxoD9BiEs0A6X5Jm,Laika,417252,7,False,,,,,,"organic house, deep house, downtempo, melodic techno, melodic house"
5CXmD74TQ2qtd1AEH8kWLM,All The Wonder - Original Mix,258198,9,False,,,,,,
7rrrjYORC2IAtjA7NCQLPb,Venere,404956,22,False,,,,,,"melodic techno, melodic house, progressive house, melodic techno, melodic house"
7r9beLH5ona6xH2JMxwUyk,The City Is at War,171493,41,False,,,,,,
3uYM4wkn9YGSF3Keiu7BjD,Life Support,135978,31,False,,,,,,"hardcore, melodic hardcore, hardcore punk, mathcore"
2JKBmzjlP3ss3BPZfRaTra,Perfect Strangers (feat. Luna Morgenstern) - Edit,232372,17,False,,,,,,melodic house
2BnqjCRKj00LtQBU8RNKnr,Genie (feat. Mayer Hawthorne),267692,0,False,,,,,,"french house, electroclash, nu disco, retro soul, pop soul"
23taGXZI9sFYIxdBrqeVaz,Different,213453,38,False,,,,,,j-rock
4jH2NgiLe1z17ev6z6i7Fz,Lemon Tree - Album Edit,191026,0,False,,,,,,
2T9Lfn37asJ5Y4z1xJ9jj3,The Apl Song,174906,0,False,,,,,,
6zLEnNn5ccx7WV304xwXnG,Lonely Soul,534893,0,False,,,,,,"trip hop, downtempo, britpop, madchester"
1g9Bz5zn7YW1MFm8PEAg2f,Use It Or Lose It,278880,33,False,,,,,,"electroclash, french house, electro, electronica, blues rock, modern blues, blues"
6C0xucNj75wRdlejwWIEW1,Club Foot,214373,62,False,,,,,,"britpop, indie, indie rock"
2cgQhJ5XDZRiofqGfaYWCd,Can't Leave You,535660,0,False,,,,,,"melodic techno, techno, minimal techno, tech house"
0a0IuC09EJVoYrg4SUpVBJ,Life Itself,280415,0,False,,,,,,
4A8tKYA7gwZzQ4jVwIv1sv,peace u need,344068,58,False,,,,,,"stutter house, house"
5r43Rwy2cBKF6HQYIS41Bw,Hide U - Tinlicker Remix,221048,62,False,,,,,,"melodic techno, melodic house, melodic house, progressive house, melodic techno"
4vsUpykz87uhbH2oK7auJm,Kreatur der Nacht (feat. Isolation Berlin),295500,0,False,,,,,,"melodic techno, minimal techno, techno, deep house, melodic house, german indie, german indie pop, neue deutsche welle, german pop"
3GQRcuf85AKApcjzrw8FJm,other,128666,6,False,,,,,,lo-fi
0hVRi7Mc7dNfrDWKsCaRRS,Faith,456348,0,False,,,,,,"melodic house, melodic techno"
0QC6QMN85EQZzfJ39HNO5h,Higher,181052,0,False,,,,,,drum and bass
1FkoVC85Ds3mFoK0fVqEqP,Self Esteem,257826,78,False,,,,,,"punk, skate punk"
4RfOBweHWhbKwFDqIsuxdY,I Need You - Adriatique Remix,291304,39,False,,,,,,"melodic techno, melodic house, afro house, techno"
5T7bhz61NBmwLXeGeioW0I,Power of Seduction,262400,16,False,,,,,,
1So4cujPIlqeKKUrHowp5z,It Will Last Forever,594218,24,False,,,,,,"techno, hard techno, acid techno, tekno"
6c4MRy7KC7zmdRzLYBUqWv,Wonders,187636,21,False,,,,,,"tropical house, deep house, folk pop"
1RtC36Z60MLqiE52gfdklT,Over,356576,0,False,,,,,,"trip hop, electronica"
2YaGH8FO0TSxry4nxeSxzf,The Beatles,264200,4,False,,,,,,"new rave, alternative dance, electroclash"
40xiBK3bcoeDqFsp7iMfz8,LEFTLOVERS - Original Mix,424091,11,False,,,,,,"hard techno, techno, acid techno, tekno"
0oPkb31xP0VwBkIuNMVN9D,Mondfinsternis,361032,0,False,,,,,,"melodic techno, melodic house, techno, progressive house, melodic techno, melodic house, techno"
3End8lLDJQ2nPfDeF8VlYA,No Limits,436965,0,False,,,,,,"psytrance, trance, progressive trance"
4Sq8VGSGRbkAHxpkMKId6B,Shining - Reinier Zonneveld Filth On Acid Remix,345338,0,False,,,,,,"techno, acid techno, techno, acid techno, hard techno, tekno, minimal techno"
058WYdKjtPVuahMU1ey9DS,Zephyr,220373,35,False,,,,,,"edm, french house, electropop"
5a2Mb0OPY17zkS8FnciQhg,Finally,215583,72,False,,,,,,"edm, r&b, neo soul"
7lgpovXGnWB9GvBPi0k2sr,Second Language,388000,17,False,,,,,,"progressive house, progressive trance, melodic techno"
4fPZEkijJu0yxqtP0MRnPS,Sticks & Stones - Sascha Kloeber Bootmix,296741,25,False,,,,,,
7t9PLlf9nI2Xo8WRrfcItk,Stay There,233562,61,False,,,,,,melodic house
5TXAySV8WBjAIMg3lPDCLN,Shout,392675,0,False,,,,,,"new wave, synthpop"
6slWUMiyoNNWcQGu6tkTlH,Leni (Crystal Castles vs GoodBooks),256398,68,False,,,,,,"witch house, electroclash, new rave, alternative dance"
4rkx80LC1A3RpTLkjJ8m6C,Tao,128788,25,False,,,,,,"lo-fi beats, lo-fi"
5RXXZrbsPprpVXpSPRRiWU,oxytocin,158816,29,False,,,,,,german indie
38hLVLAlCijnjvR4JHG9V2,Lately - Eli & Fur Open Air Remix,238032,12,False,,,,,,"melodic house, progressive house, deep house, organic house, melodic house, deep house, melodic techno, progressive house"
3C0c4HDEH7HBbzpPSz8R30,Never Ever,214906,9,False,,,,,,
1hzZV60ecplc7UWTeW37d0,Romantic Dream,396407,27,False,,,,,,"hard techno, techno, acid techno, tekno"
58Zg9qFagsMv9qZoDhxWyJ,Over Me,326772,3,False,,,,,,
2EPFNgckNrQMgpORGZBa1u,On The Edge Of Adhesion - Original,387754,27,False,,,,,,"acid techno, dub techno, techno, melodic techno, acid techno, hard techno, techno"
5Md5AxgmykfZtdxIJ4xj9S,Sofia,442315,0,False,,,,,,"techno, tech house, acid techno, minimal techno"
7FJP35tUJ2121EJsFpU1Gh,Beautiful Now,218292,0,False,,,,,,edm
1HPJOoIVdUPuaebxzMrVaD,Words - Original Version 1983,208000,74,False,,,,,,
0UAZTSudb0R6ywmJMPbcGV,Freaks,292520,4,False,,,,,,electro
1kC27viAcWat4KnWvrte6s,Medusa,366044,2,False,,,,,,"minimal techno, techno, acid techno"
0LnxTM7mgXz2iFNDC6ARtQ,Baltzar - Butch Remix,362177,0,False,,,,,,"lo-fi house, italo disco, tech house, acid techno"
2WpflzU7NEgkJd3dZPGw8Y,My Mind Is The Weapon (Topic 1),289832,13,False,,,,,,"jazz rap, experimental hip hop"
2sW8fmnISifQTRgnRrQTYW,Roads,303973,65,False,,,,,,"trip hop, downtempo"
0RTzJVkunbGwuRjXDFHnjf,Dreamer,251147,65,False,,,,,,"edm, edm"
2Aqc48sn8He26hmTvQ2BMj,Hey,211440,0,False,,,,,,alternative rock
2DSTdXVhlCfiWnKpWgZlHA,All over You,234924,0,False,,,,,,indie soul
6Nc1cTZVaa5xb2L1IH0vfc,Can't Deny My Love - Goshfather & Jinco Remix,238212,0,False,,,,,,edm trap
7vgiGtKJ0uHroj1iyZwXuH,JPEG,171866,38,False,,,,,,"electroclash, new rave, french house"
7aS1xbh98Nu8KafEBBpCSw,The Stars (Are Yours And Mine) - Original Mix,256000,0,False,,,,,,"nu disco, deep house"
3y0tDFDuqdiLeEvldDsgmp,Chastity (Somewhen Remix),231818,38,False,,,,,,"riot grrrl, hyperpop, queercore, electro house, witch house, hyperpop, hard techno, techno, acid techno"
6omOFaoyf1e5aL3iKvuT4s,Atlas,454187,0,False,,,,,,"melodic techno, melodic house, techno, progressive house"
5gvO1qKBH5aEqQIdDoNz87,Feels So Good,230526,17,False,,,,,,tropical house
2aJDlirz6v2a4HREki98cP,Glue,269149,71,False,,,,,,
2ZWEJmCklMmKdytwexl2Ew,Himmel & Hoelle,444631,27,False,,,,,,"acid techno, techno, ebm, acid house"
7v2ImXJZaEGUsjP3RzOzrA,Night Walks,255853,22,False,,,,,,"progressive house, edm"
5619Ojc6t9evEEs3B7Drhe,Shake It,179946,66,False,,,,,,
4Ws314Ylb27BVsvlZOy30C,Lovesick Girls,194765,72,False,,,,,,k-pop
10AFhDd4uJaDLR0LVPMkDT,Rising,438095,9,False,,,,,,"techno, acid techno"
3Dx4tf1PskkT1jYqnWjBKr,The Night Out - A-Trak vs. Martin Rework,232510,0,False,,,,,,french house
75k1fjO9JBjnuOtO9uSyj7,Left Behinds,333764,0,False,,,,,,"progressive house, edm, big room, progressive house"
18ObUnCss0nHokqSIMiW4L,Sunshine,213069,0,False,,,,,,"reggae, reggae rock"
4exKBPywrjt5lTMhBhpD1G,Trouble,173203,0,True,,,,,,"slap house, edm"
0m458oiHlNGa1fwwpBEmI0,Lost Yourself (feat. JT Mak),210848,0,False,,,,,,
6vvgZ1kNlBg10FHDo27fxk,Mehr Blau als Sonnenlicht,295756,21,False,,,,,,
5UNaDiEMfqsRRtkXO6rXkR,Say Goodbye,188812,0,False,,,,,,
2aibwv5hGXSgw7Yru8IYTO,Snow (Hey Oh),334666,81,False,,,,,,"funk rock, alternative rock, rock"
7HXqYIF5kMN1XY52GWQKrZ,Something Was Real,222528,54,False,,,,,,"melodic house, deep house, melodic techno, progressive house"
0GESAR8MnPxo4kM7GWuCuG,Forever Ravers,360812,30,False,,,,,,"techno, melodic techno, acid techno, minimal techno, electroclash"
0Py83qzAmV9j4XstdSmTey,Meet You - Thomas Lizzara Remix,406080,0,False,,,,,,
6nP3iynkH0n2eyrQsLDKym,Forward Forever,188146,25,False,,,,,,"melodic techno, melodic house, techno, progressive house, drum and bass, grime"
2sNvitW3TxiTeC9xT9f2ZZ,Firestone,273684,4,False,,,,,,tropical house
7IaPG30dBmOcw00zQHG8b2,Could Be - Original Mix,313074,0,False,,,,,,"tech house, house"
5kHiHWLcbsvTDtmHxBiaID,Are You With Me - Radio Edit,138842,0,False,,,,,,tropical house
1fQFqhuTWO6tQCZWcrdKQe,Passion,273500,3,False,,,,,,"nu disco, deep house"
3jevgr3fYdv9wYO3IDJq2a,Awaken,198187,56,False,,,,,,
0LtSc0QEFNsCttEVUhxi3q,Neuromance,521157,0,False,,,,,,"italo disco, lo-fi house"
0K12WETIcUJUsdpNieoIao,Drifting - Sonny Fodera Remix,372610,0,False,,,,,,"tech house, house, house"
7h6LCgI5TbIlq3jzZhLBGh,Ravetok,136549,1,True,,,,,,"techno, acid techno, hard techno"
2Wlze9LfBpbcLCEYqyxlkN,Memory,318506,7,False,,,,,,electro
6nTTwjBI4vAP80yvy4K7p0,Yeah,326400,11,False,,,,,,progressive house
301oJIHAvyWrm7G6iVQdgM,I Got It For You,214504,42,False,,,,,,"hard house, techno, phonk, hard techno"
4focopKjFp6kV0jK3B0vTE,Rapture,424462,15,False,,,,,,
7uXu6t3Qah8zMwXeF06MRV,U Betta,220061,19,False,,,,,,"footwork, idm, glitch, drumstep"
6mb81FibbHVFICW7MWlEpO,Tension,451200,0,False,,,,,,"techno, minimal techno, techno, minimal techno"
2FfPX5AQSYpSixTEM8qMjO,K2 - Original Mix,424214,0,False,,,,,,"tribal house, latin house, progressive house"
2Dzj0LuUIq3Xv8MjE5bVvn,Trees,201862,20,False,,,,,,
53t8wQxaKsIpG8iSYMN4CM,Paraffin (cosmonaut grechko Remix),331829,1,False,,,,,,"synthwave, nu disco, synthpop, french house"
5mEsoS2K6Q9fnZVxZK46fu,Superfresh - Franc Moody Remix,244000,0,False,,,,,,"acid jazz, funk, nu disco"
6PSArspq6JShGfIiE0kGWJ,Dark Clouds (feat. Heerhorst & Peter Pahn),271111,48,False,,,,,,"techno, acid techno, techno, acid techno, melodic techno, hard techno, techno, acid techno"
2Xl5sDz78iGZRwGEiAulzO,Love at Sunset,382026,8,False,,,,,,"acid house, dub techno, acid techno"
3xii1xI1rgJTLnEyABGJsZ,Give Me a Sign,213625,0,False,,,,,,melodic house
1V0KfPViGW84BcmpQ5sNaX,What You Wanna Do,251106,0,False,,,,,,"nu disco, french house, french indie pop"
3joCfQaNHoW7xrh7dImwiN,Bye Bye Macadam,265250,47,False,,,,,,electro
1NzBj0x3sMG6qhYbNhpqJL,The Sound,337978,29,False,,,,,,"hard techno, techno, acid techno, tekno"
2FAik0wCT2bEcXMeYhoTkj,I Got You,164983,59,False,,,,,,"hard house, eurodance, techno, trance, hard house, eurodance, hypertechno, techno, trance"
4z5TeX7iJyiBU0J0CbzToz,Hand In Hand - Rebūke Remix,165347,36,False,,,,,,"electroclash, melodic techno, techno, melodic house, melodic techno, techno, tech house"
6xF46agHPmGelVU424OKhz,Drips - Stimming Remix,512391,9,False,,,,,,"dark ambient, minimal techno"
7379uubtjZDDT6Phsj4nhj,Estallando Desde el Océano,214146,50,False,,,,,,"argentine rock, latin rock"
0Txbn46ZPEuHUrafScSWLr,Not Gonna Get Us,261200,0,False,,,,,,
0F3DdOECeVoVaELgPcYiSf,Tanya (maybe life),316129,46,False,,,,,,"stutter house, house"
03gvTVdvlQINg67PByMucq,Amadeus,450764,10,False,,,,,,"techno, acid techno, hard techno"
0FBhM3ccS18j6MpntQBX5r,Falling - Digitalism Original Version,275348,0,False,,,,,,"electroclash, new rave, french house, edm"
7cGfrVoC7G03XeXn7yflx5,Move Your Feet,181826,0,False,,,,,,
0E6lfhMTzMrnNiAYoABWIh,Play With Fire,276302,0,False,,,,,,"tech house, house"
0vfZwjKXAvVg6KPOtQTumk,Late Night - Solomun Remix,504346,1,False,,,,,,"indie, melodic techno, minimal techno, techno, deep house, melodic house"
0mvjn9zNIfKZ2GPQA9wAve,Soul,475161,0,False,,,,,,"melodic techno, melodic house"
736ZXpp3gYi2KtcKi3s5Af,Au Revoir (feat. Sido),202320,42,False,,,,,,"german pop, german hip hop, german pop"
6hJht6yU7rTITqmCMMiKOZ,I See You,373131,13,False,,,,,,"minimal techno, techno, melodic techno, techno, minimal techno"
0Wh4YlbUtNSrgHq6HnfD0c,Vigour - Julian Muller Remix,349393,33,False,,,,,,"techno, acid techno, hard techno, hard house, techno, acid techno, hard techno, hard house"
3eTLlDRs4areEg79zapizJ,Zeit,452459,0,False,,,,,,"melodic techno, melodic house"
1VgcmH6C4QFhtPVIsCTQLp,Dream (ASOT 812),258189,1,False,,,,,,"trance, progressive trance, big room"
3s5AvTRhp1fckig3Rts91k,Break Away,181328,0,False,,,,,,"tech house, house"
6vVnC2iGJWU2WbrEwdYt5Y,Taboo,426885,0,False,,,,,,"nu disco, deep house"
40LGKU0kbnbx4NXEMhTTXT,Sway,216880,55,False,,,,,,"indie, indie rock"
6QqWR8fmdwG6rfgxwFHcrI,It's All Good,211428,34,False,,,,,,"melodic techno, melodic house, techno"
6A2jd7FU8tGS4NFhoep57m,Love Is Real (feat. Holly Miranda),223533,15,True,,,,,,
2JZqPb0miqjFSyVPqMfSta,Save Me,161739,0,False,,,,,,"techno, hard techno"
3WuRfS3LDAjty1QDHjw96C,White Fields,201999,0,False,,,,,,"french house, french indie pop, nu disco"
31RBiHGg0U5pn5Lmrfdggw,Sunfire - Drumcomplex Remix,432000,0,False,,,,,,"minimal techno, techno, techno, minimal techno, acid techno"
3kfmKRaCfuyYk0aaL4jDlI,Fall Back 2U,350413,25,False,,,,,,"nu disco, alternative dance, indie dance"
2vdId18EePzFhwfp4ryqFq,Shape Of My Heart,279226,0,False,,,,,,soft rock
1clsf1YjKNHVUonDva4fnk,To Ashes and Blood (from the series Arcane League of Legends),245626,64,False,,,,,,
72fS4JvztocT9TmvYx0Wzd,Dawn,381093,0,False,,,,,,"techno, acid techno, minimal techno, hard techno"
0DkpVdfTxRFg9NqpfBotBK,High On You,180000,0,False,,,,,,"future house, house, progressive house, deep house"
3LCIqm7lgutze17SHrMJuz,Evanescent,292800,0,False,,,,,,"techno, acid techno, hard techno, tekno, minimal techno"
0xwRtdUUVTfOkseJIzC8T2,Who Said,187348,35,False,,,,,,
4eSPKciUMc2ZzzCqwBuWNA,Losing Game,331457,23,False,,,,,,"melodic techno, melodic house"
51zyLK2fERYvJQ0b94OHnl,Hyper Love (feat. Nat Dunn) [Radio Edit],204230,0,False,,,,,,"trance, progressive trance"
0Uk5SIuOr5PYk66ShxGRO0,I Don't Think About You,430620,28,False,,,,,,"melodic house, melodic techno, deep house"
7H5WVBQdSnJ1zmu8JoD6pg,Charlemagne,166791,63,False,,,,,,indie
1SuRiKKv55Q2JpWfitmAEd,Floating Messiah - Original Mix,598032,0,False,,,,,,"melodic house, hip hop, east coast hip hop"
59K0LFhUnKtp5GsH76teI1,Eiskalt - Short Mix,213000,0,False,,,,,,"hard techno, techno, acid techno, hard techno, techno"
6F6TsdD0ijquDSjcr9lgIt,Turn Me On (feat. Nicki Minaj),199680,56,False,,,,,,edm
6RsWqX8zABZLhZydXxEFOm,Can't Feel My Face,213520,2,False,,,,,,
5g6QMEXgFeqJpVbhs4Z7Az,A Little More,233232,0,False,,,,,,"edm, progressive house, edm, melodic house, melodic techno"
3T6NtWjH6klzhSsAGROlqY,Adrenaline,411267,38,False,,,,,,"acid techno, techno, hard techno, tekno, techno, acid techno, hard techno, tekno"
62ZroX9gLL60Tg6VcF2tIN,Trátame Suavemente - Remasterizado 2007,200800,57,False,,,,,,"rock en español, latin rock, argentine rock, latin alternative"
3QquT92Ti51799zeBywMOj,Left Behinds - Radio Edit,180014,0,False,,,,,,"progressive house, edm, big room, progressive house"
0DRp685EnPxbJsF3tsZlC4,Talk to Me You'll Understand,417099,0,False,,,,,,lo-fi house
7tSi005y4AZaL8SNpOMhqk,Blink,379903,9,False,,,,,,indie dance
6b1Wgk0BJHEVfGaIKMFCs8,Clean Slate,460738,28,False,,,,,,"melodic techno, minimal techno"
32kINY8k1HFFBiGOVKTim7,Leave House,312459,25,False,,,,,,idm
4EpY8tJSlVk9Dvx3U7gzsc,Rain,363632,0,False,,,,,,
5XHaIIkr21LdIAd6M6y2lZ,Scorpia,367226,27,False,,,,,,"techno, acid techno, minimal techno"
4oodd2Z1U6Xg5tWMiUb3DN,Unendlichkeit (Remix),172764,70,False,,,,,,"german indie, neue deutsche welle, german indie pop, german indie, german indie pop, techno, hypertechno"
18q8JBkyFztoUMYCpBKdlb,Bound to Be Something Good,245538,19,False,,,,,,
6lrh9jZ1xoMwoErgPSj2rY,All My Love - 1990 Remaster,351266,0,False,,,,,,"classic rock, rock, hard rock, rock and roll"
27SdWb2rFzO6GWiYDBTD9j,Cheap Thrills,211666,77,False,,,,,,
30TJCluQ4nPRTQVDCWctub,Red Lights,303680,23,False,,,,,,"techno, hard house, trance"
6qrWlSKebAvv0EdVkp39fL,Sparks,451634,7,False,,,,,,"melodic techno, melodic house, progressive house"
67I8H5l6JIf7Jv7XFpD8Ho,Epoch,330967,10,False,,,,,,
1pCKUgc3yk3F9Mt0MTX51o,Toni,298120,15,False,,,,,,indie dance
232HDN1OQ12Pdw4qb9wzKu,Give You Up - Darius Remix,324895,0,False,,,,,,"french house, indie soul, nu disco"
2QP0moUeWZ9n50mp4UIo2h,Island (Nôze Remix),381063,0,False,,,,,,schlager
3LADDoMUzvaBXpE1OPgDui,Always,240015,0,False,,,,,,"progressive house, progressive trance, melodic house, chillstep, trance"
4X3qGigyU6ARi3HP4lWD95,Superman,185026,62,False,,,,,,"ska punk, ska, skate punk, punk, pop punk"
2dWf5DgGWPPdbE5nOyjcCh,Bei Nacht - Original Mix,384000,13,False,,,,,,"hard techno, acid techno, techno"
5prTs2HAw2G4idHZyeFp8o,Total Eclipse of the Heart,269786,2,False,,,,,,
6znwCsfcyoHIrNRJj3RE72,Sacred,408173,0,False,,,,,,"minimal techno, melodic house, melodic techno, electronica"
2XvKgq9Xe5MZFXE3JnX0Og,Let It All Out (feat. Angelika Vee) - Leeyou & Danceey Radio Edit,218749,10,False,,,,,,
4LpOPF5RXZhS1GLzclhyaT,My Favourite Game,220413,0,False,,,,,,swedish pop
5jMvdhUBfht7Gi7FT553mX,Shakedown Street,203066,0,False,,,,,,
7jQkiAaa4XYYsPH3rcfcWo,Praise The Lord (Da Shine) (feat. Skepta) - Durdenhauer Edit,163515,69,True,,,,,,"hypertechno, techno, rap, grime, uk grime"
5AyL2kgLtTWEu3qO3B9SqK,Like A G6,216893,75,False,,,,,,
7g85rAPa9iMdnm8DOUVD3f,Look What Your Love Has Done To Me - Amelie Lens Remix,463031,29,False,,,,,,"techno, acid techno, hard techno, industrial, minimal techno, tekno, witch house, techno, acid techno, hard techno, tekno"
5PZN2lQL8IusNEc8L5BeeW,Lies,300466,25,False,,,,,,"chillstep, downtempo, idm, trip hop"
3ZEQt1VMyvTTQgkamnFEgy,Under Water,357514,12,False,,,,,,"melodic techno, acid techno, melodic house, progressive house"
4iH4o3PbnK9XVxtmh4iqMv,Back In My Life - Original Mix,418983,22,False,,,,,,progressive trance
3M32k1qJEsl6J1prAKjVth,Parade,381157,36,False,,,,,,electro
3JLFkS2KMSSS3q0tVUzyRM,Desire,268424,0,False,,,,,,bass house
6D6tWIGq3KZ1DEQi4kvOYl,Anyway (I'm With You),271475,0,False,,,,,,"nu disco, deep house"
0znKzeyw67Takvpt9Y3X9Y,I'll Be Ok (Corky Mix) [feat. JL],254386,2,False,,,,,,"bounce, hard house"
3Wrjm47oTz2sjIgck11l5e,Beggin',211560,84,False,,,,,,
0raVBO6qvDQ9PGQZbdL4qh,Prisoner (feat. Gary Go),305373,0,False,,,,,,"progressive house, dubstep"
3Mpyxi2jxNjqo5qw0Dteo1,Sirens,482024,24,False,,,,,,"melodic techno, melodic house, minimal techno, progressive house, techno"
2m79kI9r7mXd2faiaS6eYO,Voice Of Silence - Edit,214389,45,False,,,,,,"melodic techno, progressive house, melodic house"
22sLuJYcvZOSoLLRYev1s5,Material Girl,240280,71,False,,,,,,
1Vseb5yC0uN4jhpeWF2nhY,Hearts,462629,0,False,,,,,,"trance, progressive trance"
6iPzFPafHG23FomvNwgOLl,Every Step Every Way,214920,0,False,,,,,,
3zOvCNuRh0hX0Bua4eWJbs,Low,274573,43,False,,,,,,
0CaHZUniQtDRZleX6XK9p7,Jealous (I Ain't With It),228026,44,False,,,,,,"nu disco, alternative dance, indie dance"
6L49HdfcQz9BTGvSSGtxS9,Warm Water - Snakehips Remix,253584,0,False,,,,,,
1IebM6KulbvdBzAdsUlmiP,Janna,478000,0,False,,,,,,"minimal techno, melodic techno, deep house, techno, melodic house"
2HFpxRPCVOoTJz47mMT6Kg,Flawless,190012,0,False,,,,,,"nu disco, french house, french indie pop, nu disco, indie soul, retro soul, neo soul"
1SqHHN5Mqy13gHbDGjTaU7,Back to Earth (feat. Fall Out Boy),243746,45,False,,,,,,"electro house, edm, emo, pop punk"
3LI4MmibTkXH5cGpCGZgyw,Teenage Dirtbag,241666,68,False,,,,,,
3mFauwkSewPt9aPUkgztnX,The Kiss,243560,0,False,,,,,,progressive house
4j6ls8FbsOrLk6hLLLeuZc,You Got the Love - Original Mix,272111,2,False,,,,,,"techno, hard techno, acid techno"
4PdJSsESm34djLfBde9Pr2,Would I Lie to You - Radio Edit,197647,62,False,,,,,,"edm, edm"
0pkHYyAIJZICEBaXUCznzN,Falling In Love - Louis La Roche Remix,230515,0,False,,,,,,synthwave
7zMnniaKZXWFebQ9lb982D,Nothing’s Forever (feat. Kučka),238821,0,False,,,,,,
71ide5DBDzwRqq3nLZWuFY,See You In the Other Side,332000,0,False,,,,,,electronica
0OaQKaMdYw6RwY5dcSxGjI,Sky High - Tiësto Edit,134760,0,False,,,,,,"big room, electro house, future house, edm"
1jlKdNbOA90rjnt88GJnwO,La Vuelta Al Mundo,234133,70,False,,,,,,"latin hip hop, latin alternative, reggaeton"
6KsWlu1s8o5ZD3MNdb28Nr,Venus (Meant To Be Your Lover) (Tiësto Remix),457040,0,False,,,,,,"trance, progressive trance"
066zBDcIBXPPkuydTbVYo1,Silk,243986,0,False,,,,,,indie
36bOT34EdRNrNhCWMwNJKu,Just A Girl,208400,0,False,,,,,,
4dV41PHdrCn9aJ00ZMYgq2,We Can Dance Again,196052,24,False,,,,,,"trance, progressive trance, progressive house, electronica, edm, techno, acid techno, hard techno, tekno, minimal techno"
5RJc9Ex116Dx1zHGUOZGgX,Benediction,399310,55,False,,,,,,
5KnDpbZVS27HozDs3oOfJv,Kyrie - Edit,240000,0,False,,,,,,"melodic house, melodic techno, progressive house"
5TLsJtweZUqRa3o0pcR295,Crush - Radio Mix,235000,19,False,,,,,,"trance, progressive trance"
3k9dGCm2R2Y70e87aMHYC3,Hablando a Tu Corazón,255266,60,False,,,,,,"argentine rock, latin rock, rock en español, argentine rock, latin rock, folklore argentino, trova"
5F6WrVyHysJYu8q0lP0nDD,Tourmaline - Mixed,245103,12,False,,,,,,acid techno
6hYyiunELXzyWnhqJhpoHW,Tracking Treasure Down - Original Mix,621640,22,False,,,,,,"trance, progressive trance"
5NNOhlMKhGFODsPv2O4Nuq,Baby,163180,49,False,,,,,,"hard house, eurodance, trance, uk garage, hypertechno"
06KHtnmqGQYx1yaIAVi0Lj,"I, Philip",273182,26,False,,,,,,electro
4SbF2c4IJvwFxlmRgnQ1Uy,Afterglow,282857,20,False,,,,,,"hard techno, techno"
3Eoh6fDSj4LAmdyAjv6HSc,To Be a Noname,355047,0,False,,,,,,"hard techno, techno, acid techno, hardcore techno, tekno"
5rPEVJlL4x5hOGttmxnkF8,Astral Talk,540341,30,False,,,,,,"melodic techno, techno, acid techno, melodic house"
1Xk1N5r79UPSv5TdfwLI9K,Waterfall - Vocal,378000,35,False,,,,,,"deep house, funky house, nu disco, downtempo, afro tech"
0sWcAFIqdK1d4Q3HI2B9Nc,New Order - Blue Monday - ARMA Remix,388800,30,False,,,,,,"hard techno, techno, acid techno"
0KGc8uyIXJdZjyMe8Jihdk,Heavenly Maybe,206960,28,False,,,,,,
53gMlwXTqTXGKO6Lk5oTbe,Remember,401891,0,False,,,,,,"techno, acid techno, hard techno, tekno"
4dTLjrXHpQLkvmKnyMShn9,G.O.D. (Gospel of Doubt) ft Casey Gerald - Spektre Remix,428520,0,False,,,,,,"techno, minimal techno, tech house, techno, acid techno, minimal techno"
5yrHZWuyrOrc4iWnDevono,After Light,222693,0,False,,,,,,future bass
1rqqCSm0Qe4I9rUvWncaom,High Hopes,190946,80,False,,,,,,emo
5liV5IampsZ8ux2jjHPKCh,Burning (feat. Dante Kinnunen),224520,6,False,,,,,,
2KEfaV85rRrijohxW6WJoA,Fenix,384372,15,False,,,,,,"techno, acid techno, techno, acid techno"
5yPZ308lJVhzBw14ptuDeY,Balloons - AKA AKA & Thalstroem Remix,452690,0,False,,,,,,"melodic house, minimal techno, melodic techno, deep house"
2BCaas3HKVlNZAe2Lzfq7x,Luna,170732,39,False,,,,,,"hypertechno, techno"
5esTnUp3cLgKsU2Etci2Ao,Ordinary - Lake People's Circle Motive Remix,499282,49,False,,,,,,minimal techno
4qPTaehSZWKeaIgiIyprLs,Baby I'm Yours (feat. Irfane),215786,0,False,,,,,,"french house, nu disco, french house, nu disco"
6QhwLtNg6BorvSO05vbXnz,Payback,349489,0,False,,,,,,"progressive house, big room, edm, progressive house"
6UHDVi98ePNuyzJpjMJwCI,Our Time Is Now,265382,0,False,,,,,,"french house, french indie pop, nu disco"
4ByEFOBuLXpCqvO1kw8Wdm,(I Just) Died In Your Arms,280400,79,False,,,,,,
2QVRdGi1wU8qbtznzFTVxs,Cold Ghost,442950,0,False,,,,,,"acid techno, techno, hard techno, tekno"
6jYXP1jrYIHkEYglFgeL2Q,Home,330500,60,False,,,,,,"melodic techno, melodic house, afro house, techno, melodic techno, melodic house, melodic techno, melodic house"
79h6g8tTsMYcV5ZL1kQJch,Patience,257424,14,False,,,,,,"lo-fi house, jungle, drum and bass, uk garage"
3XTefle3zvDkjgS1Fiq14A,Insomnia,214386,57,False,,,,,,trip hop
52S91fXkBILefxfhBfCzWX,Escape,494153,8,False,,,,,,"progressive house, melodic techno, melodic house, minimal techno, techno"
4OTDX0aJB81s1MR0m9xyxH,Sand,527000,10,False,,,,,,minimal techno
1clTJy6A3bjlCsdy1FxkfP,Nimbus,392286,11,False,,,,,,"melodic techno, indie dance, melodic house, minimal techno, deep house, techno"
36d6jYjM0djQZFXWsAfWpa,New Way To Be Happy - Matvey Emerson Remix,346229,18,False,,,,,,
5MaRkBsOJyrBuDMzBny61r,Anything Else Feat. Alix Edwards,363960,27,False,,,,,,"lo-fi house, jazz house"
12p3LJyuWdEh6bWFoc60Bk,PARADISE,163147,7,False,,,,,,"techno, future house, house, acid techno, techno, future house, house"
6lFbdi743kgerMZDjSqbuA,Pumped Up,177073,43,False,,,,,,"tropical house, deep house"
1vLVaxrLNu7YbBTbIo7eu0,London Sound,282000,15,False,,,,,,"hard techno, techno, acid techno, tekno"
31g7JATEtYU3uIJBQAc2cW,Shook Pt. 3 - Radio Edit,281904,0,False,,,,,,
2zsWRxMcUdGjj8TnWkVKw0,Hypnotic,176786,61,False,,,,,,
3c0q7c2pNN8mkZqHf5o6j8,Uncharted,511933,26,False,,,,,,"progressive house, melodic techno"
6WK9dVrRABMkUXFLNlgWFh,Enjoy the Silence,255133,74,False,,,,,,"new wave, synthpop, darkwave"
6nuqo0u5Ex03YMRL0SdyLs,Oblivion,219768,45,False,,,,,,"melodic techno, house, progressive house, melodic house, tech house, melodic techno, melodic house, techno, drum and bass"
3xhvI8X8PGCKuKd49ZyFNJ,All My Friends Are Nobodies,183242,38,True,,,,,,"skate punk, punk, pop punk"
5EEsY6Zl4C4T0tTwJWtJrV,No Pressure - Jordan Burns Remix,253447,9,False,,,,,,"tech house, bass house, g-house"
5LWVXN39UpNyhkYnBvDfyq,Cool Girl,197815,0,True,,,,,,
4nOOoo9OJbgnTBNHe5b6nD,Romantika,250145,61,False,,,,,,"techno, hard techno, tekno, gabber, acid techno"
2B0Mt9mDdiL7F267kY7PCS,Blinded - Colyn Remix,343125,0,False,,,,,,"italo disco, indie dance, melodic techno, italo dance, melodic house, melodic techno, melodic house, techno, progressive house"
4kPses4iniq8DoqKHWHtFG,The Granulator,433548,11,False,,,,,,"melodic techno, melodic house, techno, minimal techno, minimal techno, techno"
1NTUoeDjcs6L6j8KuBb8oO,Symbiosis,507225,3,False,,,,,,"melodic techno, indie dance, melodic house, progressive house"
1fd15fT88xkHTZD64mrZVY,Haciendo el Amor,380960,0,False,,,,,,
3SHqcu0jDd1ou4StcHeU4p,Muffle,307566,23,False,,,,,,indie dance
0woZzY4KnPiodU4XLu5ZRx,Man of the Year - Radio Mix,208518,11,False,,,,,,g-house
0pbSwjkHsy65MfyIPQsNs6,Afroki (feat. Bonnie McKee) - Club Edition,363549,13,False,,,,,,"electro house, edm, edm, big room"
5ydeCNaWDmFbu4zl0roPAH,Groovejet (If This Ain't Love) [feat. Sophie Ellis-Bextor],227619,3,False,,,,,,disco house
3fZTD8N43iVkC06CGU7qTL,UNITED,361967,6,False,,,,,,"melodic techno, melodic house, minimal techno, techno, organic house, melodic house, melodic techno, afro house"
7igBdfVoJlyLP1cKp8ynja,Lost You (feat. Twin Shadow & D'Angelo Lacy),218312,1,False,,,,,,"dubstep, edm"
2yv5k06pZ39cWs6IEL3pHa,Young Again - Radio Edit,219631,1,False,,,,,,"big room, edm, progressive house, electronica, symphonic metal, trance, gothic metal"
0U3Y50k6J57a03jcB68Bp8,Relinquished - ALMA Remix,384202,3,False,,,,,,"melodic techno, melodic house, melodic techno, melodic house"
4kieHKOjOp9B0U59yaBZdb,Demut,315701,0,False,,,,,,"hard techno, acid techno, techno, hardcore techno, tekno"
39rCjMwNSGk7xeJ1zZRzuX,Cinderella (She Said Her Name) - Radio Edit,183433,0,False,,,,,,"french house, disco house"
1ja4311zfLHqUL96poSXfP,ONE MORE TIME,208114,62,False,,,,,,"pop punk, punk, rock, skate punk, emo"
3HER2Njuttsq8Qs8sn2G1Y,On The Beat - Full Length Album Mix,357720,44,False,,,,,,"post-disco, disco, funk"
5wOG3kFpEMB9psdUYIYQna,Let Go,448295,8,False,,,,,,"organic house, melodic house, melodic techno, indie dance, melodic techno, melodic house"
5DxJPUlimHn63zdyC7UCr0,Royal,332800,0,False,,,,,,"techno, hard techno, acid techno"
2hLJlK75aNgGU4B076I5v0,Roko,387953,4,False,,,,,,"melodic techno, melodic house, minimal techno, progressive house, techno"
5afHIkEcVhCF1Z1CTqMUXB,Ain't Nobody (Loves Me Better),186146,2,False,,,,,,tropical house
4c9WmjVlQMr0s1IjbYO52Z,My Number,240533,2,False,,,,,,indie
2clKV0Ntg8ek7vbb92DFq7,On the Hill - Mollono.Bass & Ava Remix,400004,0,False,,,,,,"organic house, tribal house, downtempo"
1J4pINOGS2ITvOOYN15KFY,Rob The Bank,216733,0,False,,,,,,britpop
3AhVVxlZItTx212QoL3j9C,Absinth - Mixed,245103,16,False,,,,,,"hard techno, techno, acid techno"
01VTDFZQ4aGRdHR92rSd1T,IDKILY,282906,0,False,,,,,,"melodic house, nu disco"
1t3VYWeWUcf4o8NaGEkEOL,My House,239080,0,False,,,,,,
2sXRSe62Ceg4Kb99sTh3hN,I'll Be There (feat. Maelan),198251,11,False,,,,,,
3XgtRplaKaBn8lxBCAhfwI,Welcome To The Opera (with Grimes),245280,0,False,,,,,,"melodic techno, melodic house, techno, stutter house, art pop"
4gagfSo6yKtWXDicu2oIcr,Do You Want Me,273293,40,False,,,,,,"minimal techno, techno, acid techno"
08kgGQvRC3Cfy1q09suLlw,Crimewave - Crystal Castles VS. Health,258453,0,False,,,,,,"witch house, electroclash, new rave, alternative dance"
3m6KkYKdnbffMpGd9Pm9FP,Seven Nation Army,231920,6,False,,,,,,"garage rock, blues rock, rock, alternative rock"
081fOdMCZPk7D58RLxTIxD,u know,308571,0,False,,,,,,"witch house, darkwave"
4ZTkGG6r8Ipqax0iAl46Mq,Frozen - Short Version,236679,0,False,,,,,,"melodic techno, melodic house"
6fBiLOkPcQ3iFUpmIv88fQ,sure thing (sped up),113053,53,False,,,,,,lo-fi
09FhTsmePmERV5mWBpYBOH,"Please, Stay",605000,36,False,,,,,,"lo-fi house, jazz house"
4JnkXaluAkzeFASpfdLAI7,Analogy,400427,0,False,,,,,,"melodic techno, melodic house, afro house, techno"
7nZNvE2EdKrH127yzBMW8E,Love Is Real,197727,44,False,,,,,,"disco house, lo-fi house, funky house, lo-fi house"
1s9vyvyhLhx5jjFlmbb3es,Anchor - Lush & Simon Remix,315000,12,False,,,,,,"edm, progressive house, progressive trance, progressive house"
09Rv6ctDE0t9z8zk5FINg8,Danielle (smile on my face),201230,61,True,,,,,,"stutter house, house"
0NDhZutn69dvuJBoiOHEm9,Unwritten Esoterics,216889,16,False,,,,,,"indie dance, nu disco, italo disco"
3lLOuE6Z5jlQVqO2bbpC8A,Greece 2000 - KREAM Remix,215040,41,False,,,,,,"trance, trance"
3UhRKYA9kLmbb77hzdTMbR,Un rêve à deux,201521,0,False,,,,,,"nu disco, french house, french indie pop"
0yxGKAoQbBUh2u2FGghUzC,Do You Think About Me?,185500,45,False,,,,,,"hard house, eurodance, trance, hypertechno, hypertechno, techno"
2H66zNHEqwFckqVfxeFxIa,Boavista - Innellea Remix,408003,0,False,,,,,,"melodic techno, minimal techno, techno, melodic house, melodic techno, melodic house, techno, progressive house"
2Mh0jU5IyRTQfpyMnvki5Z,Let You Go - Radio Edit,218973,51,False,,,,,,
3SsSCdNTc2gnZ7aqrCVdnI,Beautiful Girl - Radio Edit,200626,0,False,,,,,,tropical house
2hsIY7nVMNKJbBs96xSHHO,Istanbul,236008,13,False,,,,,,
10Sp3ZHJUkSoYCN9NZO7QL,Zunder,306976,39,False,,,,,,"minimal techno, electro"
4KFKGv2cpn0d2exZwr5x1K,Benz(o) Dealer,209032,18,False,,,,,,witch house
7h7DK2ZHIe4w0id8qkNqla,Iris,218384,1,False,,,,,,"witch house, darkwave"
21ou62oeHsugLd9JL2VXcC,Stargaze - Original Mix,336000,0,False,,,,,,"techno, hard techno, acid techno"
3bfoE6deRVfiq1VBJcftti,ALLEINE - Brutalismus 3000 RMX,189120,51,False,,,,,,"german hip hop, cloud rap, techno, hard techno, tekno, gabber, acid techno"
2H3ZUSE54pST4ubRd5FzFR,Ain't No Mountain High Enough,151666,1,False,,,,,,"motown, classic soul, soul, northern soul, quiet storm, motown"
36ZvYgWivlGx3G11YXReLL,Oui mais Non - Nicolas Julian Remix,162338,46,False,,,,,,"techno, hypertechno, techno, hypertechno, hard techno, tekno"
0bIrl9bmKPztH1TQCTwuEr,Old School,331934,24,False,,,,,,"hard techno, techno, acid techno, tekno"
2PimOJBhxyKvvgrWKgBpAH,Odyssee,460179,19,False,,,,,,"melodic techno, minimal techno, techno, melodic house"
4E8fZb0kEEexPMkIMwPTEj,Panama,406450,42,False,,,,,,
0zXjUo1w3t9MNT6RKYmNHv,VIEWS,288387,55,False,,,,,,stutter house
6i7EW5BMY2KYC4IG1t8MVV,Sleep,218630,38,False,,,,,,"hard house, techno, hard techno"
44IDBp1nDAa1qcoZ6IU7YP,Die Transformation,383095,0,False,,,,,,"techno, acid techno"
2rQqJPrPnA2U0EUx9qHLdf,Prison Planet,454750,0,False,,,,,,"techno, minimal techno, tech house, techno, minimal techno, acid techno, hard techno"
48O0GrGJWml3DzHhC5sJ7a,Karma Chameleon,241600,62,False,,,,,,
45k1XhZysvdsu9owQfXsrw,Paradox,408000,19,False,,,,,,"techno, acid techno, minimal techno, hard techno"
2lSoLfYdOh8rRR2TKNmERE,Take My Time,227996,0,False,,,,,,"tech house, house"
6EThJr4Dq1Y93JspecGU2F,Cigarette Daydreams,208765,0,False,,,,,,
1fBLLpShMpr4DegsUlDWz4,Pretty Face,280434,36,False,,,,,,
1MMz2PWhhXeJFdyUQlQVdH,Arms Around,306568,13,False,,,,,,"rally house, uk garage, breakbeat, bassline, uk funky, uk garage, breakbeat, uk funky, bassline"
4oGBU1s6JDtqXZ7xFACuiJ,Waterfalls,151401,21,False,,,,,,"drift phonk, phonk"
373gDROnujxNTFa1FojYIl,Lost,199342,69,False,,,,,,"nu metal, rap metal, rock, alternative metal"
0pMUR7Uvp6vxlbG0qBFvgM,Better Off Alone,214883,9,False,,,,,,"eurodance, europop"
2nQKIhmapBjiaZGUvCLXnw,Words Fell Down,211360,0,False,,,,,,
5xc5GyCPaHW1e8AzNya83Z,Feel This Way,237096,0,False,,,,,,
3pjRSc5PoXa2LgZyDMjA24,Frequency,363065,0,False,,,,,,"hard techno, techno, acid techno, tekno"
2fP9GLSZcMLA8XhNqhdOX7,Break My Fall (Radio Edit),206533,0,False,,,,,,"edm, trance, big room, house, trance, progressive trance, progressive house"
6v2t8IeVm3UMt9eqXe0y3O,Tut nicht weh,140250,28,False,,,,,,
6faLXLiju97d1y3d72piKa,Born In 1968,307800,0,False,,,,,,"hard techno, techno, acid techno"
34dY6F24RriV5aW7BQaZmM,Must Be The Love - Dannic Remix,211875,14,False,,,,,,"progressive house, trance, big room, progressive trance, trance, trance, progressive trance, progressive house, big room, progressive house, edm, electro house"
13z0WuyNhDPQlwXSr8EY4S,In And Out Of Love - Innellea Remix,218004,40,False,,,,,,"trance, progressive trance, progressive house, electronica, edm, melodic techno, melodic house, techno, progressive house, trance"
2QDiQ50Xv9ICj8lINq1YDK,Come and Get Your Love,211000,47,False,,,,,,
06Nh1yrz0Yro9yNhRsw2P6,All the Same - Original Mix,471170,14,False,,,,,,nu disco
2igwFfvr1OAGX9SKDCPBwO,Empire State Of Mind,276920,84,True,,,,,,"hip hop, east coast hip hop, rap, r&b, neo soul"
7DPZgrjAeDLr4ROa4XPjyf,Different,412196,3,False,,,,,,"techno, acid techno"
4x381AWKVMh0eze0J34WsZ,When Things Go Wrong - Remastered Album Mix,418800,28,False,,,,,,"trance, progressive trance"
4p4mGn6E58WDZj51GykMzT,Indian Summer,267124,0,False,,,,,,britpop
52pduFPbWVQ4zqBVhCj9z2,Therapy,345242,0,False,,,,,,"idm, electronica"
4Q8GGP6Jqx5fSSTYK8vG7N,Maandag - Original Mix,362418,13,False,,,,,,"melodic house, progressive house, melodic techno"
1tnWRkUWav9cSYj9tOCQEI,Energy Fantasy,401263,0,False,,,,,,
0qDBPHQA0z1quCSeqQrbzn,Wolves,190777,0,False,,,,,,"electroclash, new rave, french house"
3J5hUz109tuWH2wvXW6Kyp,After Berlin - Original Mix,413119,0,False,,,,,,"melodic techno, minimal techno, techno, melodic house"
79wzKgYTLmiDYXGXHA2Dar,High Time,281426,32,False,,,,,,
2xLEReg75mzKpqyRs4DDKu,I've Always Liked Grime,408560,0,False,,,,,,lo-fi house
7c0AlAMOJTiArvRiTusaxG,All That - The Knocks Remix,310253,0,False,,,,,,
2ec6A7BVwscwirxa0gnWHj,Together - Radio Edit,188170,0,False,,,,,,"edm, tropical house"
4deba2jLItEN6synngRl8o,Hoffnungsschimmer,286189,0,False,,,,,,"melodic techno, melodic house, techno, progressive house, melodic techno, melodic house, techno"
3TGI4Ne2RNOQVsIgBYtJFE,Sex and Violence,250440,31,False,,,,,,
2o77aVmF5VnuEkD5kNtu67,"Sex, Love & Water",197853,0,True,,,,,,"trance, progressive trance, progressive house, electronica, edm"
4gg6qYC4v7PHn221f7mGuS,Supernova,407516,23,False,,,,,,"hard techno, techno, acid techno, tekno"
6nbUt4NuWKjmFVRkNivY2h,Dynamite,217652,36,False,,,,,,"melodic techno, melodic house, techno, melodic techno, melodic house"
1eU3xrZnlzqxTKHsLRUQvG,Synthadella,243405,20,False,,,,,,"german indie, german indie pop, german pop"
1DgfoSbmoJtiRVzuJ9iFK7,Vapours,358032,41,False,,,,,,"tech house, house, deep house"
0CT3UDVIR7urj2Q0qIi8OE,No More,332373,0,False,,,,,,
1tR0tdHtTapWhGkUAEfgVR,Sacar la Voz,253360,44,False,,,,,,"latin hip hop, trova, singer-songwriter, nueva trova, latin folk, candombe"
0gNdnznYbvnHLNzP3zmNQ4,The Point Of Living - Omnya Remix,232380,39,False,,,,,,"melodic techno, melodic techno"
5OGxMx0isDhF9fHBKiqPSQ,Make Me Cry,310588,25,False,,,,,,"lo-fi house, jazz house"
2GyrX5kqaQeJskyL8TatIy,Poney Pt. I,323000,0,False,,,,,,"electroclash, french house, electro, electronica"
2J3kiT2VuOV8f1JuGyv2No,Take Me Into Your Skin - Original Mix,450562,0,False,,,,,,"minimal techno, electronica"
2ztKKGy3zpmLWC97JZyCpN,Deep Inside,298990,3,False,,,,,,indie dance
0eU6ogqTZmNiARD4PGNaJo,Young Forever,230522,35,False,,,,,,melodic techno
441B57xPTJTUDxMNy2zwtv,Hint of '92,469078,0,False,,,,,,"indie dance, nu disco, melodic techno, melodic house, indie dance"
2KWbHHSSq0B9S5gjKEjfIj,Columba,443888,5,False,,,,,,"melodic techno, melodic house, progressive house"
2RpMHnKzl9tUM8I7DBsjqJ,4th and Roebling,289600,37,False,,,,,,
6Pgmqg15yVexuOgtzuxwoX,Dancing in My Room,180138,65,True,,,,,,
0KlahhzNb98zyN83Vwae0l,Untouched,255360,63,False,,,,,,
0FaaUx6eKTFU7VUvS1c2G1,The Fugue (Contrapunctus X),498750,0,False,,,,,,"techno, minimal techno, acid techno"
1xHryy1j3leJS0gZrDPzbC,Colourblind - Radio Edit,204614,0,False,,,,,,"big room, progressive house, dub techno"
7pZ0GyilVy6tUriFrSfPmD,Flame,419052,13,False,,,,,,"tech house, melodic techno"
0Q1F2YDblewui4j2MoGgX5,HEARTBREAK3000 - Bleeding Heart Mix,349636,36,False,,,,,,"techno, hard techno, hard house, techno, phonk, hard techno, techno"
4YyTSL5nlHICPyX50Gc4aZ,Glacier 3000,329240,32,False,,,,,,"melodic techno, melodic house, minimal techno"
2OSfEYKhlSsLx6vn4O75RK,I Want You Back,178493,59,False,,,,,,"motown, christmas"
2En3lHsSjtfCIln4rhwLjf,Cake News,73626,0,False,,,,,,"french house, french indie pop, downtempo"
2eQeO6nn2hMaMECtoWMT6y,Broken Record,208240,31,False,,,,,,"edm, dubstep"
51Atfveui0ImDj80U2cqfl,Written In Reverse,268267,0,False,,,,,,"edm, trance, big room, house, big room, edm, progressive house, electronica"
0qGvVkfooMAUuQPe0NsFhn,Dreams of U and Me Above the Mezcal Moon,275686,0,False,,,,,,lo-fi house
5LVhOLdKurXGE0rOu4suVA,Off World Lover - Original Mix,265609,0,False,,,,,,
1mvyqSb1tOvtVP1qfWEyPa,1901,193120,1,False,,,,,,indie
48UPSzbZjgc449aqz8bxox,Californication,329733,84,False,,,,,,"funk rock, alternative rock, rock"
4o0LyB69tylqDG6eTGhmig,Fire for You,231825,74,False,,,,,,
1yZBuUYcA0Ug7Y7ImNdhwt,Zodiac,342857,51,False,,,,,,"melodic techno, melodic house, techno"
5IdKFsdqr1Emn1ZqqowfIk,Purple Lanes,159374,35,False,,,,,,"hypertechno, techno"
6yX8Irbef6TNTgX3joPSsL,Foolish Heart,297368,18,False,,,,,,
2vbRo1PVzVTBZCtgvptxRC,Dramatico,242238,35,False,,,,,,"techno, acid techno, techno, acid techno, hard techno"
6gdDu39yYqPcaTgCwYEW8i,Turn On The Lights again.. (feat. Future),267946,62,False,,,,,,"stutter house, house, edm, rap"
2L9r4QSAey3p3qEYDNoq23,Ecccentric,422402,0,False,,,,,,"techno, acid techno"
3D3MiDoVlM390mcxoY5sgr,Books,236380,13,False,,,,,,
4J7CKHCF3mdL4diUsmW8lq,Under Control (feat. Hurts),184280,74,False,,,,,,"edm, edm"
5qpS8gSEodhhemzJMTMDMR,Capella,462580,15,False,,,,,,"melodic techno, melodic house, progressive house, techno, minimal techno"
03rvAMQ4KGS4rrN0R8YL5G,Hydrus - Original Mix,468923,0,False,,,,,,
3sZcGCUXvr45syuNyTUC1Z,Crer-Sendo,207882,0,False,,,,,,nova mpb
17vo1Z8DkuQET1BUqZLG9e,Breathing,286555,14,False,,,,,,lo-fi house
7gKm41SAR6HVYcCELPje3n,Run Away (feat. Jan Blomqvist) - Orginal Version,403284,0,False,,,,,,"minimal techno, deep house, melodic house, melodic techno, deep house"
4XzacjJ1X1EwBEOD7JYgnR,Lucky I Got What I Want,256805,0,False,,,,,,
5pUrfRLMogqISEM5mdSVZo,Night Walk,214633,0,False,,,,,,disco house
15KUiWZCdAq458QQR9eygf,SuperLove,193163,41,False,,,,,,"hyperpop, art pop"
2oX46s90nkZtTbCowHiWVs,You Give Me Something,199600,0,False,,,,,,"acid jazz, funk"
6ztstiyZL6FXzh4aG46ZPD,Boogie Wonderland (with The Emotions),288293,79,False,,,,,,"funk, disco, disco, motown"
3eiMCHTM7zu2ZEKdLoWodo,Tigers - Thylacine Remix,339843,7,False,,,,,,electro
6qOxF7JKKNegcuocn14ukr,Things We Lost In The Fire,240746,59,False,,,,,,
7nKyY4SxH1Vz6eEa2aDgAf,Lovin' Me - FlicFlac Remix,351219,0,False,,,,,,
67Nuf121HAfFXaUpjbglZ4,Solitude,330177,0,False,,,,,,
13dzpIlhBBeZrR0LOFpfUw,Cybernova,245414,42,False,,,,,,"melodic techno, melodic house, techno"
5k2KDcpVLgyy0dr7uzdJit,DANCE WITH ME,188155,56,True,,,,,,"pop punk, punk, rock, skate punk, emo"
0WPAlrwD0JdIdOlPOWbjf2,Facedown,357453,0,False,,,,,,"trance, progressive trance"
0QF02YFlAgQcduyidbwuxg,Make Me Feel,245124,46,False,,,,,,"hard house, techno, phonk, hard techno, hard house, eurodance, hypertechno, trance"
66MpvsWO5O7gy9LjXGFw6I,Maria También,190999,0,False,,,,,,neo-psychedelic
4sWJCVOn705QUBCDt81bPB,O'Neal,354285,32,False,,,,,,lo-fi house
7iEFN1AkZ4ovr0f6iY1dzf,Lights Go Down (Radio Mix) [feat. Curtains],232524,22,True,,,,,,emo rap
64qqAndEvEwOcGlOYZnwqf,Sunglasses at Night,233773,0,False,,,,,,synthpop
0HJBrdktMripVW4LkyM7Ch,All Four Walls,192070,0,False,,,,,,house
18jk6Dx2PsARpxfIHJTTtD,You've Got The Love,168666,0,False,,,,,,baroque pop
5z9XDKsyJUeWg7c0IRVKkG,Lose Myself,180000,28,False,,,,,,tropical house
16koq0SV3LIAXl5V2FfGKM,Convivium,133200,54,False,,,,,,"slap house, italo dance, techno, acid techno, hard techno, tekno"
702bgtK1RC080O8pozq94S,Wide Open,354603,52,False,,,,,,"big beat, alternative dance, electronic, breakbeat"
06Hdbxh6NCy6TIhjdXTchB,Headlights (feat. Ilsey),209208,53,False,,,,,,tropical house
6GUNK3IfP27qt7nhy1MpMP,My Feelings for You - Radio Edit,160053,0,False,,,,,,edm
6ARkW1CAmWcBEc7tCTubf3,Light Enchantment,411215,13,False,,,,,,"acid techno, techno, hard techno, tekno"
5XCkKlLGxGztfipvXlormP,Blaze Of Your Love,227394,4,False,,,,,,"nu disco, deep house"
37LMcYpWZykB8lNII1iKOn,Always - Classixx Remix,331640,0,False,,,,,,
6rK8YLvFotZ78rb9m6MeqE,Do Or Die - Afrojack vs. THIRTY SECONDS TO MARS Remix,278174,0,False,,,,,,"edm, big room"
3aIR34vIOwkPZAdq3AmtoB,Koma,252003,7,False,,,,,,
2UzMpPKPhbcC8RbsmuURAZ,Do I Wanna Know?,272386,1,False,,,,,,"indie, garage rock"
61lqNlVRnWYiR9C7BDJw2l,You Give Love A Bad Name,223146,2,False,,,,,,"glam metal, rock"
0bfeRvbX6Y7BU13QqeA7wf,Metamorphosis - Marie Vaunt Remix,377867,38,False,,,,,,"techno, acid techno, hard techno, acid techno, techno, hard techno"
6s3GEN8wK0OMzzzZbXj0fu,Hymn for the Weekend - Seeb Remix,212647,66,False,,,,,,
0Psz3az3RIYfJpnsajBT8N,Nanã,190826,62,False,,,,,,"french indie pop, french house"
4S1F8nRWikyKlNtrLHAm2w,Totsuka No Tsurugi,483973,23,False,,,,,,"techno, hard techno, acid techno, tekno"
2zGw5a3ar2gmFi93yrDTxA,Klapp Klapp,217119,0,False,,,,,,trip hop
0k93MXOj0kSXo84SvSDeUz,Ocean Drive,206320,2,False,,,,,,house
7Ld52GLxKBEFuydXBQVcqF,Nightrun - Comaduster Remix,301313,24,False,,,,,,"chillstep, downtempo, idm, trip hop, idm, industrial, ebm, industrial rock"
4Fm5E7KOTEKWBR3YwhgMM0,Touch,206250,7,False,,,,,,
5cP52DlDN9yryuZVQDg3iq,Stayin' Alive - 2007 Remastered Version Saturday Night Fever,285373,2,False,,,,,,disco
1dV79yJFrMMSWHUYijFQFM,Young Hearts (Dean Cohen Remix),186000,0,False,,,,,,"big room, melbourne bounce"
6Sy9BUbgFse0n0LPA5lwy5,Sandstorm,225493,71,False,,,,,,eurodance
2Lv7vYpPx68ttqspWdMnvw,Payback,349506,0,False,,,,,,"progressive house, big room, edm, progressive house"
00Gea8cfk0ECPm2Sd2cfqg,Fa-Fa-Fa,306733,0,False,,,,,,"new rave, alternative dance"
5QRhs05R9MOXHQC2OOn5bq,Loss Of Hope,439024,0,False,,,,,,"melodic techno, melodic house, techno, progressive house"
5Ih8kMx63U3j4srsR5UjfU,2094,379000,27,False,,,,,,"hard techno, acid techno, techno, tekno, industrial"
26P0PvxuRYcgzxeHZ4rjD0,DICE,242744,41,False,,,,,,j-rock
6XGddj522FQRHXEhBtjiJu,Strobelite (feat. Peven Everett),272666,59,False,,,,,,"uk garage, jazz house, chicago house, uk funky"
5WKd0kDV08zD5zjmrLZ22S,Extraction,357306,13,False,,,,,,
1CaBDbL18ssME0V0VuH8G3,Dimension Null,382500,22,False,,,,,,"hard techno, techno, acid techno, tekno"
19FrLyYjNcd0IR4N0cRVOv,The Evolution,448000,12,False,,,,,,"acid techno, techno, hard techno"
3hA6TIMx12ERRQI1l3pVLK,Finally - Max Tresher Remix,393432,6,False,,,,,,"melodic techno, melodic house"
4cjYbAMy81xoKpiRmDBgGy,Sun Is Setting,458239,0,False,,,,,,"melodic techno, melodic house, progressive house, organic house, melodic techno, melodic house, downtempo, indie dance, tribal house, melodic techno, organic house, melodic house, indie dance, progressive house"
41Q51frdTDvIruqPWcle7V,Solaris,212012,36,False,,,,,,"afro house, melodic techno, melodic house, liquid funk"
4T5gT94U6lsyjZGI8smDAk,Number One,234098,0,False,,,,,,"progressive trance, trance"
6PhwcqXdFyeEmH5Z4I3zy1,Don't Stop,169014,36,False,,,,,,"trance, progressive trance, hardstyle, big room, melbourne bounce, big room"
50LmpNbi13PKVKIGHBOLNV,Under Control,148773,39,False,,,,,,new rave
1VZcEYRfYUuFywp4ns4pxd,Catch Me,342483,0,False,,,,,,"hard techno, techno, hard house, acid techno, tekno"
7CaQbeNAccfyQrBQqu8X64,Hold On,256007,2,False,,,,,,french house
5RfLtWraBg4wabh27yg09D,Natural High,452882,0,False,,,,,,"melodic techno, melodic house"
08o75xMKmGrKny6GsXrNJW,Little Lies,218040,67,False,,,,,,"classic rock, yacht rock, soft rock"
6Kk7PFknOlwJ5VuqXzmGzz,Muzzle No.1 - Radio Edit,215506,18,False,,,,,,"new rave, electroclash, alternative dance, indie dance"
3k7VNyk3pByIwkLxcjU1I0,Walking On Water,193131,13,False,,,,,,"techno, acid techno, hard techno, tekno, minimal techno, techno, hard techno, acid techno"
7s0lDK7y3XLmI7tcsRAbW0,My Songs Know What You Did In The Dark (Light Em Up),186826,62,False,,,,,,"emo, pop punk"
2XmN4sUQdDwnAwCqTpScMw,Angel 1,346587,44,False,,,,,,"melodic techno, melodic house, techno, stutter house, melodic techno, melodic house, techno, progressive house"
0oEweHsuQagFuqXct9UvBm,What You Know,191426,1,False,,,,,,"indie, indie rock"
6JjWBvHpTLT9ngwr75i5pt,Touch - Solomun Remix,173949,30,False,,,,,,"melodic techno, minimal techno, techno, deep house, melodic house"
6CDzDgIUqeDY5g8ujExx2f,Heat Waves,238805,7,False,,,,,,
68nR0VexSNqdGLzSclaZtG,Fliegen davon,122360,10,False,,,,,,
3wbgLMlONnYx7TSLZoEyzW,Oceans,195000,0,False,,,,,,edm
3MWoJGrKXOTlEBIZzDoZkx,Jump to It,400986,34,False,,,,,,"soul, motown, classic soul, jazz blues"
7pt0UDWnpiVJ1uEMP5iM0P,No Broke Boys - Lee Foss Remix,209333,51,True,,,,,,"stutter house, alternative r&b, tech house, house"
0hiO2RFYyqPfbocxkkZ3wA,Eclipse,282595,40,False,,,,,,"techno, acid techno, hard techno, tekno"
34GmTxmlK3TGlmqYCbcQKT,Cooler Than Me - Single Mix,213293,50,False,,,,,,"nu disco, french house, indie dance"
1V2FYsTya2c1s3YexgshzI,Incomplete (feat. Anu Vora),393485,0,False,,,,,,
3DR7cZ4H4tIULSKl4MTKTO,LWLNDS - Dutch Hour Remix,68870,0,False,,,,,,"hard techno, techno, tekno, acid techno, hard techno, techno, tekno, acid techno"
0ZchbuMsxnO3iZoV0K32Dy,Second Lives - Lifelike Remix,312613,0,False,,,,,,"electroclash, french house, electro, electronica"
5CMjjywI0eZMixPeqNd75R,Lose Yourself to Dance (feat. Pharrell Williams),353893,72,False,,,,,,"french house, electronic, electro"
6eHm8kpxPwQfYhaZ6FbVvY,Tell Me One More Time - Mona Yim Remix,208190,51,False,,,,,,lo-fi house
4jOhrAAym4YRXXp0wwCjQ2,Stellar,228750,15,False,,,,,,progressive house
292b1y8CwfU6QHbhpaptFb,Imaginary,253453,13,False,,,,,,
74rXPs2D7Ztgt6Qm6I118D,The Key to Life on Earth - TSHA Remix,325205,31,False,,,,,,
6H25oaQveD6JAUhUozeiI3,Survive,134656,25,False,,,,,,"anime, soundtrack, vaporwave"
3nI0WVPT0vC3n48Bx7936w,Sing Song,261226,10,False,,,,,,electro
1HLn3hITdl2Zo33y0v6mf3,Drop It - Charlotte de Witte Rework,343536,51,False,,,,,,"happy hardcore, techno, acid techno, hard techno, tekno"
4ck1odV3DkVFENc8vEPtGf,Hot Hands,253090,0,False,,,,,,"french house, indie soul, nu disco"
0B1rCA4jxosOrIQFDqdE8A,Плохая Девочка,135272,0,False,,,,,,"phonk, witch house, drift phonk, electroclash"
5D0iKXx7KqgWQ4LFbnhMNn,Not Too Late - Original Mix,348586,8,False,,,,,,progressive house
385poZDk3lEmonwvCr5XUl,Ihr Werdet Weinen,373138,42,False,,,,,,"hard techno, techno, acid techno, tekno"
19DV9SoxrPWLCupQkevFa4,Galaxy,224500,0,False,,,,,,"trance, progressive trance"
7J7D2Ezp32LxlYuNTZX48n,So Far Away (feat. Jamie Scott & Romy Dya) - Nicky Romero Remix,342857,27,False,,,,,,"edm, electronica, progressive house, edm, big room, edm, electro house, progressive house"
209yd0Hp4hxATSQcAMDntO,Turn the Tide - Original Mix,480893,2,False,,,,,,eurodance
2yMYPjYBmVfl85bvQavtK3,Motion II,332900,12,False,,,,,,"electro, orchestral, opera, classical, opera, orchestral, classical, neoclassical, minimalism"
6uQe7SVjdDlRqDRAi0qnKg,Talking,202844,1,False,,,,,,
2aAV8orZctvbDvVJnMDlBR,Never Win,239640,43,False,,,,,,"electroclash, alternative dance, new rave"
7F9ZEilwyY3tLj4rhAL5PP,Loona,236097,3,False,,,,,,"melodic techno, melodic house, progressive house, techno"
077AjPx334yMPROFwWZOUb,Balearic Mornings (Rave Mix),224444,24,False,,,,,,"techno, acid techno, hard techno, tekno, minimal techno, future house, house, techno, future house, house, acid techno"
2O3n9KQDZO4Peo08WfAb6P,Erq,411147,6,False,,,,,,"minimal techno, afro house, melodic house, melodic techno, melodic techno, melodic house, techno"
38gMx8O5FeBgfax1dV5Zkz,Glowing (Radio Edit) - Marek Hemmann Remix,252923,33,False,,,,,,"minimal techno, electro"
2nVUEKKPv9DDilSZwCcMfu,Canopée des Cîmes,296376,46,False,,,,,,"melodic house, melodic techno, deep house"
3RLC8jJmDOZwrJ5izaISXr,Blackout,210200,55,False,,,,,,
791WQUn8PePLamJVPgGKZC,Café Del Mar - Three 'N One Radio Edit,229600,53,False,,,,,,"trance, trance"
3Jin1pfuh3Y3qnDdKnekKb,Loverus,216960,24,False,,,,,,"bass house, tech house, g-house"
1mYec87UIcT1vcVOEHItOe,Buchla’s Dreaming - Agents Of Time Remix,463962,0,False,,,,,,"melodic techno, melodic house, afro house, techno, melodic techno, melodic house, techno"
5Iw9m0zs2N3P9Jo2UxdCdl,Open My Eyes - Tom Swoon Radio Edit,195000,0,False,,,,,,"progressive house, progressive house, hardstyle, progressive house"
2nVHqZbOGkKWzlcy1aMbE7,Kashmir - 1990 Remaster,508200,2,False,,,,,,"classic rock, rock, hard rock, rock and roll"
2plrjsgUNFn0o61mr3JDRA,Movement,321007,17,False,,,,,,"new rave, electroclash, alternative dance, indie dance"
3jC87fox2sHZKY1VKHw7bx,Lights & Music,277386,0,False,,,,,,"alternative dance, indie dance, indie electronic, new rave"
0iofhe3HgUtzq8yiPDKp1Z,Aylyak,211381,1,False,,,,,,"melodic techno, melodic house, progressive house"
3pkXOrFORXFFV4Bb0S6wOs,Inheritance,210633,9,False,,,,,,"lo-fi house, lo-fi hip hop, lo-fi beats, lo-fi house, lo-fi house, lo-fi hip hop"
0EoOX1ozrWjU0fFaNwVoMg,Vom Fliegen,205967,0,False,,,,,,"german indie, german pop"
75Yc9FmbzI2fuvTCj873bi,Don't Kill My Vibe - BIjou and Ryan Collins Remix,317355,0,False,,,,,,"g-house, g-house, bass house"
0jgh0AwFawsaiuTOiWDzfS,Soundwave - Radio Edit,183750,0,False,,,,,,"slap house, edm"
6U6AtmDatHagZC9hfI8q5I,Cosmic Love,255906,0,False,,,,,,baroque pop
1M600IE8ujvrGKcyAuMRED,Heartbeat - Nicky Romero Edit,302000,0,False,,,,,,"big room, bass house, progressive house, future house, progressive house, big room, edm, electro house, progressive house"
0NWPDWotDiwNs201knUlsH,Dre,522926,0,False,,,,,,"melodic techno, minimal techno, techno, deep house, melodic house"
0GA2lGB4KkxCAqnpWlEEvY,Line of Fire (feat. Karin Park) - Radio Edit,202561,0,False,,,,,,"minimal techno, melodic house, melodic techno, electronica, dark ambient, melodic techno"
06T2VQf8n5kTtyDo8klTvX,Pjanoo - Radio Edit,157432,0,False,,,,,,
1rO4Ew8dCbYWqJ3L6DmJDo,All the Sand in all the Sea,290106,34,False,,,,,,
0mogpLJRPJTCCdy5yV9qhl,Fireworks,264698,23,False,,,,,,"melodic house, deep house, progressive house"
0aVrpFRLlrd5zVyPXWP3mS,Miracle,302740,60,False,,,,,,"melodic techno, melodic house, afro house, techno, melodic techno, melodic house, afro house"
2HGkGgOOSLRgFIGsmwDZbJ,As I Sleep (feat. Charlee) [Gramercy Remix],204590,0,False,,,,,,"deep house, future house"
4BVFVaa1fDo20Ud1q5Gd2N,Everybody Wants To Be Famous,184986,43,False,,,,,,art pop
0z95CqBxQnSQhNnoWTZJKL,Slow Down Love (feat. Chelsea Cutler),157891,34,False,,,,,,
3bqzUDyN8wTCmdyzg6OlF3,SHY,204684,0,False,,,,,,
1WsHKAuN9vDthcmimdqqaY,Your Mind,502969,1,False,,,,,,"techno, minimal techno, acid techno, tech house, techno, minimal techno"
4IWLawtdMznqdOnbOR9cWW,Legacy - Radio Edit,195706,41,False,,,,,,"big room, edm, electro house, progressive house, edm, dubstep"
5YfqiG5TBvCMkWvWrnXRhF,Touch Me,186173,0,False,,,,,,edm
6qTRo9rHGyjtc4FlTuQesc,Foreigner,170000,0,False,,,,,,
1zuKjpp4t7BS8JPKi6mkQr,Angels,171653,0,False,,,,,,
2LsKvF1f5PVm18UZgQrwml,Koala - Radio Edit,195690,47,False,,,,,,"future house, house"
6QWNLZxImCJqqXAxIiEHIi,Gold Skies,328200,0,False,,,,,,"edm, progressive house, big room, edm, electronica, progressive house, edm, big room, electronica, slap house"
5dV8v9sGqh0qt4eGdoJzKg,Weltschmerz,384949,53,False,,,,,,"hard techno, techno, acid techno, tekno"
7ipJZu6VVkPmlqAQ74vLXY,Time - Edit,299902,31,False,,,,,,
6LFVwzq10ior1rK9032bCj,Apollo 11 - (Mixed),100893,14,False,,,,,,"minimal techno, techno, melodic techno, melodic house, tech house, melodic techno, melodic house, techno, progressive house"
22D1qXv47znoAPzQMzlT59,What Would You Do? (feat. Andrés & Amp Fiddler) - Folamour Remix,270152,0,False,,,,,,"disco house, nu disco, neo soul, acid jazz, jazz house, lo-fi house, disco house, funky house"
4N28QlYB0XW6H5gaXBHt6T,1992,404998,46,False,,,,,,lo-fi house
350JkeAoe70gDO1EgSXSa3,Number One Hero - Peter Pardeike Remix,512818,0,False,,,,,,"melodic techno, melodic house, minimal techno"
0Dx2JcexaaBU11URKp9Fc1,Stop (WWW) - Radio Edit,209826,26,False,,,,,,"french house, new rave"
2Klw2Z7Fa4vKddr9DDEWVe,Ugo,358740,0,False,,,,,,stoner rock
1mvZErZBp7WZT3HfGBykao,Cry for You,209800,71,False,,,,,,swedish pop
5BAJDNTutBFJL27pKunac1,Shadow (Maceo Plex Remix),298705,49,False,,,,,,"melodic techno, techno, minimal techno, tech house, dream pop"
5MJ3uvL0YT5jmVtw51L6oZ,Until You Love Me,217000,15,False,,,,,,trance
6ru67yLD5oZ8owpvT2jEAj,Deep Inside,298990,9,False,,,,,,indie dance
3aq24LaCBsnIjJawjdRrI9,The Towers,263555,25,False,,,,,,"acid techno, melodic techno, melodic house"
4gdjZS54vHNBk467zeAqkq,You're Sunshine,176097,54,False,,,,,,"house, disco house"
3bN4tg6rnNPy9GCkGhym4T,Message In A Bottle - Remastered 2003,290280,1,False,,,,,,
0KS8IY5kiBOOnkR5OJKv7K,Heart Attack,210840,1,False,,,,,,
1FpVJ7HpZInE2GvhVE2TwT,Legends Never Die,235000,70,False,,,,,,pop punk
5ruzrDWcT0vuJIOMW7gMnW,The Adults Are Talking,309053,80,False,,,,,,"garage rock, indie rock, alternative rock"
4la6Uv5GD8cWTV35oQ81jy,Fade (feat. Kimblee) - The Bimbo Jones Strings Remix,484880,0,False,,,,,,funky house
0OuGUoNWe91oGkJ0Wh0Je6,Everlasting World - Massano Remix,394838,21,False,,,,,,"melodic techno, melodic house, melodic techno, melodic house, techno"
1lDWb6b6ieDQ2xT7ewTC3G,Somebody Told Me,197160,1,False,,,,,,alternative rock
2LOFNdt3yxKgx72gtArYut,Orchid (Inspired by 'The Outlaw Ocean' a book by Ian Urbina),258536,0,False,,,,,,"melodic techno, melodic house, progressive house, melodic techno"
4oBiLeOqUqSLfsk1zvWuH9,Breaking into My Heart,333241,8,False,,,,,,"tribal house, latin house, funky house, disco house"
3jqq52YvTN2Dnv106z2lIX,Taste of Bitter Love,276946,15,False,,,,,,"motown, classic soul, soul, northern soul"
4RepvCWqsP6zBuzvwYibAS,I Feel It Coming,269186,3,False,,,,,,"french house, electronic, electro"
1Lxk3mCujdrtlgAjCL9VgI,1AM OMW,138000,31,False,,,,,,
0HFx7PLqzGxSfN59j3UHmR,Want to Want Me,207719,41,False,,,,,,
6RkjIKqt09dSasxdX0bH2P,Burning Chrome,427500,0,False,,,,,,"techno, minimal techno, tech house, techno, minimal techno"
78y2jT2oo65EnsEIVxnqhF,Positive Energy Forever,507428,32,False,,,,,,lo-fi house
7JIa42NScxNLiuLIDAdV5r,Miami Showdown,207533,0,False,,,,,,"electroclash, new rave, french house"
5g5QD2ddj7lbEFfv312Wjo,Brighter,281084,32,False,,,,,,
3rVp5HCdkpMkOHlUdlyYye,Ouija,230666,4,False,,,,,,electro
2MSy3Rh8IpOnle4WLFe2tm,Stances,476097,0,False,,,,,,deep house
3TS39If59hqmh0Me2EYcq1,Warm Water - Snakehips Remix,253584,0,False,,,,,,
11jsbGPzyG8mmwoZ5uNtgp,Speeder,290392,38,False,,,,,,synthwave
7Jlqg70T1RhZICoFJmj1Bm,Hate or Glory,288786,49,False,,,,,,
71GqP05AEkzTSSKbNx6HAR,Plage,230493,0,False,,,,,,
4iZPNYqzI2L0uwuUKun7Aa,Stole the Show,222801,57,False,,,,,,tropical house
6j4FfM2pKA9Bfta9sgPvHB,シリウス,266213,35,False,,,,,,"anime, j-pop, j-rock"
6IDywtwTrAkEsmJkPSNs27,Toter Schmetterling - Single Edit,164615,55,False,,,,,,"hard techno, techno, acid techno, tekno, german indie, german indie pop"
6FRtjadDsEhZIQIlh1loEM,To the Moon & Back,341066,60,False,,,,,,
4gqErggWezveQwhnevw6kM,Embrace Me Now,343075,0,False,,,,,,"melodic techno, melodic house, minimal techno, techno"
6kZOfRM1yZUyLGATRhPTuf,Cenote,298335,33,False,,,,,,"melodic techno, melodic house"
0VsPwEFUMG3wYjAKtbddxq,Sneaking Hotdogs into People's Pockets,321720,27,False,,,,,,"techno, tech house"
6Ap8C2waBjLk4NMTwF9mnx,Under the Strobe,389419,19,False,,,,,,"techno, acid techno, hard techno, hard house"
2mMIxvzBeKOCBKRWAz3hU4,Wake Up Time - Original Mix,360011,0,False,,,,,,"melodic techno, progressive trance"
2vfSCFvMbpf4hwxt22Wx7b,In Silence,393740,0,False,,,,,,"techno, acid techno, hard techno, tekno"
4QLMwCkl22SOEBHftdIWjw,Protocol,315076,6,False,,,,,,"indie dance, melodic techno, melodic house"
5sbooPcNgIE22DwO0VNGUJ,POP/STARS,191100,67,False,,,,,,"k-pop, k-pop"
